<svg width="403" height="796" viewBox="0 0 403 796" fill="none" xmlns="http://www.w3.org/2000/svg">
<g clip-path="url(#clip0_5403_3890)">
<rect width="403" height="796" rx="15" fill="#161616"/>
<path d="M18.5565 29V27.978H21.3565V20.096H21.2585L18.7945 22.392L18.1085 21.65L20.6985 19.228H22.5325V27.978H25.1085V29H18.5565ZM29.9611 29.126C29.5784 29.126 29.3077 29.0467 29.1491 28.888C28.9997 28.7293 28.9251 28.5287 28.9251 28.286V28.034C28.9251 27.7913 28.9997 27.5907 29.1491 27.432C29.3077 27.2733 29.5784 27.194 29.9611 27.194C30.3437 27.194 30.6097 27.2733 30.7591 27.432C30.9177 27.5907 30.9971 27.7913 30.9971 28.034V28.286C30.9971 28.5287 30.9177 28.7293 30.7591 28.888C30.6097 29.0467 30.3437 29.126 29.9611 29.126ZM39.46 29V19.228H43.016C43.9213 19.228 44.612 19.4753 45.088 19.97C45.564 20.4647 45.802 21.1553 45.802 22.042C45.802 22.9287 45.564 23.6193 45.088 24.114C44.612 24.6087 43.9213 24.856 43.016 24.856H40.636V29H39.46ZM40.636 23.834H42.988C43.4827 23.834 43.8653 23.7127 44.136 23.47C44.416 23.218 44.556 22.8633 44.556 22.406V21.678C44.556 21.2207 44.416 20.8707 44.136 20.628C43.8653 20.376 43.4827 20.25 42.988 20.25H40.636V23.834ZM49.2545 29V19.228H55.2745V20.25H50.4305V23.54H55.1065V24.562H50.4305V27.978H55.2745V29H49.2545ZM61.4151 24.548H60.4491L59.0211 29H57.8171L58.9931 25.29C59.0677 25.066 59.1424 24.8793 59.2171 24.73C59.2917 24.5807 59.3664 24.464 59.4411 24.38C59.5251 24.2867 59.6091 24.2167 59.6931 24.17C59.7864 24.1233 59.8844 24.0907 59.9871 24.072V24.002C59.7911 23.9553 59.6184 23.8527 59.4691 23.694C59.3197 23.5353 59.1891 23.2553 59.0771 22.854L58.0411 19.228H59.1891L60.4491 23.54H61.4151V19.228H62.5631V23.54H63.5291L64.8031 19.228H65.9371L64.8871 22.84C64.7657 23.2507 64.6351 23.5353 64.4951 23.694C64.3551 23.8527 64.1871 23.9553 63.9911 24.002V24.072C64.0937 24.0907 64.1917 24.1233 64.2851 24.17C64.3784 24.2167 64.4671 24.2867 64.5511 24.38C64.6351 24.4733 64.7097 24.5947 64.7751 24.744C64.8497 24.884 64.9244 25.066 64.9991 25.29L66.1611 29H64.9431L63.5291 24.548H62.5631V29H61.4151V24.548ZM68.7036 19.228H69.8796V24.156L69.6836 26.984H69.7536L73.7436 19.228H74.8636V29H73.6876V24.072L73.8836 21.244H73.8136L69.8236 29H68.7036V19.228ZM83.7481 24.1V21.006H83.6361L81.5781 26.032L79.5201 21.006H79.4081V24.1V29H78.3301V19.228H79.8421L81.5641 23.54H81.6481L83.3701 19.228H84.8261V29H83.7481V24.1Z" fill="#707070"/>
<rect x="20" y="55" width="12" height="12" rx="6" fill="#707070" fill-opacity="0.3"/>
<path d="M44.338 66.18C43.478 66.18 42.752 65.99 42.16 65.61C41.568 65.226 41.12 64.696 40.816 64.02C40.512 63.344 40.36 62.564 40.36 61.68C40.36 60.796 40.512 60.016 40.816 59.34C41.12 58.664 41.568 58.136 42.16 57.756C42.752 57.372 43.478 57.18 44.338 57.18C45.342 57.18 46.162 57.438 46.798 57.954C47.434 58.466 47.87 59.154 48.106 60.018L47.206 60.252C47.022 59.568 46.692 59.026 46.216 58.626C45.74 58.226 45.114 58.026 44.338 58.026C43.662 58.026 43.1 58.18 42.652 58.488C42.204 58.796 41.866 59.226 41.638 59.778C41.414 60.326 41.298 60.96 41.29 61.68C41.286 62.4 41.396 63.034 41.62 63.582C41.848 64.13 42.188 64.56 42.64 64.872C43.096 65.18 43.662 65.334 44.338 65.334C45.114 65.334 45.74 65.134 46.216 64.734C46.692 64.33 47.022 63.788 47.206 63.108L48.106 63.342C47.87 64.206 47.434 64.896 46.798 65.412C46.162 65.924 45.342 66.18 44.338 66.18ZM50.6238 66L50.6298 59.52H51.5178V62.64L54.4098 59.52H55.5858L52.5498 62.76L55.9818 66H54.6978L51.5178 62.88V66H50.6238ZM59.637 66.18C59.149 66.18 58.739 66.092 58.407 65.916C58.079 65.74 57.833 65.506 57.669 65.214C57.505 64.922 57.423 64.604 57.423 64.26C57.423 63.908 57.493 63.608 57.633 63.36C57.777 63.108 57.971 62.902 58.215 62.742C58.463 62.582 58.749 62.46 59.073 62.376C59.401 62.296 59.763 62.226 60.159 62.166C60.559 62.102 60.949 62.048 61.329 62.004C61.713 61.956 62.049 61.91 62.337 61.866L62.025 62.058C62.037 61.418 61.913 60.944 61.653 60.636C61.393 60.328 60.941 60.174 60.297 60.174C59.853 60.174 59.477 60.274 59.169 60.474C58.865 60.674 58.651 60.99 58.527 61.422L57.669 61.17C57.817 60.59 58.115 60.14 58.563 59.82C59.011 59.5 59.593 59.34 60.309 59.34C60.901 59.34 61.403 59.452 61.815 59.676C62.231 59.896 62.525 60.216 62.697 60.636C62.777 60.824 62.829 61.034 62.853 61.266C62.877 61.498 62.889 61.734 62.889 61.974V66H62.103V64.374L62.331 64.47C62.111 65.026 61.769 65.45 61.305 65.742C60.841 66.034 60.285 66.18 59.637 66.18ZM59.739 65.418C60.151 65.418 60.511 65.344 60.819 65.196C61.127 65.048 61.375 64.846 61.563 64.59C61.751 64.33 61.873 64.038 61.929 63.714C61.977 63.506 62.003 63.278 62.007 63.03C62.011 62.778 62.013 62.59 62.013 62.466L62.349 62.64C62.049 62.68 61.723 62.72 61.371 62.76C61.023 62.8 60.679 62.846 60.339 62.898C60.003 62.95 59.699 63.012 59.427 63.084C59.243 63.136 59.065 63.21 58.893 63.306C58.721 63.398 58.579 63.522 58.467 63.678C58.359 63.834 58.305 64.028 58.305 64.26C58.305 64.448 58.351 64.63 58.443 64.806C58.539 64.982 58.691 65.128 58.899 65.244C59.111 65.36 59.391 65.418 59.739 65.418ZM69.6169 66V63.588C69.4009 63.696 69.1349 63.79 68.8189 63.87C68.5029 63.95 68.1629 63.99 67.7989 63.99C67.1429 63.99 66.6109 63.844 66.2029 63.552C65.7949 63.26 65.5289 62.838 65.4049 62.286C65.3649 62.122 65.3369 61.948 65.3209 61.764C65.3089 61.58 65.3009 61.414 65.2969 61.266C65.2929 61.118 65.2909 61.012 65.2909 60.948V59.52H66.1789V60.948C66.1789 61.08 66.1829 61.23 66.1909 61.398C66.1989 61.566 66.2169 61.73 66.2449 61.89C66.3249 62.326 66.5049 62.656 66.7849 62.88C67.0689 63.104 67.4669 63.216 67.9789 63.216C68.2989 63.216 68.6009 63.176 68.8849 63.096C69.1729 63.012 69.4169 62.9 69.6169 62.76V59.52H70.4989V66H69.6169ZM78.5263 59.52V66H77.6683V60.954L74.1163 66H73.3723V59.52H74.2303V64.524L77.7883 59.52H78.5263ZM81.4043 66V59.52H84.0743C84.2103 59.52 84.3743 59.528 84.5663 59.544C84.7623 59.56 84.9443 59.59 85.1123 59.634C85.4763 59.73 85.7683 59.926 85.9883 60.222C86.2123 60.518 86.3243 60.874 86.3243 61.29C86.3243 61.522 86.2883 61.73 86.2163 61.914C86.1483 62.094 86.0503 62.25 85.9223 62.382C85.8623 62.45 85.7963 62.51 85.7243 62.562C85.6523 62.61 85.5823 62.65 85.5143 62.682C85.6423 62.706 85.7803 62.762 85.9283 62.85C86.1603 62.986 86.3363 63.17 86.4563 63.402C86.5763 63.63 86.6363 63.908 86.6363 64.236C86.6363 64.68 86.5303 65.042 86.3183 65.322C86.1063 65.602 85.8223 65.794 85.4663 65.898C85.3063 65.942 85.1323 65.97 84.9443 65.982C84.7603 65.994 84.5863 66 84.4223 66H81.4043ZM82.2923 65.25H84.3803C84.4643 65.25 84.5703 65.244 84.6983 65.232C84.8263 65.216 84.9403 65.196 85.0403 65.172C85.2763 65.112 85.4483 64.992 85.5563 64.812C85.6683 64.628 85.7243 64.428 85.7243 64.212C85.7243 63.928 85.6403 63.696 85.4723 63.516C85.3083 63.332 85.0883 63.22 84.8123 63.18C84.7203 63.16 84.6243 63.148 84.5243 63.144C84.4243 63.14 84.3343 63.138 84.2543 63.138H82.2923V65.25ZM82.2923 62.382H84.1043C84.2083 62.382 84.3243 62.376 84.4523 62.364C84.5843 62.348 84.6983 62.322 84.7943 62.286C85.0023 62.214 85.1543 62.09 85.2503 61.914C85.3503 61.738 85.4003 61.546 85.4003 61.338C85.4003 61.11 85.3463 60.91 85.2383 60.738C85.1343 60.566 84.9763 60.446 84.7643 60.378C84.6203 60.326 84.4643 60.296 84.2963 60.288C84.1323 60.28 84.0283 60.276 83.9843 60.276H82.2923V62.382ZM90.8862 66.18C90.3982 66.18 89.9882 66.092 89.6562 65.916C89.3282 65.74 89.0822 65.506 88.9182 65.214C88.7542 64.922 88.6722 64.604 88.6722 64.26C88.6722 63.908 88.7422 63.608 88.8822 63.36C89.0262 63.108 89.2202 62.902 89.4642 62.742C89.7122 62.582 89.9982 62.46 90.3222 62.376C90.6502 62.296 91.0122 62.226 91.4082 62.166C91.8082 62.102 92.1982 62.048 92.5782 62.004C92.9622 61.956 93.2982 61.91 93.5862 61.866L93.2742 62.058C93.2862 61.418 93.1622 60.944 92.9022 60.636C92.6422 60.328 92.1902 60.174 91.5462 60.174C91.1022 60.174 90.7262 60.274 90.4182 60.474C90.1142 60.674 89.9002 60.99 89.7762 61.422L88.9182 61.17C89.0662 60.59 89.3642 60.14 89.8122 59.82C90.2602 59.5 90.8422 59.34 91.5582 59.34C92.1502 59.34 92.6522 59.452 93.0642 59.676C93.4802 59.896 93.7742 60.216 93.9462 60.636C94.0262 60.824 94.0782 61.034 94.1022 61.266C94.1262 61.498 94.1382 61.734 94.1382 61.974V66H93.3522V64.374L93.5802 64.47C93.3602 65.026 93.0182 65.45 92.5542 65.742C92.0902 66.034 91.5342 66.18 90.8862 66.18ZM90.9882 65.418C91.4002 65.418 91.7602 65.344 92.0682 65.196C92.3762 65.048 92.6242 64.846 92.8122 64.59C93.0002 64.33 93.1222 64.038 93.1782 63.714C93.2262 63.506 93.2522 63.278 93.2562 63.03C93.2602 62.778 93.2622 62.59 93.2622 62.466L93.5982 62.64C93.2982 62.68 92.9722 62.72 92.6202 62.76C92.2722 62.8 91.9282 62.846 91.5882 62.898C91.2522 62.95 90.9482 63.012 90.6762 63.084C90.4922 63.136 90.3142 63.21 90.1422 63.306C89.9702 63.398 89.8282 63.522 89.7162 63.678C89.6082 63.834 89.5542 64.028 89.5542 64.26C89.5542 64.448 89.6002 64.63 89.6922 64.806C89.7882 64.982 89.9402 65.128 90.1482 65.244C90.3602 65.36 90.6402 65.418 90.9882 65.418ZM96.8942 66V59.52H97.7762V62.334H101.43V59.52H102.312V66H101.43V63.18H97.7762V66H96.8942ZM110.338 59.52V66H109.48V60.954L105.928 66H105.184V59.52H106.042V64.524L109.6 59.52H110.338ZM115.964 66.18C115.332 66.18 114.784 66.04 114.32 65.76C113.86 65.48 113.502 65.086 113.246 64.578C112.99 64.07 112.862 63.474 112.862 62.79C112.862 62.082 112.988 61.47 113.24 60.954C113.492 60.438 113.846 60.04 114.302 59.76C114.762 59.48 115.304 59.34 115.928 59.34C116.568 59.34 117.114 59.488 117.566 59.784C118.018 60.076 118.36 60.496 118.592 61.044C118.824 61.592 118.93 62.246 118.91 63.006H118.01V62.694C117.994 61.854 117.812 61.22 117.464 60.792C117.12 60.364 116.616 60.15 115.952 60.15C115.256 60.15 114.722 60.376 114.35 60.828C113.982 61.28 113.798 61.924 113.798 62.76C113.798 63.576 113.982 64.21 114.35 64.662C114.722 65.11 115.248 65.334 115.928 65.334C116.392 65.334 116.796 65.228 117.14 65.016C117.488 64.8 117.762 64.49 117.962 64.086L118.784 64.404C118.528 64.968 118.15 65.406 117.65 65.718C117.154 66.026 116.592 66.18 115.964 66.18ZM113.486 63.006V62.268H118.436V63.006H113.486ZM125.038 66V59.52H130.192V66H129.31V60.366H125.92V66H125.038ZM135.782 66.18C135.138 66.18 134.588 66.034 134.132 65.742C133.676 65.45 133.326 65.046 133.082 64.53C132.838 64.014 132.716 63.422 132.716 62.754C132.716 62.074 132.84 61.478 133.088 60.966C133.336 60.454 133.688 60.056 134.144 59.772C134.604 59.484 135.15 59.34 135.782 59.34C136.43 59.34 136.982 59.486 137.438 59.778C137.898 60.066 138.248 60.468 138.488 60.984C138.732 61.496 138.854 62.086 138.854 62.754C138.854 63.434 138.732 64.032 138.488 64.548C138.244 65.06 137.892 65.46 137.432 65.748C136.972 66.036 136.422 66.18 135.782 66.18ZM135.782 65.334C136.502 65.334 137.038 65.096 137.39 64.62C137.742 64.14 137.918 63.518 137.918 62.754C137.918 61.97 137.74 61.346 137.384 60.882C137.032 60.418 136.498 60.186 135.782 60.186C135.298 60.186 134.898 60.296 134.582 60.516C134.27 60.732 134.036 61.034 133.88 61.422C133.728 61.806 133.652 62.25 133.652 62.754C133.652 63.534 133.832 64.16 134.192 64.632C134.552 65.1 135.082 65.334 135.782 65.334ZM147.668 66.18C147.016 66.18 146.464 66.034 146.012 65.742C145.56 65.45 145.216 65.048 144.98 64.536C144.748 64.02 144.628 63.428 144.62 62.76C144.628 62.08 144.752 61.484 144.992 60.972C145.232 60.456 145.578 60.056 146.03 59.772C146.482 59.484 147.03 59.34 147.674 59.34C148.33 59.34 148.9 59.5 149.384 59.82C149.872 60.14 150.206 60.578 150.386 61.134L149.522 61.41C149.37 61.022 149.128 60.722 148.796 60.51C148.468 60.294 148.092 60.186 147.668 60.186C147.192 60.186 146.798 60.296 146.486 60.516C146.174 60.732 145.942 61.034 145.79 61.422C145.638 61.81 145.56 62.256 145.556 62.76C145.564 63.536 145.744 64.16 146.096 64.632C146.448 65.1 146.972 65.334 147.668 65.334C148.108 65.334 148.482 65.234 148.79 65.034C149.102 64.83 149.338 64.534 149.498 64.146L150.386 64.41C150.146 64.986 149.794 65.426 149.33 65.73C148.866 66.03 148.312 66.18 147.668 66.18ZM155.337 66.18C154.685 66.18 154.133 66.034 153.681 65.742C153.229 65.45 152.885 65.048 152.649 64.536C152.417 64.02 152.297 63.428 152.289 62.76C152.297 62.08 152.421 61.484 152.661 60.972C152.901 60.456 153.247 60.056 153.699 59.772C154.151 59.484 154.699 59.34 155.343 59.34C155.999 59.34 156.569 59.5 157.053 59.82C157.541 60.14 157.875 60.578 158.055 61.134L157.191 61.41C157.039 61.022 156.797 60.722 156.465 60.51C156.137 60.294 155.761 60.186 155.337 60.186C154.861 60.186 154.467 60.296 154.155 60.516C153.843 60.732 153.611 61.034 153.459 61.422C153.307 61.81 153.229 62.256 153.225 62.76C153.233 63.536 153.413 64.16 153.765 64.632C154.117 65.1 154.641 65.334 155.337 65.334C155.777 65.334 156.151 65.234 156.459 65.034C156.771 64.83 157.007 64.534 157.167 64.146L158.055 64.41C157.815 64.986 157.463 65.426 156.999 65.73C156.535 66.03 155.981 66.18 155.337 66.18ZM160.499 66L160.487 59.52H161.375V61.962H162.503C162.691 61.962 162.875 61.966 163.055 61.974C163.235 61.982 163.397 61.998 163.541 62.022C163.861 62.086 164.145 62.194 164.393 62.346C164.641 62.498 164.837 62.708 164.981 62.976C165.125 63.24 165.197 63.574 165.197 63.978C165.197 64.534 165.053 64.972 164.765 65.292C164.477 65.612 164.115 65.82 163.679 65.916C163.515 65.952 163.337 65.976 163.145 65.988C162.953 65.996 162.765 66 162.581 66H160.499ZM161.375 65.244H162.545C162.677 65.244 162.827 65.24 162.995 65.232C163.163 65.224 163.311 65.202 163.439 65.166C163.655 65.106 163.849 64.986 164.021 64.806C164.197 64.622 164.285 64.346 164.285 63.978C164.285 63.614 164.201 63.34 164.033 63.156C163.865 62.968 163.641 62.844 163.361 62.784C163.233 62.756 163.097 62.738 162.953 62.73C162.813 62.722 162.677 62.718 162.545 62.718H161.375V65.244ZM165.971 66V59.52H166.853V66H165.971ZM169.132 66V65.226C169.372 65.27 169.554 65.26 169.678 65.196C169.806 65.128 169.9 65.016 169.96 64.86C170.02 64.7 170.07 64.502 170.11 64.266C170.174 63.874 170.232 63.442 170.284 62.97C170.336 62.498 170.382 61.978 170.422 61.41C170.466 60.838 170.51 60.208 170.554 59.52H174.958V66H174.082V60.366H171.37C171.342 60.79 171.31 61.212 171.274 61.632C171.238 62.052 171.2 62.456 171.16 62.844C171.124 63.228 171.084 63.582 171.04 63.906C170.996 64.23 170.95 64.51 170.902 64.746C170.83 65.102 170.734 65.386 170.614 65.598C170.498 65.81 170.324 65.95 170.092 66.018C169.86 66.086 169.54 66.08 169.132 66ZM177.829 66L177.835 59.52H178.723V62.64L181.615 59.52H182.791L179.755 62.76L183.187 66H181.903L178.723 62.88V66H177.829ZM187.495 66.18C186.863 66.18 186.315 66.04 185.851 65.76C185.391 65.48 185.033 65.086 184.777 64.578C184.521 64.07 184.393 63.474 184.393 62.79C184.393 62.082 184.519 61.47 184.771 60.954C185.023 60.438 185.377 60.04 185.833 59.76C186.293 59.48 186.835 59.34 187.459 59.34C188.099 59.34 188.645 59.488 189.097 59.784C189.549 60.076 189.891 60.496 190.123 61.044C190.355 61.592 190.461 62.246 190.441 63.006H189.541V62.694C189.525 61.854 189.343 61.22 188.995 60.792C188.651 60.364 188.147 60.15 187.483 60.15C186.787 60.15 186.253 60.376 185.881 60.828C185.513 61.28 185.329 61.924 185.329 62.76C185.329 63.576 185.513 64.21 185.881 64.662C186.253 65.11 186.779 65.334 187.459 65.334C187.923 65.334 188.327 65.228 188.671 65.016C189.019 64.8 189.293 64.49 189.493 64.086L190.315 64.404C190.059 64.968 189.681 65.406 189.181 65.718C188.685 66.026 188.123 66.18 187.495 66.18ZM185.017 63.006V62.268H189.967V63.006H185.017Z" fill="#B4B4B4"/>
<rect x="371.5" y="54" width="14" height="14" rx="7" stroke="#707070"/>
<path d="M378.42 63.9049C378.974 63.9534 379.323 63.4307 379.684 63.0971C379.759 63.0809 379.752 63.2012 379.732 63.2467C379.665 63.4085 379.118 64.1769 378.979 64.3133C378.32 64.9665 376.469 65.5357 376.663 64.1283C376.741 63.5622 378.064 60.4017 377.914 60.2663C377.384 60.24 376.914 60.6292 376.549 60.973C376.494 60.5675 377.237 59.9195 377.608 59.7072C378.288 59.3169 379.99 58.9499 379.815 60.1884C379.737 60.7424 378.239 63.7229 378.42 63.9049Z" fill="#707070"/>
<path d="M379 57.0563C380.748 56.6064 380.945 58.9944 379.456 59.1329C378.228 59.2472 377.913 57.3363 379 57.0563Z" fill="#707070"/>
<rect x="20.5" y="79.5" width="11" height="11" rx="5.5" fill="#E85935" fill-opacity="0.2"/>
<rect x="20.5" y="79.5" width="11" height="11" rx="5.5" stroke="#E85935"/>
<circle cx="26" cy="85" r="3.5" fill="#E85935"/>
<path d="M44.338 90.18C43.478 90.18 42.752 89.99 42.16 89.61C41.568 89.226 41.12 88.696 40.816 88.02C40.512 87.344 40.36 86.564 40.36 85.68C40.36 84.796 40.512 84.016 40.816 83.34C41.12 82.664 41.568 82.136 42.16 81.756C42.752 81.372 43.478 81.18 44.338 81.18C45.342 81.18 46.162 81.438 46.798 81.954C47.434 82.466 47.87 83.154 48.106 84.018L47.206 84.252C47.022 83.568 46.692 83.026 46.216 82.626C45.74 82.226 45.114 82.026 44.338 82.026C43.662 82.026 43.1 82.18 42.652 82.488C42.204 82.796 41.866 83.226 41.638 83.778C41.414 84.326 41.298 84.96 41.29 85.68C41.286 86.4 41.396 87.034 41.62 87.582C41.848 88.13 42.188 88.56 42.64 88.872C43.096 89.18 43.662 89.334 44.338 89.334C45.114 89.334 45.74 89.134 46.216 88.734C46.692 88.33 47.022 87.788 47.206 87.108L48.106 87.342C47.87 88.206 47.434 88.896 46.798 89.412C46.162 89.924 45.342 90.18 44.338 90.18ZM50.6238 90L50.6298 83.52H51.5178V86.64L54.4098 83.52H55.5858L52.5498 86.76L55.9818 90H54.6978L51.5178 86.88V90H50.6238ZM59.637 90.18C59.149 90.18 58.739 90.092 58.407 89.916C58.079 89.74 57.833 89.506 57.669 89.214C57.505 88.922 57.423 88.604 57.423 88.26C57.423 87.908 57.493 87.608 57.633 87.36C57.777 87.108 57.971 86.902 58.215 86.742C58.463 86.582 58.749 86.46 59.073 86.376C59.401 86.296 59.763 86.226 60.159 86.166C60.559 86.102 60.949 86.048 61.329 86.004C61.713 85.956 62.049 85.91 62.337 85.866L62.025 86.058C62.037 85.418 61.913 84.944 61.653 84.636C61.393 84.328 60.941 84.174 60.297 84.174C59.853 84.174 59.477 84.274 59.169 84.474C58.865 84.674 58.651 84.99 58.527 85.422L57.669 85.17C57.817 84.59 58.115 84.14 58.563 83.82C59.011 83.5 59.593 83.34 60.309 83.34C60.901 83.34 61.403 83.452 61.815 83.676C62.231 83.896 62.525 84.216 62.697 84.636C62.777 84.824 62.829 85.034 62.853 85.266C62.877 85.498 62.889 85.734 62.889 85.974V90H62.103V88.374L62.331 88.47C62.111 89.026 61.769 89.45 61.305 89.742C60.841 90.034 60.285 90.18 59.637 90.18ZM59.739 89.418C60.151 89.418 60.511 89.344 60.819 89.196C61.127 89.048 61.375 88.846 61.563 88.59C61.751 88.33 61.873 88.038 61.929 87.714C61.977 87.506 62.003 87.278 62.007 87.03C62.011 86.778 62.013 86.59 62.013 86.466L62.349 86.64C62.049 86.68 61.723 86.72 61.371 86.76C61.023 86.8 60.679 86.846 60.339 86.898C60.003 86.95 59.699 87.012 59.427 87.084C59.243 87.136 59.065 87.21 58.893 87.306C58.721 87.398 58.579 87.522 58.467 87.678C58.359 87.834 58.305 88.028 58.305 88.26C58.305 88.448 58.351 88.63 58.443 88.806C58.539 88.982 58.691 89.128 58.899 89.244C59.111 89.36 59.391 89.418 59.739 89.418ZM69.6169 90V87.588C69.4009 87.696 69.1349 87.79 68.8189 87.87C68.5029 87.95 68.1629 87.99 67.7989 87.99C67.1429 87.99 66.6109 87.844 66.2029 87.552C65.7949 87.26 65.5289 86.838 65.4049 86.286C65.3649 86.122 65.3369 85.948 65.3209 85.764C65.3089 85.58 65.3009 85.414 65.2969 85.266C65.2929 85.118 65.2909 85.012 65.2909 84.948V83.52H66.1789V84.948C66.1789 85.08 66.1829 85.23 66.1909 85.398C66.1989 85.566 66.2169 85.73 66.2449 85.89C66.3249 86.326 66.5049 86.656 66.7849 86.88C67.0689 87.104 67.4669 87.216 67.9789 87.216C68.2989 87.216 68.6009 87.176 68.8849 87.096C69.1729 87.012 69.4169 86.9 69.6169 86.76V83.52H70.4989V90H69.6169ZM78.5263 83.52V90H77.6683V84.954L74.1163 90H73.3723V83.52H74.2303V88.524L77.7883 83.52H78.5263ZM81.4043 90V83.52H84.0743C84.2103 83.52 84.3743 83.528 84.5663 83.544C84.7623 83.56 84.9443 83.59 85.1123 83.634C85.4763 83.73 85.7683 83.926 85.9883 84.222C86.2123 84.518 86.3243 84.874 86.3243 85.29C86.3243 85.522 86.2883 85.73 86.2163 85.914C86.1483 86.094 86.0503 86.25 85.9223 86.382C85.8623 86.45 85.7963 86.51 85.7243 86.562C85.6523 86.61 85.5823 86.65 85.5143 86.682C85.6423 86.706 85.7803 86.762 85.9283 86.85C86.1603 86.986 86.3363 87.17 86.4563 87.402C86.5763 87.63 86.6363 87.908 86.6363 88.236C86.6363 88.68 86.5303 89.042 86.3183 89.322C86.1063 89.602 85.8223 89.794 85.4663 89.898C85.3063 89.942 85.1323 89.97 84.9443 89.982C84.7603 89.994 84.5863 90 84.4223 90H81.4043ZM82.2923 89.25H84.3803C84.4643 89.25 84.5703 89.244 84.6983 89.232C84.8263 89.216 84.9403 89.196 85.0403 89.172C85.2763 89.112 85.4483 88.992 85.5563 88.812C85.6683 88.628 85.7243 88.428 85.7243 88.212C85.7243 87.928 85.6403 87.696 85.4723 87.516C85.3083 87.332 85.0883 87.22 84.8123 87.18C84.7203 87.16 84.6243 87.148 84.5243 87.144C84.4243 87.14 84.3343 87.138 84.2543 87.138H82.2923V89.25ZM82.2923 86.382H84.1043C84.2083 86.382 84.3243 86.376 84.4523 86.364C84.5843 86.348 84.6983 86.322 84.7943 86.286C85.0023 86.214 85.1543 86.09 85.2503 85.914C85.3503 85.738 85.4003 85.546 85.4003 85.338C85.4003 85.11 85.3463 84.91 85.2383 84.738C85.1343 84.566 84.9763 84.446 84.7643 84.378C84.6203 84.326 84.4643 84.296 84.2963 84.288C84.1323 84.28 84.0283 84.276 83.9843 84.276H82.2923V86.382ZM90.8862 90.18C90.3982 90.18 89.9882 90.092 89.6562 89.916C89.3282 89.74 89.0822 89.506 88.9182 89.214C88.7542 88.922 88.6722 88.604 88.6722 88.26C88.6722 87.908 88.7422 87.608 88.8822 87.36C89.0262 87.108 89.2202 86.902 89.4642 86.742C89.7122 86.582 89.9982 86.46 90.3222 86.376C90.6502 86.296 91.0122 86.226 91.4082 86.166C91.8082 86.102 92.1982 86.048 92.5782 86.004C92.9622 85.956 93.2982 85.91 93.5862 85.866L93.2742 86.058C93.2862 85.418 93.1622 84.944 92.9022 84.636C92.6422 84.328 92.1902 84.174 91.5462 84.174C91.1022 84.174 90.7262 84.274 90.4182 84.474C90.1142 84.674 89.9002 84.99 89.7762 85.422L88.9182 85.17C89.0662 84.59 89.3642 84.14 89.8122 83.82C90.2602 83.5 90.8422 83.34 91.5582 83.34C92.1502 83.34 92.6522 83.452 93.0642 83.676C93.4802 83.896 93.7742 84.216 93.9462 84.636C94.0262 84.824 94.0782 85.034 94.1022 85.266C94.1262 85.498 94.1382 85.734 94.1382 85.974V90H93.3522V88.374L93.5802 88.47C93.3602 89.026 93.0182 89.45 92.5542 89.742C92.0902 90.034 91.5342 90.18 90.8862 90.18ZM90.9882 89.418C91.4002 89.418 91.7602 89.344 92.0682 89.196C92.3762 89.048 92.6242 88.846 92.8122 88.59C93.0002 88.33 93.1222 88.038 93.1782 87.714C93.2262 87.506 93.2522 87.278 93.2562 87.03C93.2602 86.778 93.2622 86.59 93.2622 86.466L93.5982 86.64C93.2982 86.68 92.9722 86.72 92.6202 86.76C92.2722 86.8 91.9282 86.846 91.5882 86.898C91.2522 86.95 90.9482 87.012 90.6762 87.084C90.4922 87.136 90.3142 87.21 90.1422 87.306C89.9702 87.398 89.8282 87.522 89.7162 87.678C89.6082 87.834 89.5542 88.028 89.5542 88.26C89.5542 88.448 89.6002 88.63 89.6922 88.806C89.7882 88.982 89.9402 89.128 90.1482 89.244C90.3602 89.36 90.6402 89.418 90.9882 89.418ZM96.8942 90V83.52H97.7762V86.334H101.43V83.52H102.312V90H101.43V87.18H97.7762V90H96.8942ZM110.338 83.52V90H109.48V84.954L105.928 90H105.184V83.52H106.042V88.524L109.6 83.52H110.338ZM115.964 90.18C115.332 90.18 114.784 90.04 114.32 89.76C113.86 89.48 113.502 89.086 113.246 88.578C112.99 88.07 112.862 87.474 112.862 86.79C112.862 86.082 112.988 85.47 113.24 84.954C113.492 84.438 113.846 84.04 114.302 83.76C114.762 83.48 115.304 83.34 115.928 83.34C116.568 83.34 117.114 83.488 117.566 83.784C118.018 84.076 118.36 84.496 118.592 85.044C118.824 85.592 118.93 86.246 118.91 87.006H118.01V86.694C117.994 85.854 117.812 85.22 117.464 84.792C117.12 84.364 116.616 84.15 115.952 84.15C115.256 84.15 114.722 84.376 114.35 84.828C113.982 85.28 113.798 85.924 113.798 86.76C113.798 87.576 113.982 88.21 114.35 88.662C114.722 89.11 115.248 89.334 115.928 89.334C116.392 89.334 116.796 89.228 117.14 89.016C117.488 88.8 117.762 88.49 117.962 88.086L118.784 88.404C118.528 88.968 118.15 89.406 117.65 89.718C117.154 90.026 116.592 90.18 115.964 90.18ZM113.486 87.006V86.268H118.436V87.006H113.486ZM125.038 90V83.52H127.708C127.844 83.52 128.008 83.528 128.2 83.544C128.396 83.56 128.578 83.59 128.746 83.634C129.11 83.73 129.402 83.926 129.622 84.222C129.846 84.518 129.958 84.874 129.958 85.29C129.958 85.522 129.922 85.73 129.85 85.914C129.782 86.094 129.684 86.25 129.556 86.382C129.496 86.45 129.43 86.51 129.358 86.562C129.286 86.61 129.216 86.65 129.148 86.682C129.276 86.706 129.414 86.762 129.562 86.85C129.794 86.986 129.97 87.17 130.09 87.402C130.21 87.63 130.27 87.908 130.27 88.236C130.27 88.68 130.164 89.042 129.952 89.322C129.74 89.602 129.456 89.794 129.1 89.898C128.94 89.942 128.766 89.97 128.578 89.982C128.394 89.994 128.22 90 128.056 90H125.038ZM125.926 89.25H128.014C128.098 89.25 128.204 89.244 128.332 89.232C128.46 89.216 128.574 89.196 128.674 89.172C128.91 89.112 129.082 88.992 129.19 88.812C129.302 88.628 129.358 88.428 129.358 88.212C129.358 87.928 129.274 87.696 129.106 87.516C128.942 87.332 128.722 87.22 128.446 87.18C128.354 87.16 128.258 87.148 128.158 87.144C128.058 87.14 127.968 87.138 127.888 87.138H125.926V89.25ZM125.926 86.382H127.738C127.842 86.382 127.958 86.376 128.086 86.364C128.218 86.348 128.332 86.322 128.428 86.286C128.636 86.214 128.788 86.09 128.884 85.914C128.984 85.738 129.034 85.546 129.034 85.338C129.034 85.11 128.98 84.91 128.872 84.738C128.768 84.566 128.61 84.446 128.398 84.378C128.254 84.326 128.098 84.296 127.93 84.288C127.766 84.28 127.662 84.276 127.618 84.276H125.926V86.382ZM134.52 90.18C134.032 90.18 133.622 90.092 133.29 89.916C132.962 89.74 132.716 89.506 132.552 89.214C132.388 88.922 132.306 88.604 132.306 88.26C132.306 87.908 132.376 87.608 132.516 87.36C132.66 87.108 132.854 86.902 133.098 86.742C133.346 86.582 133.632 86.46 133.956 86.376C134.284 86.296 134.646 86.226 135.042 86.166C135.442 86.102 135.832 86.048 136.212 86.004C136.596 85.956 136.932 85.91 137.22 85.866L136.908 86.058C136.92 85.418 136.796 84.944 136.536 84.636C136.276 84.328 135.824 84.174 135.18 84.174C134.736 84.174 134.36 84.274 134.052 84.474C133.748 84.674 133.534 84.99 133.41 85.422L132.552 85.17C132.7 84.59 132.998 84.14 133.446 83.82C133.894 83.5 134.476 83.34 135.192 83.34C135.784 83.34 136.286 83.452 136.698 83.676C137.114 83.896 137.408 84.216 137.58 84.636C137.66 84.824 137.712 85.034 137.736 85.266C137.76 85.498 137.772 85.734 137.772 85.974V90H136.986V88.374L137.214 88.47C136.994 89.026 136.652 89.45 136.188 89.742C135.724 90.034 135.168 90.18 134.52 90.18ZM134.622 89.418C135.034 89.418 135.394 89.344 135.702 89.196C136.01 89.048 136.258 88.846 136.446 88.59C136.634 88.33 136.756 88.038 136.812 87.714C136.86 87.506 136.886 87.278 136.89 87.03C136.894 86.778 136.896 86.59 136.896 86.466L137.232 86.64C136.932 86.68 136.606 86.72 136.254 86.76C135.906 86.8 135.562 86.846 135.222 86.898C134.886 86.95 134.582 87.012 134.31 87.084C134.126 87.136 133.948 87.21 133.776 87.306C133.604 87.398 133.462 87.522 133.35 87.678C133.242 87.834 133.188 88.028 133.188 88.26C133.188 88.448 133.234 88.63 133.326 88.806C133.422 88.982 133.574 89.128 133.782 89.244C133.994 89.36 134.274 89.418 134.622 89.418ZM140.528 90V83.52H141.386V89.184H143.816V83.52H144.674V89.184H147.098V83.52H147.956V90H140.528ZM155.987 83.52V90H155.129V84.954L151.577 90H150.833V83.52H151.691V88.524L155.249 83.52H155.987ZM158.151 90L160.683 86.724L158.205 83.52H159.261L161.199 86.046L163.119 83.52H164.175L161.697 86.724L164.235 90H163.173L161.199 87.402L159.213 90H158.151ZM172.69 90.18C172.038 90.18 171.486 90.034 171.034 89.742C170.582 89.45 170.238 89.048 170.002 88.536C169.77 88.02 169.65 87.428 169.642 86.76C169.65 86.08 169.774 85.484 170.014 84.972C170.254 84.456 170.6 84.056 171.052 83.772C171.504 83.484 172.052 83.34 172.696 83.34C173.352 83.34 173.922 83.5 174.406 83.82C174.894 84.14 175.228 84.578 175.408 85.134L174.544 85.41C174.392 85.022 174.15 84.722 173.818 84.51C173.49 84.294 173.114 84.186 172.69 84.186C172.214 84.186 171.82 84.296 171.508 84.516C171.196 84.732 170.964 85.034 170.812 85.422C170.66 85.81 170.582 86.256 170.578 86.76C170.586 87.536 170.766 88.16 171.118 88.632C171.47 89.1 171.994 89.334 172.69 89.334C173.13 89.334 173.504 89.234 173.812 89.034C174.124 88.83 174.36 88.534 174.52 88.146L175.408 88.41C175.168 88.986 174.816 89.426 174.352 89.73C173.888 90.03 173.334 90.18 172.69 90.18ZM180.376 90.18C179.732 90.18 179.182 90.034 178.726 89.742C178.27 89.45 177.92 89.046 177.676 88.53C177.432 88.014 177.31 87.422 177.31 86.754C177.31 86.074 177.434 85.478 177.682 84.966C177.93 84.454 178.282 84.056 178.738 83.772C179.198 83.484 179.744 83.34 180.376 83.34C181.024 83.34 181.576 83.486 182.032 83.778C182.492 84.066 182.842 84.468 183.082 84.984C183.326 85.496 183.448 86.086 183.448 86.754C183.448 87.434 183.326 88.032 183.082 88.548C182.838 89.06 182.486 89.46 182.026 89.748C181.566 90.036 181.016 90.18 180.376 90.18ZM180.376 89.334C181.096 89.334 181.632 89.096 181.984 88.62C182.336 88.14 182.512 87.518 182.512 86.754C182.512 85.97 182.334 85.346 181.978 84.882C181.626 84.418 181.092 84.186 180.376 84.186C179.892 84.186 179.492 84.296 179.176 84.516C178.864 84.732 178.63 85.034 178.474 85.422C178.322 85.806 178.246 86.25 178.246 86.754C178.246 87.534 178.426 88.16 178.786 88.632C179.146 89.1 179.676 89.334 180.376 89.334ZM185.135 90L187.667 86.724L185.189 83.52H186.245L188.183 86.046L190.103 83.52H191.159L188.681 86.724L191.219 90H190.157L188.183 87.402L186.197 90H185.135ZM196.293 90.18C195.697 90.18 195.193 90.03 194.781 89.73C194.369 89.426 194.057 89.016 193.845 88.5C193.633 87.98 193.527 87.398 193.527 86.754C193.527 86.098 193.633 85.514 193.845 85.002C194.061 84.486 194.377 84.08 194.793 83.784C195.209 83.488 195.721 83.34 196.329 83.34C196.921 83.34 197.429 83.49 197.853 83.79C198.277 84.09 198.601 84.498 198.825 85.014C199.053 85.53 199.167 86.11 199.167 86.754C199.167 87.402 199.053 87.984 198.825 88.5C198.597 89.016 198.269 89.426 197.841 89.73C197.413 90.03 196.897 90.18 196.293 90.18ZM193.377 92.88V83.52H194.169V88.398H194.265V92.88H193.377ZM196.203 89.358C196.655 89.358 197.031 89.244 197.331 89.016C197.631 88.788 197.855 88.478 198.003 88.086C198.155 87.69 198.231 87.246 198.231 86.754C198.231 86.266 198.157 85.826 198.009 85.434C197.861 85.042 197.635 84.732 197.331 84.504C197.031 84.276 196.649 84.162 196.185 84.162C195.733 84.162 195.357 84.272 195.057 84.492C194.761 84.712 194.539 85.018 194.391 85.41C194.243 85.798 194.169 86.246 194.169 86.754C194.169 87.254 194.243 87.702 194.391 88.098C194.539 88.49 194.763 88.798 195.063 89.022C195.363 89.246 195.743 89.358 196.203 89.358ZM203.539 90.18C203.051 90.18 202.641 90.092 202.309 89.916C201.981 89.74 201.735 89.506 201.571 89.214C201.407 88.922 201.325 88.604 201.325 88.26C201.325 87.908 201.395 87.608 201.535 87.36C201.679 87.108 201.873 86.902 202.117 86.742C202.365 86.582 202.651 86.46 202.975 86.376C203.303 86.296 203.665 86.226 204.061 86.166C204.461 86.102 204.851 86.048 205.231 86.004C205.615 85.956 205.951 85.91 206.239 85.866L205.927 86.058C205.939 85.418 205.815 84.944 205.555 84.636C205.295 84.328 204.843 84.174 204.199 84.174C203.755 84.174 203.379 84.274 203.071 84.474C202.767 84.674 202.553 84.99 202.429 85.422L201.571 85.17C201.719 84.59 202.017 84.14 202.465 83.82C202.913 83.5 203.495 83.34 204.211 83.34C204.803 83.34 205.305 83.452 205.717 83.676C206.133 83.896 206.427 84.216 206.599 84.636C206.679 84.824 206.731 85.034 206.755 85.266C206.779 85.498 206.791 85.734 206.791 85.974V90H206.005V88.374L206.233 88.47C206.013 89.026 205.671 89.45 205.207 89.742C204.743 90.034 204.187 90.18 203.539 90.18ZM203.641 89.418C204.053 89.418 204.413 89.344 204.721 89.196C205.029 89.048 205.277 88.846 205.465 88.59C205.653 88.33 205.775 88.038 205.831 87.714C205.879 87.506 205.905 87.278 205.909 87.03C205.913 86.778 205.915 86.59 205.915 86.466L206.251 86.64C205.951 86.68 205.625 86.72 205.273 86.76C204.925 86.8 204.581 86.846 204.241 86.898C203.905 86.95 203.601 87.012 203.329 87.084C203.145 87.136 202.967 87.21 202.795 87.306C202.623 87.398 202.481 87.522 202.369 87.678C202.261 87.834 202.207 88.028 202.207 88.26C202.207 88.448 202.253 88.63 202.345 88.806C202.441 88.982 202.593 89.128 202.801 89.244C203.013 89.36 203.293 89.418 203.641 89.418ZM209.546 90V83.52H210.428V86.334H214.082V83.52H214.964V90H214.082V87.18H210.428V90H209.546ZM221.214 82.254V81.294H222.174V82.254H221.214ZM218.928 82.254V81.294H219.888V82.254H218.928ZM220.584 90.18C219.952 90.18 219.404 90.04 218.94 89.76C218.48 89.48 218.122 89.086 217.866 88.578C217.61 88.07 217.482 87.474 217.482 86.79C217.482 86.082 217.608 85.47 217.86 84.954C218.112 84.438 218.466 84.04 218.922 83.76C219.382 83.48 219.924 83.34 220.548 83.34C221.188 83.34 221.734 83.488 222.186 83.784C222.638 84.076 222.98 84.496 223.212 85.044C223.444 85.592 223.55 86.246 223.53 87.006H222.63V86.694C222.614 85.854 222.432 85.22 222.084 84.792C221.74 84.364 221.236 84.15 220.572 84.15C219.876 84.15 219.342 84.376 218.97 84.828C218.602 85.28 218.418 85.924 218.418 86.76C218.418 87.576 218.602 88.21 218.97 88.662C219.342 89.11 219.868 89.334 220.548 89.334C221.012 89.334 221.416 89.228 221.76 89.016C222.108 88.8 222.382 88.49 222.582 88.086L223.404 88.404C223.148 88.968 222.77 89.406 222.27 89.718C221.774 90.026 221.212 90.18 220.584 90.18ZM218.106 87.006V86.268H223.056V87.006H218.106ZM226.056 90V83.52H226.938V86.334H230.592V83.52H231.474V90H230.592V87.18H226.938V90H226.056ZM234.346 90V83.52H235.228V86.334H238.882V83.52H239.764V90H238.882V87.18H235.228V90H234.346ZM245.348 90.18C244.704 90.18 244.154 90.034 243.698 89.742C243.242 89.45 242.892 89.046 242.648 88.53C242.404 88.014 242.282 87.422 242.282 86.754C242.282 86.074 242.406 85.478 242.654 84.966C242.902 84.454 243.254 84.056 243.71 83.772C244.17 83.484 244.716 83.34 245.348 83.34C245.996 83.34 246.548 83.486 247.004 83.778C247.464 84.066 247.814 84.468 248.054 84.984C248.298 85.496 248.42 86.086 248.42 86.754C248.42 87.434 248.298 88.032 248.054 88.548C247.81 89.06 247.458 89.46 246.998 89.748C246.538 90.036 245.988 90.18 245.348 90.18ZM245.348 89.334C246.068 89.334 246.604 89.096 246.956 88.62C247.308 88.14 247.484 87.518 247.484 86.754C247.484 85.97 247.306 85.346 246.95 84.882C246.598 84.418 246.064 84.186 245.348 84.186C244.864 84.186 244.464 84.296 244.148 84.516C243.836 84.732 243.602 85.034 243.446 85.422C243.294 85.806 243.218 86.25 243.218 86.754C243.218 87.534 243.398 88.16 243.758 88.632C244.118 89.1 244.648 89.334 245.348 89.334ZM250.937 90L250.943 83.52H251.831V86.64L254.723 83.52H255.899L252.863 86.76L256.295 90H255.011L251.831 86.88V90H250.937Z" fill="#B4B4B4"/>
<rect x="371.5" y="78" width="14" height="14" rx="7" stroke="#707070"/>
<path d="M378.42 87.9049C378.974 87.9534 379.323 87.4307 379.684 87.0971C379.759 87.0809 379.752 87.2012 379.732 87.2467C379.665 87.4085 379.118 88.1769 378.979 88.3133C378.32 88.9665 376.469 89.5357 376.663 88.1283C376.741 87.5622 378.064 84.4017 377.914 84.2663C377.384 84.24 376.914 84.6292 376.549 84.973C376.494 84.5675 377.237 83.9195 377.608 83.7072C378.288 83.3169 379.99 82.9499 379.815 84.1884C379.737 84.7424 378.239 87.7229 378.42 87.9049Z" fill="#707070"/>
<path d="M379 81.0563C380.748 80.6064 380.945 82.9944 379.456 83.1329C378.228 83.2472 377.913 81.3363 379 81.0563Z" fill="#707070"/>
<line x1="20.5" y1="112.5" x2="385.5" y2="112.5" stroke="#212121" stroke-linecap="round" stroke-dasharray="6 6"/>
<path d="M24.8845 147H18.3605V145.796L21.6225 142.856C22.0985 142.427 22.4905 141.988 22.7985 141.54C23.1065 141.083 23.2605 140.602 23.2605 140.098V139.93C23.2605 139.342 23.1065 138.889 22.7985 138.572C22.4905 138.245 22.0332 138.082 21.4265 138.082C20.8292 138.082 20.3672 138.236 20.0405 138.544C19.7232 138.843 19.4852 139.244 19.3265 139.748L18.2765 139.356C18.3699 139.067 18.4959 138.787 18.6545 138.516C18.8225 138.236 19.0325 137.989 19.2845 137.774C19.5365 137.559 19.8399 137.387 20.1945 137.256C20.5585 137.125 20.9785 137.06 21.4545 137.06C21.9399 137.06 22.3692 137.13 22.7425 137.27C23.1252 137.41 23.4425 137.606 23.6945 137.858C23.9559 138.11 24.1519 138.409 24.2825 138.754C24.4225 139.099 24.4925 139.477 24.4925 139.888C24.4925 140.261 24.4365 140.611 24.3245 140.938C24.2219 141.265 24.0725 141.577 23.8765 141.876C23.6899 142.175 23.4612 142.469 23.1905 142.758C22.9292 143.038 22.6352 143.318 22.3085 143.598L19.5785 145.978H24.8845V147ZM29.9611 147.126C29.5784 147.126 29.3077 147.047 29.1491 146.888C28.9997 146.729 28.9251 146.529 28.9251 146.286V146.034C28.9251 145.791 28.9997 145.591 29.1491 145.432C29.3077 145.273 29.5784 145.194 29.9611 145.194C30.3437 145.194 30.6097 145.273 30.7591 145.432C30.9177 145.591 30.9971 145.791 30.9971 146.034V146.286C30.9971 146.529 30.9177 146.729 30.7591 146.888C30.6097 147.047 30.3437 147.126 29.9611 147.126ZM39.32 137.228H40.496V142.156L40.3 144.984H40.37L44.36 137.228H45.48V147H44.304V142.072L44.5 139.244H44.43L40.44 147H39.32V137.228ZM52.5165 147.168C51.3219 147.168 50.4305 146.734 49.8425 145.866C49.2639 144.998 48.9745 143.747 48.9745 142.114C48.9745 140.481 49.2639 139.23 49.8425 138.362C50.4305 137.494 51.3219 137.06 52.5165 137.06C52.9645 137.06 53.3519 137.121 53.6785 137.242C54.0052 137.363 54.2852 137.527 54.5185 137.732C54.7519 137.937 54.9479 138.171 55.1065 138.432C55.2652 138.684 55.4052 138.941 55.5265 139.202L54.5185 139.664C54.4345 139.449 54.3365 139.249 54.2245 139.062C54.1125 138.866 53.9772 138.698 53.8185 138.558C53.6692 138.409 53.4872 138.292 53.2725 138.208C53.0672 138.124 52.8152 138.082 52.5165 138.082C51.7419 138.082 51.1632 138.376 50.7805 138.964C50.4072 139.552 50.2205 140.336 50.2205 141.316V142.912C50.2205 143.892 50.4072 144.676 50.7805 145.264C51.1632 145.852 51.7419 146.146 52.5165 146.146C52.8152 146.146 53.0672 146.104 53.2725 146.02C53.4872 145.936 53.6692 145.824 53.8185 145.684C53.9772 145.535 54.1125 145.367 54.2245 145.18C54.3365 144.984 54.4345 144.779 54.5185 144.564L55.5265 145.026C55.4052 145.297 55.2652 145.558 55.1065 145.81C54.9479 146.062 54.7519 146.291 54.5185 146.496C54.2852 146.701 54.0052 146.865 53.6785 146.986C53.3519 147.107 52.9645 147.168 52.5165 147.168ZM62.5771 138.25V147H61.4011V138.25H58.1391V137.228H65.8391V138.25H62.5771ZM71.7836 147.168C71.1863 147.168 70.6729 147.056 70.2436 146.832C69.8143 146.599 69.4596 146.267 69.1796 145.838C68.8996 145.409 68.6943 144.881 68.5636 144.256C68.4329 143.631 68.3676 142.917 68.3676 142.114C68.3676 141.321 68.4329 140.611 68.5636 139.986C68.6943 139.351 68.8996 138.819 69.1796 138.39C69.4596 137.961 69.8143 137.634 70.2436 137.41C70.6729 137.177 71.1863 137.06 71.7836 137.06C72.3809 137.06 72.8943 137.177 73.3236 137.41C73.7529 137.634 74.1076 137.961 74.3876 138.39C74.6676 138.819 74.8729 139.351 75.0036 139.986C75.1343 140.611 75.1996 141.321 75.1996 142.114C75.1996 142.917 75.1343 143.631 75.0036 144.256C74.8729 144.881 74.6676 145.409 74.3876 145.838C74.1076 146.267 73.7529 146.599 73.3236 146.832C72.8943 147.056 72.3809 147.168 71.7836 147.168ZM71.7836 146.146C72.1756 146.146 72.5069 146.071 72.7776 145.922C73.0483 145.763 73.2723 145.544 73.4496 145.264C73.6269 144.984 73.7529 144.648 73.8276 144.256C73.9116 143.855 73.9536 143.407 73.9536 142.912V141.316C73.9536 140.831 73.9116 140.387 73.8276 139.986C73.7529 139.585 73.6269 139.244 73.4496 138.964C73.2723 138.684 73.0483 138.469 72.7776 138.32C72.5069 138.161 72.1756 138.082 71.7836 138.082C71.3916 138.082 71.0603 138.161 70.7896 138.32C70.5189 138.469 70.2949 138.684 70.1176 138.964C69.9403 139.244 69.8096 139.585 69.7256 139.986C69.6509 140.387 69.6136 140.831 69.6136 141.316V142.912C69.6136 143.407 69.6509 143.855 69.7256 144.256C69.8096 144.648 69.9403 144.984 70.1176 145.264C70.2949 145.544 70.5189 145.763 70.7896 145.922C71.0603 146.071 71.3916 146.146 71.7836 146.146ZM83.3701 143.15H83.3001C83.0481 143.253 82.7541 143.332 82.4181 143.388C82.0915 143.444 81.7321 143.472 81.3401 143.472C80.7615 143.472 80.2715 143.402 79.8701 143.262C79.4688 143.122 79.1468 142.907 78.9041 142.618C78.6615 142.329 78.4841 141.969 78.3721 141.54C78.2695 141.101 78.2181 140.588 78.2181 140V137.228H79.3941V140C79.3941 140.448 79.4268 140.831 79.4921 141.148C79.5575 141.456 79.6648 141.708 79.8141 141.904C79.9728 142.091 80.1781 142.231 80.4301 142.324C80.6915 142.408 81.0088 142.45 81.3821 142.45C81.8021 142.45 82.1615 142.422 82.4601 142.366C82.7681 142.31 83.0715 142.226 83.3701 142.114V137.228H84.5461V147H83.3701V143.15ZM93.2767 142.562H89.4687V147H88.2927V137.228H89.4687V141.54H93.2767V137.228H94.4527V147H93.2767V142.562ZM98.0872 137.228H99.2632V142.156L99.0672 144.984H99.1372L103.127 137.228H104.247V147H103.071V142.072L103.267 139.244H103.197L99.2072 147H98.0872V137.228ZM107.882 137.228H109.058V141.54H110.78L112.852 137.228H114.098L112.236 141.092C112.077 141.419 111.928 141.647 111.788 141.778C111.648 141.899 111.494 141.974 111.326 142.002V142.072C111.531 142.119 111.704 142.217 111.844 142.366C111.984 142.506 112.138 142.767 112.306 143.15L113.566 145.978H114.476V147H113.594C113.314 147 113.066 146.921 112.852 146.762C112.637 146.594 112.45 146.328 112.292 145.964L110.78 142.548H109.058V147H107.882V137.228ZM127.611 148.932L132.483 136.36H133.491L128.619 148.932H127.611Z" fill="#707070"/>
<path d="M147.116 147V146.062H149.552V138.166H147.116V137.228H153.164V138.166H150.728V146.062H153.164V147H147.116ZM158.016 138.768H157.918V147H156.854V137.228H158.52L161.852 145.46H161.95V137.228H163.014V147H161.348L158.016 138.768ZM169.701 147.168C168.824 147.168 168.105 147.009 167.545 146.692C166.985 146.365 166.523 145.95 166.159 145.446L167.013 144.746C167.396 145.222 167.797 145.577 168.217 145.81C168.646 146.043 169.155 146.16 169.743 146.16C170.452 146.16 170.994 145.997 171.367 145.67C171.74 145.343 171.927 144.886 171.927 144.298C171.927 143.822 171.792 143.453 171.521 143.192C171.25 142.921 170.779 142.73 170.107 142.618L169.015 142.436C168.539 142.352 168.138 142.226 167.811 142.058C167.494 141.89 167.237 141.689 167.041 141.456C166.845 141.213 166.705 140.952 166.621 140.672C166.537 140.383 166.495 140.084 166.495 139.776C166.495 138.88 166.789 138.203 167.377 137.746C167.965 137.289 168.758 137.06 169.757 137.06C170.541 137.06 171.199 137.191 171.731 137.452C172.272 137.713 172.706 138.082 173.033 138.558L172.207 139.272C171.936 138.917 171.61 138.628 171.227 138.404C170.844 138.18 170.35 138.068 169.743 138.068C169.08 138.068 168.572 138.208 168.217 138.488C167.862 138.768 167.685 139.188 167.685 139.748C167.685 140.187 167.816 140.546 168.077 140.826C168.348 141.097 168.828 141.293 169.519 141.414L170.569 141.596C171.045 141.68 171.446 141.806 171.773 141.974C172.1 142.142 172.361 142.343 172.557 142.576C172.762 142.809 172.907 143.071 172.991 143.36C173.075 143.649 173.117 143.953 173.117 144.27C173.117 145.175 172.818 145.885 172.221 146.398C171.633 146.911 170.793 147.168 169.701 147.168ZM180.111 138.25V147H178.935V138.25H175.673V137.228H183.373V138.25H180.111ZM191.852 147L191.026 144.214H187.596L186.77 147H185.552L188.548 137.228H190.102L193.098 147H191.852ZM189.374 138.474H189.248L187.876 143.192H190.746L189.374 138.474ZM201.129 145.698H201.059C200.975 145.885 200.877 146.067 200.765 146.244C200.653 146.421 200.508 146.58 200.331 146.72C200.163 146.851 199.957 146.958 199.715 147.042C199.472 147.126 199.183 147.168 198.847 147.168C197.783 147.168 196.989 146.739 196.467 145.88C195.953 145.021 195.697 143.789 195.697 142.184C195.697 140.504 195.981 139.23 196.551 138.362C197.12 137.494 197.997 137.06 199.183 137.06C199.64 137.06 200.037 137.121 200.373 137.242C200.709 137.363 200.993 137.527 201.227 137.732C201.469 137.937 201.67 138.171 201.829 138.432C201.987 138.684 202.118 138.941 202.221 139.202L201.213 139.664C201.129 139.449 201.031 139.249 200.919 139.062C200.816 138.866 200.685 138.698 200.527 138.558C200.377 138.409 200.195 138.292 199.981 138.208C199.766 138.124 199.514 138.082 199.225 138.082C198.441 138.082 197.862 138.376 197.489 138.964C197.125 139.552 196.943 140.336 196.943 141.316V142.828C196.943 143.323 196.98 143.775 197.055 144.186C197.129 144.587 197.251 144.937 197.419 145.236C197.596 145.535 197.82 145.768 198.091 145.936C198.371 146.095 198.711 146.174 199.113 146.174C199.747 146.174 200.242 145.983 200.597 145.6C200.951 145.217 201.129 144.723 201.129 144.116V143.108H199.071V142.17H202.221V147H201.129V145.698ZM207.143 147H205.967V137.228H209.523C210.428 137.228 211.119 137.475 211.595 137.97C212.071 138.465 212.309 139.155 212.309 140.042C212.309 140.835 212.104 141.47 211.693 141.946C211.282 142.422 210.685 142.697 209.901 142.772L212.393 147H211.077L208.697 142.828H207.143V147ZM209.495 141.834C209.99 141.834 210.372 141.713 210.643 141.47C210.923 141.218 211.063 140.863 211.063 140.406V139.678C211.063 139.221 210.923 138.871 210.643 138.628C210.372 138.376 209.99 138.25 209.495 138.25H207.143V141.834H209.495ZM221.236 147L220.41 144.214H216.98L216.154 147H214.936L217.932 137.228H219.486L222.482 147H221.236ZM218.758 138.474H218.632L217.26 143.192H220.13L218.758 138.474ZM230.666 142.1V139.006H230.554L228.496 144.032L226.438 139.006H226.326V142.1V147H225.248V137.228H226.76L228.482 141.54H228.566L230.288 137.228H231.744V147H230.666V142.1Z" fill="#B4B4B4"/>
<rect x="20" y="173" width="12" height="12" rx="6" fill="#707070" fill-opacity="0.3"/>
<path d="M46.036 184V179.944L46.282 180.322C46.006 180.518 45.668 180.678 45.268 180.802C44.868 180.922 44.416 180.982 43.912 180.982C43.164 180.982 42.564 180.844 42.112 180.568C41.664 180.292 41.34 179.912 41.14 179.428C40.94 178.94 40.84 178.382 40.84 177.754V175.36H41.728V177.448C41.728 177.848 41.766 178.212 41.842 178.54C41.918 178.868 42.044 179.15 42.22 179.386C42.396 179.622 42.63 179.804 42.922 179.932C43.214 180.056 43.574 180.118 44.002 180.118C44.534 180.118 44.992 180.038 45.376 179.878C45.76 179.714 46.042 179.538 46.222 179.35L46.036 180.058V175.36H46.918V184H46.036ZM52.5398 184.18C51.9078 184.18 51.3598 184.04 50.8958 183.76C50.4358 183.48 50.0778 183.086 49.8218 182.578C49.5658 182.07 49.4378 181.474 49.4378 180.79C49.4378 180.082 49.5638 179.47 49.8158 178.954C50.0678 178.438 50.4218 178.04 50.8778 177.76C51.3378 177.48 51.8798 177.34 52.5038 177.34C53.1438 177.34 53.6898 177.488 54.1418 177.784C54.5938 178.076 54.9358 178.496 55.1678 179.044C55.3998 179.592 55.5058 180.246 55.4858 181.006H54.5858V180.694C54.5698 179.854 54.3878 179.22 54.0398 178.792C53.6958 178.364 53.1918 178.15 52.5278 178.15C51.8318 178.15 51.2978 178.376 50.9258 178.828C50.5578 179.28 50.3738 179.924 50.3738 180.76C50.3738 181.576 50.5578 182.21 50.9258 182.662C51.2978 183.11 51.8238 183.334 52.5038 183.334C52.9678 183.334 53.3718 183.228 53.7158 183.016C54.0638 182.8 54.3378 182.49 54.5378 182.086L55.3598 182.404C55.1038 182.968 54.7258 183.406 54.2258 183.718C53.7298 184.026 53.1678 184.18 52.5398 184.18ZM50.0618 181.006V180.268H55.0118V181.006H50.0618ZM60.9273 184.18C60.3313 184.18 59.8273 184.03 59.4153 183.73C59.0033 183.426 58.6913 183.016 58.4793 182.5C58.2673 181.98 58.1613 181.398 58.1613 180.754C58.1613 180.098 58.2673 179.514 58.4793 179.002C58.6953 178.486 59.0113 178.08 59.4273 177.784C59.8433 177.488 60.3553 177.34 60.9633 177.34C61.5553 177.34 62.0633 177.49 62.4873 177.79C62.9113 178.09 63.2353 178.498 63.4593 179.014C63.6873 179.53 63.8013 180.11 63.8013 180.754C63.8013 181.402 63.6873 181.984 63.4593 182.5C63.2313 183.016 62.9033 183.426 62.4753 183.73C62.0473 184.03 61.5313 184.18 60.9273 184.18ZM58.0113 186.88V177.52H58.8033V182.398H58.8993V186.88H58.0113ZM60.8373 183.358C61.2893 183.358 61.6653 183.244 61.9653 183.016C62.2653 182.788 62.4893 182.478 62.6373 182.086C62.7893 181.69 62.8653 181.246 62.8653 180.754C62.8653 180.266 62.7913 179.826 62.6433 179.434C62.4953 179.042 62.2693 178.732 61.9653 178.504C61.6653 178.276 61.2833 178.162 60.8193 178.162C60.3673 178.162 59.9913 178.272 59.6913 178.492C59.3953 178.712 59.1733 179.018 59.0253 179.41C58.8773 179.798 58.8033 180.246 58.8033 180.754C58.8033 181.254 58.8773 181.702 59.0253 182.098C59.1733 182.49 59.3973 182.798 59.6973 183.022C59.9973 183.246 60.3773 183.358 60.8373 183.358ZM69.0609 184.18C68.4289 184.18 67.8809 184.04 67.4169 183.76C66.9569 183.48 66.5989 183.086 66.3429 182.578C66.0869 182.07 65.9589 181.474 65.9589 180.79C65.9589 180.082 66.0849 179.47 66.3369 178.954C66.5889 178.438 66.9429 178.04 67.3989 177.76C67.8589 177.48 68.4009 177.34 69.0249 177.34C69.6649 177.34 70.2109 177.488 70.6629 177.784C71.1149 178.076 71.4569 178.496 71.6889 179.044C71.9209 179.592 72.0269 180.246 72.0069 181.006H71.1069V180.694C71.0909 179.854 70.9089 179.22 70.5609 178.792C70.2169 178.364 69.7129 178.15 69.0489 178.15C68.3529 178.15 67.8189 178.376 67.4469 178.828C67.0789 179.28 66.8949 179.924 66.8949 180.76C66.8949 181.576 67.0789 182.21 67.4469 182.662C67.8189 183.11 68.3449 183.334 69.0249 183.334C69.4889 183.334 69.8929 183.228 70.2369 183.016C70.5849 182.8 70.8589 182.49 71.0589 182.086L71.8809 182.404C71.6249 182.968 71.2469 183.406 70.7469 183.718C70.2509 184.026 69.6889 184.18 69.0609 184.18ZM66.5829 181.006V180.268H71.5329V181.006H66.5829ZM76.6381 184.18C75.9861 184.18 75.4161 184.038 74.9281 183.754C74.4441 183.466 74.0621 183.068 73.7821 182.56L74.4901 182.11C74.7261 182.51 75.0201 182.814 75.3721 183.022C75.7241 183.23 76.1281 183.334 76.5841 183.334C77.0601 183.334 77.4421 183.224 77.7301 183.004C78.0181 182.784 78.1621 182.482 78.1621 182.098C78.1621 181.834 78.1001 181.624 77.9761 181.468C77.8561 181.312 77.6721 181.2 77.4241 181.132C77.1801 181.064 76.8741 181.03 76.5061 181.03H75.7381V180.274H76.4941C76.9421 180.274 77.3021 180.194 77.5741 180.034C77.8501 179.87 77.9881 179.614 77.9881 179.266C77.9881 178.898 77.8501 178.626 77.5741 178.45C77.3021 178.27 76.9761 178.18 76.5961 178.18C76.2121 178.18 75.8481 178.26 75.5041 178.42C75.1641 178.576 74.8781 178.778 74.6461 179.026L74.0821 178.432C74.4061 178.076 74.7841 177.806 75.2161 177.622C75.6521 177.434 76.1341 177.34 76.6621 177.34C77.0781 177.34 77.4541 177.414 77.7901 177.562C78.1301 177.706 78.3981 177.918 78.5941 178.198C78.7941 178.478 78.8941 178.814 78.8941 179.206C78.8941 179.574 78.8041 179.892 78.6241 180.16C78.4481 180.428 78.1981 180.65 77.8741 180.826L77.8261 180.496C78.1061 180.548 78.3381 180.66 78.5221 180.832C78.7061 181.004 78.8421 181.21 78.9301 181.45C79.0181 181.69 79.0621 181.934 79.0621 182.182C79.0621 182.594 78.9541 182.95 78.7381 183.25C78.5261 183.546 78.2361 183.776 77.8681 183.94C77.5041 184.1 77.0941 184.18 76.6381 184.18ZM87.0424 184.18C86.5544 184.18 86.1444 184.092 85.8124 183.916C85.4844 183.74 85.2384 183.506 85.0744 183.214C84.9104 182.922 84.8284 182.604 84.8284 182.26C84.8284 181.908 84.8984 181.608 85.0384 181.36C85.1824 181.108 85.3764 180.902 85.6204 180.742C85.8684 180.582 86.1544 180.46 86.4784 180.376C86.8064 180.296 87.1684 180.226 87.5644 180.166C87.9644 180.102 88.3544 180.048 88.7344 180.004C89.1184 179.956 89.4544 179.91 89.7424 179.866L89.4304 180.058C89.4424 179.418 89.3184 178.944 89.0584 178.636C88.7984 178.328 88.3464 178.174 87.7024 178.174C87.2584 178.174 86.8824 178.274 86.5744 178.474C86.2704 178.674 86.0564 178.99 85.9324 179.422L85.0744 179.17C85.2224 178.59 85.5204 178.14 85.9684 177.82C86.4164 177.5 86.9984 177.34 87.7144 177.34C88.3064 177.34 88.8084 177.452 89.2204 177.676C89.6364 177.896 89.9304 178.216 90.1024 178.636C90.1824 178.824 90.2344 179.034 90.2584 179.266C90.2824 179.498 90.2944 179.734 90.2944 179.974V184H89.5084V182.374L89.7364 182.47C89.5164 183.026 89.1744 183.45 88.7104 183.742C88.2464 184.034 87.6904 184.18 87.0424 184.18ZM87.1444 183.418C87.5564 183.418 87.9164 183.344 88.2244 183.196C88.5324 183.048 88.7804 182.846 88.9684 182.59C89.1564 182.33 89.2784 182.038 89.3344 181.714C89.3824 181.506 89.4084 181.278 89.4124 181.03C89.4164 180.778 89.4184 180.59 89.4184 180.466L89.7544 180.64C89.4544 180.68 89.1284 180.72 88.7764 180.76C88.4284 180.8 88.0844 180.846 87.7444 180.898C87.4084 180.95 87.1044 181.012 86.8324 181.084C86.6484 181.136 86.4704 181.21 86.2984 181.306C86.1264 181.398 85.9844 181.522 85.8724 181.678C85.7644 181.834 85.7104 182.028 85.7104 182.26C85.7104 182.448 85.7564 182.63 85.8484 182.806C85.9444 182.982 86.0964 183.128 86.3044 183.244C86.5164 183.36 86.7964 183.418 87.1444 183.418ZM93.0504 184V177.52H95.7204C95.8564 177.52 96.0204 177.528 96.2124 177.544C96.4084 177.56 96.5904 177.59 96.7584 177.634C97.1224 177.73 97.4144 177.926 97.6344 178.222C97.8584 178.518 97.9704 178.874 97.9704 179.29C97.9704 179.522 97.9344 179.73 97.8624 179.914C97.7944 180.094 97.6964 180.25 97.5684 180.382C97.5084 180.45 97.4424 180.51 97.3704 180.562C97.2984 180.61 97.2284 180.65 97.1604 180.682C97.2884 180.706 97.4264 180.762 97.5744 180.85C97.8064 180.986 97.9824 181.17 98.1024 181.402C98.2224 181.63 98.2824 181.908 98.2824 182.236C98.2824 182.68 98.1764 183.042 97.9644 183.322C97.7524 183.602 97.4684 183.794 97.1124 183.898C96.9524 183.942 96.7784 183.97 96.5904 183.982C96.4064 183.994 96.2324 184 96.0684 184H93.0504ZM93.9384 183.25H96.0264C96.1104 183.25 96.2164 183.244 96.3444 183.232C96.4724 183.216 96.5864 183.196 96.6864 183.172C96.9224 183.112 97.0944 182.992 97.2024 182.812C97.3144 182.628 97.3704 182.428 97.3704 182.212C97.3704 181.928 97.2864 181.696 97.1184 181.516C96.9544 181.332 96.7344 181.22 96.4584 181.18C96.3664 181.16 96.2704 181.148 96.1704 181.144C96.0704 181.14 95.9804 181.138 95.9004 181.138H93.9384V183.25ZM93.9384 180.382H95.7504C95.8544 180.382 95.9704 180.376 96.0984 180.364C96.2304 180.348 96.3444 180.322 96.4404 180.286C96.6484 180.214 96.8004 180.09 96.8964 179.914C96.9964 179.738 97.0464 179.546 97.0464 179.338C97.0464 179.11 96.9924 178.91 96.8844 178.738C96.7804 178.566 96.6224 178.446 96.4104 178.378C96.2664 178.326 96.1104 178.296 95.9424 178.288C95.7784 178.28 95.6744 178.276 95.6304 178.276H93.9384V180.382ZM102.436 184V178.336H100.138V177.52H105.616V178.336H103.318V184H102.436ZM110.549 184.18C109.905 184.18 109.355 184.034 108.899 183.742C108.443 183.45 108.093 183.046 107.849 182.53C107.605 182.014 107.483 181.422 107.483 180.754C107.483 180.074 107.607 179.478 107.855 178.966C108.103 178.454 108.455 178.056 108.911 177.772C109.371 177.484 109.917 177.34 110.549 177.34C111.197 177.34 111.749 177.486 112.205 177.778C112.665 178.066 113.015 178.468 113.255 178.984C113.499 179.496 113.621 180.086 113.621 180.754C113.621 181.434 113.499 182.032 113.255 182.548C113.011 183.06 112.659 183.46 112.199 183.748C111.739 184.036 111.189 184.18 110.549 184.18ZM110.549 183.334C111.269 183.334 111.805 183.096 112.157 182.62C112.509 182.14 112.685 181.518 112.685 180.754C112.685 179.97 112.507 179.346 112.151 178.882C111.799 178.418 111.265 178.186 110.549 178.186C110.065 178.186 109.665 178.296 109.349 178.516C109.037 178.732 108.803 179.034 108.647 179.422C108.495 179.806 108.419 180.25 108.419 180.754C108.419 181.534 108.599 182.16 108.959 182.632C109.319 183.1 109.849 183.334 110.549 183.334ZM119.055 184.18C118.459 184.18 117.955 184.03 117.543 183.73C117.131 183.426 116.819 183.016 116.607 182.5C116.395 181.98 116.289 181.398 116.289 180.754C116.289 180.098 116.395 179.514 116.607 179.002C116.823 178.486 117.139 178.08 117.555 177.784C117.971 177.488 118.483 177.34 119.091 177.34C119.683 177.34 120.191 177.49 120.615 177.79C121.039 178.09 121.363 178.498 121.587 179.014C121.815 179.53 121.929 180.11 121.929 180.754C121.929 181.402 121.815 181.984 121.587 182.5C121.359 183.016 121.031 183.426 120.603 183.73C120.175 184.03 119.659 184.18 119.055 184.18ZM116.139 186.88V177.52H116.931V182.398H117.027V186.88H116.139ZM118.965 183.358C119.417 183.358 119.793 183.244 120.093 183.016C120.393 182.788 120.617 182.478 120.765 182.086C120.917 181.69 120.993 181.246 120.993 180.754C120.993 180.266 120.919 179.826 120.771 179.434C120.623 179.042 120.397 178.732 120.093 178.504C119.793 178.276 119.411 178.162 118.947 178.162C118.495 178.162 118.119 178.272 117.819 178.492C117.523 178.712 117.301 179.018 117.153 179.41C117.005 179.798 116.931 180.246 116.931 180.754C116.931 181.254 117.005 181.702 117.153 182.098C117.301 182.49 117.525 182.798 117.825 183.022C118.125 183.246 118.505 183.358 118.965 183.358ZM129.594 177.52V184H128.736V178.954L125.184 184H124.44V177.52H125.298V182.524L128.856 177.52H129.594ZM134.812 184.18C134.16 184.18 133.59 184.038 133.102 183.754C132.618 183.466 132.236 183.068 131.956 182.56L132.664 182.11C132.9 182.51 133.194 182.814 133.546 183.022C133.898 183.23 134.302 183.334 134.758 183.334C135.234 183.334 135.616 183.224 135.904 183.004C136.192 182.784 136.336 182.482 136.336 182.098C136.336 181.834 136.274 181.624 136.15 181.468C136.03 181.312 135.846 181.2 135.598 181.132C135.354 181.064 135.048 181.03 134.68 181.03H133.912V180.274H134.668C135.116 180.274 135.476 180.194 135.748 180.034C136.024 179.87 136.162 179.614 136.162 179.266C136.162 178.898 136.024 178.626 135.748 178.45C135.476 178.27 135.15 178.18 134.77 178.18C134.386 178.18 134.022 178.26 133.678 178.42C133.338 178.576 133.052 178.778 132.82 179.026L132.256 178.432C132.58 178.076 132.958 177.806 133.39 177.622C133.826 177.434 134.308 177.34 134.836 177.34C135.252 177.34 135.628 177.414 135.964 177.562C136.304 177.706 136.572 177.918 136.768 178.198C136.968 178.478 137.068 178.814 137.068 179.206C137.068 179.574 136.978 179.892 136.798 180.16C136.622 180.428 136.372 180.65 136.048 180.826L136 180.496C136.28 180.548 136.512 180.66 136.696 180.832C136.88 181.004 137.016 181.21 137.104 181.45C137.192 181.69 137.236 181.934 137.236 182.182C137.236 182.594 137.128 182.95 136.912 183.25C136.7 183.546 136.41 183.776 136.042 183.94C135.678 184.1 135.268 184.18 134.812 184.18ZM142.466 184.18C141.822 184.18 141.272 184.034 140.816 183.742C140.36 183.45 140.01 183.046 139.766 182.53C139.522 182.014 139.4 181.422 139.4 180.754C139.4 180.074 139.524 179.478 139.772 178.966C140.02 178.454 140.372 178.056 140.828 177.772C141.288 177.484 141.834 177.34 142.466 177.34C143.114 177.34 143.666 177.486 144.122 177.778C144.582 178.066 144.932 178.468 145.172 178.984C145.416 179.496 145.538 180.086 145.538 180.754C145.538 181.434 145.416 182.032 145.172 182.548C144.928 183.06 144.576 183.46 144.116 183.748C143.656 184.036 143.106 184.18 142.466 184.18ZM142.466 183.334C143.186 183.334 143.722 183.096 144.074 182.62C144.426 182.14 144.602 181.518 144.602 180.754C144.602 179.97 144.424 179.346 144.068 178.882C143.716 178.418 143.182 178.186 142.466 178.186C141.982 178.186 141.582 178.296 141.266 178.516C140.954 178.732 140.72 179.034 140.564 179.422C140.412 179.806 140.336 180.25 140.336 180.754C140.336 181.534 140.516 182.16 140.876 182.632C141.236 183.1 141.766 183.334 142.466 183.334ZM148.056 184V177.52H150.726C150.862 177.52 151.026 177.528 151.218 177.544C151.414 177.56 151.596 177.59 151.764 177.634C152.128 177.73 152.42 177.926 152.64 178.222C152.864 178.518 152.976 178.874 152.976 179.29C152.976 179.522 152.94 179.73 152.868 179.914C152.8 180.094 152.702 180.25 152.574 180.382C152.514 180.45 152.448 180.51 152.376 180.562C152.304 180.61 152.234 180.65 152.166 180.682C152.294 180.706 152.432 180.762 152.58 180.85C152.812 180.986 152.988 181.17 153.108 181.402C153.228 181.63 153.288 181.908 153.288 182.236C153.288 182.68 153.182 183.042 152.97 183.322C152.758 183.602 152.474 183.794 152.118 183.898C151.958 183.942 151.784 183.97 151.596 183.982C151.412 183.994 151.238 184 151.074 184H148.056ZM148.944 183.25H151.032C151.116 183.25 151.222 183.244 151.35 183.232C151.478 183.216 151.592 183.196 151.692 183.172C151.928 183.112 152.1 182.992 152.208 182.812C152.32 182.628 152.376 182.428 152.376 182.212C152.376 181.928 152.292 181.696 152.124 181.516C151.96 181.332 151.74 181.22 151.464 181.18C151.372 181.16 151.276 181.148 151.176 181.144C151.076 181.14 150.986 181.138 150.906 181.138H148.944V183.25ZM148.944 180.382H150.756C150.86 180.382 150.976 180.376 151.104 180.364C151.236 180.348 151.35 180.322 151.446 180.286C151.654 180.214 151.806 180.09 151.902 179.914C152.002 179.738 152.052 179.546 152.052 179.338C152.052 179.11 151.998 178.91 151.89 178.738C151.786 178.566 151.628 178.446 151.416 178.378C151.272 178.326 151.116 178.296 150.948 178.288C150.784 178.28 150.68 178.276 150.636 178.276H148.944V180.382ZM157.538 184.18C157.05 184.18 156.64 184.092 156.308 183.916C155.98 183.74 155.734 183.506 155.57 183.214C155.406 182.922 155.324 182.604 155.324 182.26C155.324 181.908 155.394 181.608 155.534 181.36C155.678 181.108 155.872 180.902 156.116 180.742C156.364 180.582 156.65 180.46 156.974 180.376C157.302 180.296 157.664 180.226 158.06 180.166C158.46 180.102 158.85 180.048 159.23 180.004C159.614 179.956 159.95 179.91 160.238 179.866L159.926 180.058C159.938 179.418 159.814 178.944 159.554 178.636C159.294 178.328 158.842 178.174 158.198 178.174C157.754 178.174 157.378 178.274 157.07 178.474C156.766 178.674 156.552 178.99 156.428 179.422L155.57 179.17C155.718 178.59 156.016 178.14 156.464 177.82C156.912 177.5 157.494 177.34 158.21 177.34C158.802 177.34 159.304 177.452 159.716 177.676C160.132 177.896 160.426 178.216 160.598 178.636C160.678 178.824 160.73 179.034 160.754 179.266C160.778 179.498 160.79 179.734 160.79 179.974V184H160.004V182.374L160.232 182.47C160.012 183.026 159.67 183.45 159.206 183.742C158.742 184.034 158.186 184.18 157.538 184.18ZM157.64 183.418C158.052 183.418 158.412 183.344 158.72 183.196C159.028 183.048 159.276 182.846 159.464 182.59C159.652 182.33 159.774 182.038 159.83 181.714C159.878 181.506 159.904 181.278 159.908 181.03C159.912 180.778 159.914 180.59 159.914 180.466L160.25 180.64C159.95 180.68 159.624 180.72 159.272 180.76C158.924 180.8 158.58 180.846 158.24 180.898C157.904 180.95 157.6 181.012 157.328 181.084C157.144 181.136 156.966 181.21 156.794 181.306C156.622 181.398 156.48 181.522 156.368 181.678C156.26 181.834 156.206 182.028 156.206 182.26C156.206 182.448 156.252 182.63 156.344 182.806C156.44 182.982 156.592 183.128 156.8 183.244C157.012 183.36 157.292 183.418 157.64 183.418ZM163.546 184V177.52H164.428V180.334H168.082V177.52H168.964V184H168.082V181.18H164.428V184H163.546ZM171.836 184V177.52H172.718V180.334H176.372V177.52H177.254V184H176.372V181.18H172.718V184H171.836ZM180.137 184L180.125 177.52H181.013V179.962H182.141C182.329 179.962 182.513 179.966 182.693 179.974C182.873 179.982 183.035 179.998 183.179 180.022C183.499 180.086 183.783 180.194 184.031 180.346C184.279 180.498 184.475 180.708 184.619 180.976C184.763 181.24 184.835 181.574 184.835 181.978C184.835 182.534 184.691 182.972 184.403 183.292C184.115 183.612 183.753 183.82 183.317 183.916C183.153 183.952 182.975 183.976 182.783 183.988C182.591 183.996 182.403 184 182.219 184H180.137ZM181.013 183.244H182.183C182.315 183.244 182.465 183.24 182.633 183.232C182.801 183.224 182.949 183.202 183.077 183.166C183.293 183.106 183.487 182.986 183.659 182.806C183.835 182.622 183.923 182.346 183.923 181.978C183.923 181.614 183.839 181.34 183.671 181.156C183.503 180.968 183.279 180.844 182.999 180.784C182.871 180.756 182.735 180.738 182.591 180.73C182.451 180.722 182.315 180.718 182.183 180.718H181.013V183.244ZM185.609 184V177.52H186.491V184H185.609ZM192.058 176.752C191.774 176.752 191.514 176.682 191.278 176.542C191.042 176.402 190.854 176.216 190.714 175.984C190.578 175.748 190.51 175.488 190.51 175.204H191.242C191.242 175.428 191.322 175.62 191.482 175.78C191.642 175.94 191.834 176.02 192.058 176.02C192.286 176.02 192.478 175.94 192.634 175.78C192.794 175.62 192.874 175.428 192.874 175.204H193.606C193.606 175.488 193.536 175.748 193.396 175.984C193.26 176.216 193.074 176.402 192.838 176.542C192.602 176.682 192.342 176.752 192.058 176.752ZM194.518 177.52V184H193.66V178.954L190.108 184H189.364V177.52H190.222V182.524L193.78 177.52H194.518ZM203.603 184.186C202.999 184.182 202.481 184.05 202.049 183.79C201.617 183.53 201.281 183.142 201.041 182.626C200.805 182.11 200.677 181.466 200.657 180.694C200.645 180.354 200.653 179.984 200.681 179.584C200.709 179.18 200.753 178.796 200.813 178.432C200.873 178.068 200.945 177.772 201.029 177.544C201.133 177.248 201.281 176.972 201.473 176.716C201.669 176.456 201.895 176.244 202.151 176.08C202.399 175.912 202.679 175.782 202.991 175.69C203.307 175.594 203.635 175.52 203.975 175.468C204.319 175.416 204.659 175.37 204.995 175.33C205.335 175.29 205.649 175.24 205.937 175.18L206.033 175.978C205.813 176.022 205.553 176.062 205.253 176.098C204.953 176.134 204.639 176.178 204.311 176.23C203.983 176.278 203.669 176.344 203.369 176.428C203.069 176.512 202.813 176.622 202.601 176.758C202.277 176.954 202.027 177.25 201.851 177.646C201.679 178.042 201.573 178.496 201.533 179.008C201.781 178.62 202.109 178.328 202.517 178.132C202.929 177.936 203.375 177.838 203.855 177.838C204.439 177.838 204.941 177.972 205.361 178.24C205.785 178.508 206.111 178.88 206.339 179.356C206.567 179.832 206.681 180.378 206.681 180.994C206.681 181.638 206.555 182.2 206.303 182.68C206.055 183.16 205.701 183.532 205.241 183.796C204.781 184.056 204.235 184.186 203.603 184.186ZM203.669 183.34C204.349 183.34 204.865 183.128 205.217 182.704C205.573 182.28 205.751 181.716 205.751 181.012C205.751 180.292 205.567 179.724 205.199 179.308C204.835 178.892 204.321 178.684 203.657 178.684C202.993 178.684 202.483 178.892 202.127 179.308C201.771 179.724 201.593 180.292 201.593 181.012C201.593 181.732 201.771 182.3 202.127 182.716C202.483 183.132 202.997 183.34 203.669 183.34ZM212.111 184.18C211.515 184.18 211.011 184.03 210.599 183.73C210.187 183.426 209.875 183.016 209.663 182.5C209.451 181.98 209.345 181.398 209.345 180.754C209.345 180.098 209.451 179.514 209.663 179.002C209.879 178.486 210.195 178.08 210.611 177.784C211.027 177.488 211.539 177.34 212.147 177.34C212.739 177.34 213.247 177.49 213.671 177.79C214.095 178.09 214.419 178.498 214.643 179.014C214.871 179.53 214.985 180.11 214.985 180.754C214.985 181.402 214.871 181.984 214.643 182.5C214.415 183.016 214.087 183.426 213.659 183.73C213.231 184.03 212.715 184.18 212.111 184.18ZM209.195 186.88V177.52H209.987V182.398H210.083V186.88H209.195ZM212.021 183.358C212.473 183.358 212.849 183.244 213.149 183.016C213.449 182.788 213.673 182.478 213.821 182.086C213.973 181.69 214.049 181.246 214.049 180.754C214.049 180.266 213.975 179.826 213.827 179.434C213.679 179.042 213.453 178.732 213.149 178.504C212.849 178.276 212.467 178.162 212.003 178.162C211.551 178.162 211.175 178.272 210.875 178.492C210.579 178.712 210.357 179.018 210.209 179.41C210.061 179.798 209.987 180.246 209.987 180.754C209.987 181.254 210.061 181.702 210.209 182.098C210.357 182.49 210.581 182.798 210.881 183.022C211.181 183.246 211.561 183.358 212.021 183.358ZM219.357 184.18C218.869 184.18 218.459 184.092 218.127 183.916C217.799 183.74 217.553 183.506 217.389 183.214C217.225 182.922 217.143 182.604 217.143 182.26C217.143 181.908 217.213 181.608 217.353 181.36C217.497 181.108 217.691 180.902 217.935 180.742C218.183 180.582 218.469 180.46 218.793 180.376C219.121 180.296 219.483 180.226 219.879 180.166C220.279 180.102 220.669 180.048 221.049 180.004C221.433 179.956 221.769 179.91 222.057 179.866L221.745 180.058C221.757 179.418 221.633 178.944 221.373 178.636C221.113 178.328 220.661 178.174 220.017 178.174C219.573 178.174 219.197 178.274 218.889 178.474C218.585 178.674 218.371 178.99 218.247 179.422L217.389 179.17C217.537 178.59 217.835 178.14 218.283 177.82C218.731 177.5 219.313 177.34 220.029 177.34C220.621 177.34 221.123 177.452 221.535 177.676C221.951 177.896 222.245 178.216 222.417 178.636C222.497 178.824 222.549 179.034 222.573 179.266C222.597 179.498 222.609 179.734 222.609 179.974V184H221.823V182.374L222.051 182.47C221.831 183.026 221.489 183.45 221.025 183.742C220.561 184.034 220.005 184.18 219.357 184.18ZM219.459 183.418C219.871 183.418 220.231 183.344 220.539 183.196C220.847 183.048 221.095 182.846 221.283 182.59C221.471 182.33 221.593 182.038 221.649 181.714C221.697 181.506 221.723 181.278 221.727 181.03C221.731 180.778 221.733 180.59 221.733 180.466L222.069 180.64C221.769 180.68 221.443 180.72 221.091 180.76C220.743 180.8 220.399 180.846 220.059 180.898C219.723 180.95 219.419 181.012 219.147 181.084C218.963 181.136 218.785 181.21 218.613 181.306C218.441 181.398 218.299 181.522 218.187 181.678C218.079 181.834 218.025 182.028 218.025 182.26C218.025 182.448 218.071 182.63 218.163 182.806C218.259 182.982 218.411 183.128 218.619 183.244C218.831 183.36 219.111 183.418 219.459 183.418ZM225.931 186.88L227.185 183.478L227.203 184.486L224.365 177.52H225.301L227.629 183.346H227.245L229.393 177.52H230.293L226.813 186.88H225.931ZM234.869 184.18C234.217 184.18 233.647 184.038 233.159 183.754C232.675 183.466 232.293 183.068 232.013 182.56L232.721 182.11C232.957 182.51 233.251 182.814 233.603 183.022C233.955 183.23 234.359 183.334 234.815 183.334C235.291 183.334 235.673 183.224 235.961 183.004C236.249 182.784 236.393 182.482 236.393 182.098C236.393 181.834 236.331 181.624 236.207 181.468C236.087 181.312 235.903 181.2 235.655 181.132C235.411 181.064 235.105 181.03 234.737 181.03H233.969V180.274H234.725C235.173 180.274 235.533 180.194 235.805 180.034C236.081 179.87 236.219 179.614 236.219 179.266C236.219 178.898 236.081 178.626 235.805 178.45C235.533 178.27 235.207 178.18 234.827 178.18C234.443 178.18 234.079 178.26 233.735 178.42C233.395 178.576 233.109 178.778 232.877 179.026L232.313 178.432C232.637 178.076 233.015 177.806 233.447 177.622C233.883 177.434 234.365 177.34 234.893 177.34C235.309 177.34 235.685 177.414 236.021 177.562C236.361 177.706 236.629 177.918 236.825 178.198C237.025 178.478 237.125 178.814 237.125 179.206C237.125 179.574 237.035 179.892 236.855 180.16C236.679 180.428 236.429 180.65 236.105 180.826L236.057 180.496C236.337 180.548 236.569 180.66 236.753 180.832C236.937 181.004 237.073 181.21 237.161 181.45C237.249 181.69 237.293 181.934 237.293 182.182C237.293 182.594 237.185 182.95 236.969 183.25C236.757 183.546 236.467 183.776 236.099 183.94C235.735 184.1 235.325 184.18 234.869 184.18ZM242.559 184.18C241.927 184.18 241.379 184.04 240.915 183.76C240.455 183.48 240.097 183.086 239.841 182.578C239.585 182.07 239.457 181.474 239.457 180.79C239.457 180.082 239.583 179.47 239.835 178.954C240.087 178.438 240.441 178.04 240.897 177.76C241.357 177.48 241.899 177.34 242.523 177.34C243.163 177.34 243.709 177.488 244.161 177.784C244.613 178.076 244.955 178.496 245.187 179.044C245.419 179.592 245.525 180.246 245.505 181.006H244.605V180.694C244.589 179.854 244.407 179.22 244.059 178.792C243.715 178.364 243.211 178.15 242.547 178.15C241.851 178.15 241.317 178.376 240.945 178.828C240.577 179.28 240.393 179.924 240.393 180.76C240.393 181.576 240.577 182.21 240.945 182.662C241.317 183.11 241.843 183.334 242.523 183.334C242.987 183.334 243.391 183.228 243.735 183.016C244.083 182.8 244.357 182.49 244.557 182.086L245.379 182.404C245.123 182.968 244.745 183.406 244.245 183.718C243.749 184.026 243.187 184.18 242.559 184.18ZM240.081 181.006V180.268H245.031V181.006H240.081ZM250.947 184.18C250.351 184.18 249.847 184.03 249.435 183.73C249.023 183.426 248.711 183.016 248.499 182.5C248.287 181.98 248.181 181.398 248.181 180.754C248.181 180.098 248.287 179.514 248.499 179.002C248.715 178.486 249.031 178.08 249.447 177.784C249.863 177.488 250.375 177.34 250.983 177.34C251.575 177.34 252.083 177.49 252.507 177.79C252.931 178.09 253.255 178.498 253.479 179.014C253.707 179.53 253.821 180.11 253.821 180.754C253.821 181.402 253.707 181.984 253.479 182.5C253.251 183.016 252.923 183.426 252.495 183.73C252.067 184.03 251.551 184.18 250.947 184.18ZM248.031 186.88V177.52H248.823V182.398H248.919V186.88H248.031ZM250.857 183.358C251.309 183.358 251.685 183.244 251.985 183.016C252.285 182.788 252.509 182.478 252.657 182.086C252.809 181.69 252.885 181.246 252.885 180.754C252.885 180.266 252.811 179.826 252.663 179.434C252.515 179.042 252.289 178.732 251.985 178.504C251.685 178.276 251.303 178.162 250.839 178.162C250.387 178.162 250.011 178.272 249.711 178.492C249.415 178.712 249.193 179.018 249.045 179.41C248.897 179.798 248.823 180.246 248.823 180.754C248.823 181.254 248.897 181.702 249.045 182.098C249.193 182.49 249.417 182.798 249.717 183.022C250.017 183.246 250.397 183.358 250.857 183.358Z" fill="#B4B4B4"/>
<rect x="20" y="197" width="12" height="12" rx="6" fill="#707070" fill-opacity="0.3"/>
<path d="M47.374 208H46.486V200.914L41.728 208H40.84V199.36H41.728V206.44L46.486 199.36H47.374V208ZM52.5888 208.18C51.9368 208.18 51.3668 208.038 50.8788 207.754C50.3948 207.466 50.0128 207.068 49.7328 206.56L50.4408 206.11C50.6768 206.51 50.9708 206.814 51.3228 207.022C51.6748 207.23 52.0788 207.334 52.5348 207.334C53.0108 207.334 53.3928 207.224 53.6808 207.004C53.9688 206.784 54.1128 206.482 54.1128 206.098C54.1128 205.834 54.0508 205.624 53.9268 205.468C53.8068 205.312 53.6228 205.2 53.3748 205.132C53.1308 205.064 52.8248 205.03 52.4568 205.03H51.6888V204.274H52.4448C52.8928 204.274 53.2528 204.194 53.5248 204.034C53.8008 203.87 53.9388 203.614 53.9388 203.266C53.9388 202.898 53.8008 202.626 53.5248 202.45C53.2528 202.27 52.9268 202.18 52.5468 202.18C52.1628 202.18 51.7988 202.26 51.4548 202.42C51.1148 202.576 50.8288 202.778 50.5968 203.026L50.0328 202.432C50.3568 202.076 50.7348 201.806 51.1668 201.622C51.6028 201.434 52.0848 201.34 52.6128 201.34C53.0288 201.34 53.4048 201.414 53.7408 201.562C54.0808 201.706 54.3488 201.918 54.5448 202.198C54.7448 202.478 54.8448 202.814 54.8448 203.206C54.8448 203.574 54.7548 203.892 54.5748 204.16C54.3988 204.428 54.1488 204.65 53.8248 204.826L53.7768 204.496C54.0568 204.548 54.2888 204.66 54.4728 204.832C54.6568 205.004 54.7928 205.21 54.8808 205.45C54.9688 205.69 55.0128 205.934 55.0128 206.182C55.0128 206.594 54.9048 206.95 54.6888 207.25C54.4768 207.546 54.1868 207.776 53.8188 207.94C53.4548 208.1 53.0448 208.18 52.5888 208.18ZM62.9932 208.18C62.5052 208.18 62.0952 208.092 61.7632 207.916C61.4352 207.74 61.1892 207.506 61.0252 207.214C60.8612 206.922 60.7792 206.604 60.7792 206.26C60.7792 205.908 60.8492 205.608 60.9892 205.36C61.1332 205.108 61.3272 204.902 61.5712 204.742C61.8192 204.582 62.1052 204.46 62.4292 204.376C62.7572 204.296 63.1192 204.226 63.5152 204.166C63.9152 204.102 64.3052 204.048 64.6852 204.004C65.0692 203.956 65.4052 203.91 65.6932 203.866L65.3812 204.058C65.3932 203.418 65.2692 202.944 65.0092 202.636C64.7492 202.328 64.2972 202.174 63.6532 202.174C63.2092 202.174 62.8332 202.274 62.5252 202.474C62.2212 202.674 62.0072 202.99 61.8832 203.422L61.0252 203.17C61.1732 202.59 61.4712 202.14 61.9192 201.82C62.3672 201.5 62.9492 201.34 63.6652 201.34C64.2572 201.34 64.7592 201.452 65.1712 201.676C65.5872 201.896 65.8812 202.216 66.0532 202.636C66.1332 202.824 66.1852 203.034 66.2092 203.266C66.2332 203.498 66.2452 203.734 66.2452 203.974V208H65.4592V206.374L65.6872 206.47C65.4672 207.026 65.1252 207.45 64.6612 207.742C64.1972 208.034 63.6412 208.18 62.9932 208.18ZM63.0952 207.418C63.5072 207.418 63.8672 207.344 64.1752 207.196C64.4832 207.048 64.7312 206.846 64.9192 206.59C65.1072 206.33 65.2292 206.038 65.2852 205.714C65.3332 205.506 65.3592 205.278 65.3632 205.03C65.3672 204.778 65.3692 204.59 65.3692 204.466L65.7052 204.64C65.4052 204.68 65.0792 204.72 64.7272 204.76C64.3792 204.8 64.0352 204.846 63.6952 204.898C63.3592 204.95 63.0552 205.012 62.7832 205.084C62.5992 205.136 62.4212 205.21 62.2492 205.306C62.0772 205.398 61.9352 205.522 61.8232 205.678C61.7152 205.834 61.6612 206.028 61.6612 206.26C61.6612 206.448 61.7072 206.63 61.7992 206.806C61.8952 206.982 62.0472 207.128 62.2552 207.244C62.4672 207.36 62.7472 207.418 63.0952 207.418ZM71.9172 208.18C71.3212 208.18 70.8172 208.03 70.4052 207.73C69.9932 207.426 69.6812 207.016 69.4692 206.5C69.2572 205.98 69.1512 205.398 69.1512 204.754C69.1512 204.098 69.2572 203.514 69.4692 203.002C69.6852 202.486 70.0012 202.08 70.4172 201.784C70.8332 201.488 71.3452 201.34 71.9532 201.34C72.5452 201.34 73.0532 201.49 73.4772 201.79C73.9012 202.09 74.2252 202.498 74.4492 203.014C74.6772 203.53 74.7912 204.11 74.7912 204.754C74.7912 205.402 74.6772 205.984 74.4492 206.5C74.2212 207.016 73.8932 207.426 73.4652 207.73C73.0372 208.03 72.5212 208.18 71.9172 208.18ZM69.0012 210.88V201.52H69.7932V206.398H69.8892V210.88H69.0012ZM71.8272 207.358C72.2792 207.358 72.6552 207.244 72.9552 207.016C73.2552 206.788 73.4792 206.478 73.6272 206.086C73.7792 205.69 73.8552 205.246 73.8552 204.754C73.8552 204.266 73.7812 203.826 73.6332 203.434C73.4852 203.042 73.2592 202.732 72.9552 202.504C72.6552 202.276 72.2732 202.162 71.8092 202.162C71.3572 202.162 70.9812 202.272 70.6812 202.492C70.3852 202.712 70.1632 203.018 70.0152 203.41C69.8672 203.798 69.7932 204.246 69.7932 204.754C69.7932 205.254 69.8672 205.702 70.0152 206.098C70.1632 206.49 70.3872 206.798 70.6872 207.022C70.9872 207.246 71.3672 207.358 71.8272 207.358ZM76.3544 208L78.8864 204.724L76.4084 201.52H77.4644L79.4024 204.046L81.3224 201.52H82.3784L79.9004 204.724L82.4384 208H81.3764L79.4024 205.402L77.4164 208H76.3544ZM89.7505 201.52V208H88.8925V202.954L85.3405 208H84.5965V201.52H85.4545V206.524L89.0125 201.52H89.7505ZM92.6285 208V201.52H95.2985C95.4345 201.52 95.5985 201.528 95.7905 201.544C95.9865 201.56 96.1685 201.59 96.3365 201.634C96.7005 201.73 96.9925 201.926 97.2125 202.222C97.4365 202.518 97.5485 202.874 97.5485 203.29C97.5485 203.522 97.5125 203.73 97.4405 203.914C97.3725 204.094 97.2745 204.25 97.1465 204.382C97.0865 204.45 97.0205 204.51 96.9485 204.562C96.8765 204.61 96.8065 204.65 96.7385 204.682C96.8665 204.706 97.0045 204.762 97.1525 204.85C97.3845 204.986 97.5605 205.17 97.6805 205.402C97.8005 205.63 97.8605 205.908 97.8605 206.236C97.8605 206.68 97.7545 207.042 97.5425 207.322C97.3305 207.602 97.0465 207.794 96.6905 207.898C96.5305 207.942 96.3565 207.97 96.1685 207.982C95.9845 207.994 95.8105 208 95.6465 208H92.6285ZM93.5165 207.25H95.6045C95.6885 207.25 95.7945 207.244 95.9225 207.232C96.0505 207.216 96.1645 207.196 96.2645 207.172C96.5005 207.112 96.6725 206.992 96.7805 206.812C96.8925 206.628 96.9485 206.428 96.9485 206.212C96.9485 205.928 96.8645 205.696 96.6965 205.516C96.5325 205.332 96.3125 205.22 96.0365 205.18C95.9445 205.16 95.8485 205.148 95.7485 205.144C95.6485 205.14 95.5585 205.138 95.4785 205.138H93.5165V207.25ZM93.5165 204.382H95.3285C95.4325 204.382 95.5485 204.376 95.6765 204.364C95.8085 204.348 95.9225 204.322 96.0185 204.286C96.2265 204.214 96.3785 204.09 96.4745 203.914C96.5745 203.738 96.6245 203.546 96.6245 203.338C96.6245 203.11 96.5705 202.91 96.4625 202.738C96.3585 202.566 96.2005 202.446 95.9885 202.378C95.8445 202.326 95.6885 202.296 95.5205 202.288C95.3565 202.28 95.2525 202.276 95.2085 202.276H93.5165V204.382ZM102.11 208.18C101.622 208.18 101.212 208.092 100.88 207.916C100.552 207.74 100.306 207.506 100.142 207.214C99.9784 206.922 99.8964 206.604 99.8964 206.26C99.8964 205.908 99.9664 205.608 100.106 205.36C100.25 205.108 100.444 204.902 100.688 204.742C100.936 204.582 101.222 204.46 101.546 204.376C101.874 204.296 102.236 204.226 102.632 204.166C103.032 204.102 103.422 204.048 103.802 204.004C104.186 203.956 104.522 203.91 104.81 203.866L104.498 204.058C104.51 203.418 104.386 202.944 104.126 202.636C103.866 202.328 103.414 202.174 102.77 202.174C102.326 202.174 101.95 202.274 101.642 202.474C101.338 202.674 101.124 202.99 101 203.422L100.142 203.17C100.29 202.59 100.588 202.14 101.036 201.82C101.484 201.5 102.066 201.34 102.782 201.34C103.374 201.34 103.876 201.452 104.288 201.676C104.704 201.896 104.998 202.216 105.17 202.636C105.25 202.824 105.302 203.034 105.326 203.266C105.35 203.498 105.362 203.734 105.362 203.974V208H104.576V206.374L104.804 206.47C104.584 207.026 104.242 207.45 103.778 207.742C103.314 208.034 102.758 208.18 102.11 208.18ZM102.212 207.418C102.624 207.418 102.984 207.344 103.292 207.196C103.6 207.048 103.848 206.846 104.036 206.59C104.224 206.33 104.346 206.038 104.402 205.714C104.45 205.506 104.476 205.278 104.48 205.03C104.484 204.778 104.486 204.59 104.486 204.466L104.822 204.64C104.522 204.68 104.196 204.72 103.844 204.76C103.496 204.8 103.152 204.846 102.812 204.898C102.476 204.95 102.172 205.012 101.9 205.084C101.716 205.136 101.538 205.21 101.366 205.306C101.194 205.398 101.052 205.522 100.94 205.678C100.832 205.834 100.778 206.028 100.778 206.26C100.778 206.448 100.824 206.63 100.916 206.806C101.012 206.982 101.164 207.128 101.372 207.244C101.584 207.36 101.864 207.418 102.212 207.418ZM111.727 208V199.36H112.537L115.933 206.626L119.311 199.36H120.133V207.994H119.293V201.328L116.215 208H115.645L112.573 201.328V208H111.727ZM125.759 208.18C125.127 208.18 124.579 208.04 124.115 207.76C123.655 207.48 123.297 207.086 123.041 206.578C122.785 206.07 122.657 205.474 122.657 204.79C122.657 204.082 122.783 203.47 123.035 202.954C123.287 202.438 123.641 202.04 124.097 201.76C124.557 201.48 125.099 201.34 125.723 201.34C126.363 201.34 126.909 201.488 127.361 201.784C127.813 202.076 128.155 202.496 128.387 203.044C128.619 203.592 128.725 204.246 128.705 205.006H127.805V204.694C127.789 203.854 127.607 203.22 127.259 202.792C126.915 202.364 126.411 202.15 125.747 202.15C125.051 202.15 124.517 202.376 124.145 202.828C123.777 203.28 123.593 203.924 123.593 204.76C123.593 205.576 123.777 206.21 124.145 206.662C124.517 207.11 125.043 207.334 125.723 207.334C126.187 207.334 126.591 207.228 126.935 207.016C127.283 206.8 127.557 206.49 127.757 206.086L128.579 206.404C128.323 206.968 127.945 207.406 127.445 207.718C126.949 208.026 126.387 208.18 125.759 208.18ZM123.281 205.006V204.268H128.231V205.006H123.281ZM134.764 208C134.4 208.076 134.04 208.106 133.684 208.09C133.332 208.074 133.016 207.998 132.736 207.862C132.46 207.726 132.25 207.514 132.106 207.226C131.99 206.986 131.926 206.744 131.914 206.5C131.906 206.252 131.902 205.97 131.902 205.654V199.72H132.778V205.618C132.778 205.89 132.78 206.118 132.784 206.302C132.792 206.482 132.834 206.642 132.91 206.782C133.054 207.05 133.282 207.21 133.594 207.262C133.91 207.314 134.3 207.302 134.764 207.226V208ZM130.516 202.276V201.52H134.764V202.276H130.516ZM139.095 208.18C138.607 208.18 138.197 208.092 137.865 207.916C137.537 207.74 137.291 207.506 137.127 207.214C136.963 206.922 136.881 206.604 136.881 206.26C136.881 205.908 136.951 205.608 137.091 205.36C137.235 205.108 137.429 204.902 137.673 204.742C137.921 204.582 138.207 204.46 138.531 204.376C138.859 204.296 139.221 204.226 139.617 204.166C140.017 204.102 140.407 204.048 140.787 204.004C141.171 203.956 141.507 203.91 141.795 203.866L141.483 204.058C141.495 203.418 141.371 202.944 141.111 202.636C140.851 202.328 140.399 202.174 139.755 202.174C139.311 202.174 138.935 202.274 138.627 202.474C138.323 202.674 138.109 202.99 137.985 203.422L137.127 203.17C137.275 202.59 137.573 202.14 138.021 201.82C138.469 201.5 139.051 201.34 139.767 201.34C140.359 201.34 140.861 201.452 141.273 201.676C141.689 201.896 141.983 202.216 142.155 202.636C142.235 202.824 142.287 203.034 142.311 203.266C142.335 203.498 142.347 203.734 142.347 203.974V208H141.561V206.374L141.789 206.47C141.569 207.026 141.227 207.45 140.763 207.742C140.299 208.034 139.743 208.18 139.095 208.18ZM139.197 207.418C139.609 207.418 139.969 207.344 140.277 207.196C140.585 207.048 140.833 206.846 141.021 206.59C141.209 206.33 141.331 206.038 141.387 205.714C141.435 205.506 141.461 205.278 141.465 205.03C141.469 204.778 141.471 204.59 141.471 204.466L141.807 204.64C141.507 204.68 141.181 204.72 140.829 204.76C140.481 204.8 140.137 204.846 139.797 204.898C139.461 204.95 139.157 205.012 138.885 205.084C138.701 205.136 138.523 205.21 138.351 205.306C138.179 205.398 138.037 205.522 137.925 205.678C137.817 205.834 137.763 206.028 137.763 206.26C137.763 206.448 137.809 206.63 137.901 206.806C137.997 206.982 138.149 207.128 138.357 207.244C138.569 207.36 138.849 207.418 139.197 207.418Z" fill="#B4B4B4"/>
<line x1="20.5" y1="230.5" x2="385.5" y2="230.5" stroke="#212121" stroke-linecap="round" stroke-dasharray="6 6"/>
<path d="M21.008 264V263.196H23.096V256.428H21.008V255.624H26.192V256.428H24.104V263.196H26.192V264H21.008ZM29.5713 264V257.808H30.5313V258.816H30.5793C30.6433 258.664 30.7233 258.52 30.8193 258.384C30.9153 258.24 31.0313 258.116 31.1673 258.012C31.3113 257.908 31.4793 257.824 31.6713 257.76C31.8633 257.696 32.0873 257.664 32.3433 257.664C32.9913 257.664 33.5113 257.872 33.9033 258.288C34.2953 258.696 34.4913 259.276 34.4913 260.028V264H33.5313V260.196C33.5313 259.628 33.4073 259.208 33.1593 258.936C32.9113 258.656 32.5473 258.516 32.0673 258.516C31.8753 258.516 31.6873 258.54 31.5033 258.588C31.3193 258.636 31.1553 258.708 31.0113 258.804C30.8673 258.9 30.7513 259.024 30.6633 259.176C30.5753 259.328 30.5313 259.504 30.5313 259.704V264H29.5713ZM40.4626 264.144C39.8146 264.144 39.2546 264.036 38.7826 263.82C38.3186 263.596 37.9226 263.3 37.5946 262.932L38.2426 262.368C38.5386 262.68 38.8626 262.92 39.2146 263.088C39.5666 263.256 39.9906 263.34 40.4866 263.34C40.9666 263.34 41.3586 263.256 41.6626 263.088C41.9746 262.912 42.1306 262.64 42.1306 262.272C42.1306 262.112 42.0986 261.98 42.0346 261.876C41.9786 261.764 41.8986 261.676 41.7946 261.612C41.6906 261.548 41.5746 261.5 41.4466 261.468C41.3186 261.428 41.1826 261.396 41.0386 261.372L40.0666 261.228C39.8506 261.196 39.6146 261.152 39.3586 261.096C39.1106 261.04 38.8826 260.952 38.6746 260.832C38.4666 260.704 38.2906 260.536 38.1466 260.328C38.0106 260.12 37.9426 259.848 37.9426 259.512C37.9426 259.2 38.0026 258.932 38.1226 258.708C38.2506 258.476 38.4266 258.284 38.6506 258.132C38.8746 257.972 39.1386 257.856 39.4426 257.784C39.7466 257.704 40.0786 257.664 40.4386 257.664C40.9986 257.664 41.4826 257.752 41.8906 257.928C42.3066 258.104 42.6626 258.348 42.9586 258.66L42.3346 259.248C42.2626 259.16 42.1706 259.072 42.0586 258.984C41.9546 258.888 41.8226 258.804 41.6626 258.732C41.5106 258.652 41.3306 258.588 41.1226 258.54C40.9146 258.492 40.6746 258.468 40.4026 258.468C39.9146 258.468 39.5386 258.552 39.2746 258.72C39.0186 258.888 38.8906 259.132 38.8906 259.452C38.8906 259.612 38.9186 259.748 38.9746 259.86C39.0386 259.964 39.1226 260.048 39.2266 260.112C39.3306 260.176 39.4466 260.228 39.5746 260.268C39.7106 260.3 39.8466 260.328 39.9826 260.352L40.9546 260.496C41.1786 260.528 41.4146 260.572 41.6626 260.628C41.9106 260.684 42.1386 260.776 42.3466 260.904C42.5546 261.024 42.7266 261.188 42.8626 261.396C43.0066 261.604 43.0786 261.876 43.0786 262.212C43.0786 262.828 42.8386 263.304 42.3586 263.64C41.8866 263.976 41.2546 264.144 40.4626 264.144ZM49.0859 264C48.6139 264 48.2659 263.868 48.0419 263.604C47.8259 263.34 47.7179 263 47.7179 262.584V258.624H45.6539V257.808H47.1899C47.3979 257.808 47.5419 257.768 47.6219 257.688C47.7099 257.6 47.7539 257.452 47.7539 257.244V255.624H48.6779V257.808H51.4979V258.624H48.6779V263.184H51.4979V264H49.0859ZM59.5212 264C59.1452 264 58.8772 263.904 58.7172 263.712C58.5572 263.52 58.4572 263.28 58.4172 262.992H58.3572C58.2212 263.352 58.0012 263.636 57.6972 263.844C57.4012 264.044 57.0012 264.144 56.4972 264.144C55.8492 264.144 55.3332 263.976 54.9492 263.64C54.5652 263.304 54.3732 262.844 54.3732 262.26C54.3732 261.684 54.5812 261.24 54.9972 260.928C55.4212 260.616 56.1012 260.46 57.0372 260.46H58.3572V259.848C58.3572 259.392 58.2292 259.052 57.9732 258.828C57.7172 258.596 57.3532 258.48 56.8812 258.48C56.4652 258.48 56.1252 258.564 55.8612 258.732C55.5972 258.892 55.3852 259.112 55.2252 259.392L54.5772 258.912C54.6572 258.752 54.7652 258.596 54.9012 258.444C55.0372 258.292 55.2052 258.16 55.4052 258.048C55.6052 257.928 55.8332 257.836 56.0892 257.772C56.3452 257.7 56.6292 257.664 56.9412 257.664C57.6692 257.664 58.2452 257.848 58.6692 258.216C59.1012 258.584 59.3172 259.096 59.3172 259.752V263.16H60.1812V264H59.5212ZM56.6652 263.34C56.9132 263.34 57.1372 263.312 57.3372 263.256C57.5452 263.192 57.7252 263.112 57.8772 263.016C58.0292 262.912 58.1452 262.792 58.2252 262.656C58.3132 262.512 58.3572 262.36 58.3572 262.2V261.18H57.0372C56.4612 261.18 56.0412 261.26 55.7772 261.42C55.5132 261.58 55.3812 261.812 55.3812 262.116V262.368C55.3812 262.688 55.4932 262.932 55.7172 263.1C55.9492 263.26 56.2652 263.34 56.6652 263.34ZM68.7086 264.708C68.7086 265.332 68.4486 265.792 67.9286 266.088C67.4086 266.392 66.6286 266.544 65.5886 266.544C64.5886 266.544 63.8686 266.412 63.4286 266.148C62.9966 265.884 62.7806 265.504 62.7806 265.008C62.7806 264.672 62.8686 264.412 63.0446 264.228C63.2206 264.044 63.4686 263.908 63.7886 263.82V263.676C63.6126 263.588 63.4766 263.476 63.3806 263.34C63.2846 263.204 63.2366 263.032 63.2366 262.824C63.2366 262.504 63.3406 262.264 63.5486 262.104C63.7646 261.944 64.0326 261.824 64.3526 261.744V261.696C63.9686 261.528 63.6686 261.28 63.4526 260.952C63.2446 260.624 63.1406 260.24 63.1406 259.8C63.1406 259.488 63.1966 259.2 63.3086 258.936C63.4206 258.672 63.5806 258.448 63.7886 258.264C64.0046 258.072 64.2606 257.924 64.5566 257.82C64.8526 257.716 65.1806 257.664 65.5406 257.664C66.0046 257.664 66.4126 257.748 66.7646 257.916V257.808C66.7646 257.568 66.8206 257.368 66.9326 257.208C67.0446 257.048 67.2366 256.968 67.5086 256.968H68.6486V257.808H67.2566V258.228C67.4806 258.42 67.6526 258.648 67.7726 258.912C67.8926 259.176 67.9526 259.472 67.9526 259.8C67.9526 260.112 67.8926 260.4 67.7726 260.664C67.6606 260.928 67.5006 261.156 67.2926 261.348C67.0846 261.532 66.8286 261.676 66.5246 261.78C66.2286 261.884 65.9006 261.936 65.5406 261.936C65.4366 261.936 65.3366 261.932 65.2406 261.924C65.1446 261.916 65.0486 261.904 64.9526 261.888C64.8566 261.904 64.7566 261.932 64.6526 261.972C64.5486 262.004 64.4526 262.052 64.3646 262.116C64.2766 262.172 64.2046 262.24 64.1486 262.32C64.0926 262.4 64.0646 262.492 64.0646 262.596C64.0646 262.78 64.1566 262.904 64.3406 262.968C64.5246 263.024 64.7646 263.052 65.0606 263.052H66.4286C67.2286 263.052 67.8086 263.204 68.1686 263.508C68.5286 263.804 68.7086 264.204 68.7086 264.708ZM67.8086 264.756C67.8086 264.508 67.7086 264.308 67.5086 264.156C67.3086 264.012 66.9606 263.94 66.4646 263.94H64.3166C63.9006 264.108 63.6926 264.388 63.6926 264.78C63.6926 265.052 63.8006 265.284 64.0166 265.476C64.2326 265.676 64.5926 265.776 65.0966 265.776H66.0326C66.5926 265.776 67.0286 265.688 67.3406 265.512C67.6526 265.344 67.8086 265.092 67.8086 264.756ZM65.5406 261.192C66.0206 261.192 66.3726 261.08 66.5966 260.856C66.8286 260.632 66.9446 260.336 66.9446 259.968V259.62C66.9446 259.252 66.8286 258.96 66.5966 258.744C66.3726 258.52 66.0206 258.408 65.5406 258.408C65.0606 258.408 64.7086 258.52 64.4846 258.744C64.2606 258.96 64.1486 259.252 64.1486 259.62V259.968C64.1486 260.336 64.2606 260.632 64.4846 260.856C64.7086 261.08 65.0606 261.192 65.5406 261.192ZM71.2959 263.184H73.1079V258.624H71.2959V257.808H74.0679V259.368H74.1279C74.2559 258.88 74.4959 258.5 74.8479 258.228C75.2079 257.948 75.6639 257.808 76.2159 257.808H77.0799V258.768H75.9159C75.3639 258.768 74.9159 258.928 74.5719 259.248C74.2359 259.568 74.0679 259.988 74.0679 260.508V263.184H76.4679V264H71.2959V263.184ZM84.7072 264C84.3312 264 84.0632 263.904 83.9032 263.712C83.7432 263.52 83.6432 263.28 83.6032 262.992H83.5432C83.4072 263.352 83.1872 263.636 82.8832 263.844C82.5872 264.044 82.1872 264.144 81.6832 264.144C81.0352 264.144 80.5192 263.976 80.1352 263.64C79.7512 263.304 79.5592 262.844 79.5592 262.26C79.5592 261.684 79.7672 261.24 80.1832 260.928C80.6072 260.616 81.2872 260.46 82.2232 260.46H83.5432V259.848C83.5432 259.392 83.4152 259.052 83.1592 258.828C82.9032 258.596 82.5392 258.48 82.0672 258.48C81.6512 258.48 81.3112 258.564 81.0472 258.732C80.7832 258.892 80.5712 259.112 80.4112 259.392L79.7632 258.912C79.8432 258.752 79.9512 258.596 80.0872 258.444C80.2232 258.292 80.3912 258.16 80.5912 258.048C80.7912 257.928 81.0192 257.836 81.2752 257.772C81.5312 257.7 81.8152 257.664 82.1272 257.664C82.8552 257.664 83.4312 257.848 83.8552 258.216C84.2872 258.584 84.5032 259.096 84.5032 259.752V263.16H85.3672V264H84.7072ZM81.8512 263.34C82.0992 263.34 82.3232 263.312 82.5232 263.256C82.7312 263.192 82.9112 263.112 83.0632 263.016C83.2152 262.912 83.3312 262.792 83.4112 262.656C83.4992 262.512 83.5432 262.36 83.5432 262.2V261.18H82.2232C81.6472 261.18 81.2272 261.26 80.9632 261.42C80.6992 261.58 80.5672 261.812 80.5672 262.116V262.368C80.5672 262.688 80.6792 262.932 80.9032 263.1C81.1352 263.26 81.4512 263.34 81.8512 263.34ZM87.8105 264V257.808H88.6985V258.528H88.7465C88.8425 258.288 88.9785 258.084 89.1545 257.916C89.3305 257.748 89.5905 257.664 89.9345 257.664C90.2945 257.664 90.5625 257.756 90.7385 257.94C90.9145 258.116 91.0225 258.348 91.0625 258.636H91.0985C91.2105 258.356 91.3705 258.124 91.5785 257.94C91.7865 257.756 92.0745 257.664 92.4425 257.664C92.9465 257.664 93.2825 257.84 93.4505 258.192C93.6265 258.544 93.7145 259.048 93.7145 259.704V264H92.8265V259.86C92.8265 259.332 92.7705 258.968 92.6585 258.768C92.5545 258.56 92.3585 258.456 92.0705 258.456C91.8145 258.456 91.6065 258.54 91.4465 258.708C91.2865 258.868 91.2065 259.116 91.2065 259.452V264H90.3185V259.86C90.3185 259.332 90.2625 258.968 90.1505 258.768C90.0465 258.56 89.8545 258.456 89.5745 258.456C89.3185 258.456 89.1065 258.54 88.9385 258.708C88.7785 258.868 88.6985 259.116 88.6985 259.452V264H87.8105ZM97.4178 260.856V259.848H100.898V260.856H97.4178ZM109.893 264C109.517 264 109.249 263.904 109.089 263.712C108.929 263.52 108.829 263.28 108.789 262.992H108.729C108.593 263.352 108.373 263.636 108.069 263.844C107.773 264.044 107.373 264.144 106.869 264.144C106.221 264.144 105.705 263.976 105.321 263.64C104.937 263.304 104.745 262.844 104.745 262.26C104.745 261.684 104.953 261.24 105.369 260.928C105.793 260.616 106.473 260.46 107.409 260.46H108.729V259.848C108.729 259.392 108.601 259.052 108.345 258.828C108.089 258.596 107.725 258.48 107.253 258.48C106.837 258.48 106.497 258.564 106.233 258.732C105.969 258.892 105.757 259.112 105.597 259.392L104.949 258.912C105.029 258.752 105.137 258.596 105.273 258.444C105.409 258.292 105.577 258.16 105.777 258.048C105.977 257.928 106.205 257.836 106.461 257.772C106.717 257.7 107.001 257.664 107.313 257.664C108.041 257.664 108.617 257.848 109.041 258.216C109.473 258.584 109.689 259.096 109.689 259.752V263.16H110.553V264H109.893ZM107.037 263.34C107.285 263.34 107.509 263.312 107.709 263.256C107.917 263.192 108.097 263.112 108.249 263.016C108.401 262.912 108.517 262.792 108.597 262.656C108.685 262.512 108.729 262.36 108.729 262.2V261.18H107.409C106.833 261.18 106.413 261.26 106.149 261.42C105.885 261.58 105.753 261.812 105.753 262.116V262.368C105.753 262.688 105.865 262.932 106.089 263.1C106.321 263.26 106.637 263.34 107.037 263.34ZM113.632 257.808H114.592V260.4H115.912L117.58 257.808H118.576L117.064 260.16C116.928 260.368 116.808 260.516 116.704 260.604C116.6 260.684 116.476 260.744 116.332 260.784V260.832C116.492 260.856 116.628 260.912 116.74 261C116.852 261.08 116.968 261.224 117.088 261.432L118.096 263.184H118.792V264H118.096C117.888 264 117.708 263.944 117.556 263.832C117.404 263.72 117.252 263.536 117.1 263.28L115.912 261.216H114.592V264H113.632V257.808ZM122.028 257.808H122.988V260.4H124.308L125.976 257.808H126.972L125.46 260.16C125.324 260.368 125.204 260.516 125.1 260.604C124.996 260.684 124.872 260.744 124.728 260.784V260.832C124.888 260.856 125.024 260.912 125.136 261C125.248 261.08 125.364 261.224 125.484 261.432L126.492 263.184H127.188V264H126.492C126.284 264 126.104 263.944 125.952 263.832C125.8 263.72 125.648 263.536 125.496 263.28L124.308 261.216H122.988V264H122.028V257.808ZM135.079 264C134.703 264 134.435 263.904 134.275 263.712C134.115 263.52 134.015 263.28 133.975 262.992H133.915C133.779 263.352 133.559 263.636 133.255 263.844C132.959 264.044 132.559 264.144 132.055 264.144C131.407 264.144 130.891 263.976 130.507 263.64C130.123 263.304 129.931 262.844 129.931 262.26C129.931 261.684 130.139 261.24 130.555 260.928C130.979 260.616 131.659 260.46 132.595 260.46H133.915V259.848C133.915 259.392 133.787 259.052 133.531 258.828C133.275 258.596 132.911 258.48 132.439 258.48C132.023 258.48 131.683 258.564 131.419 258.732C131.155 258.892 130.943 259.112 130.783 259.392L130.135 258.912C130.215 258.752 130.323 258.596 130.459 258.444C130.595 258.292 130.763 258.16 130.963 258.048C131.163 257.928 131.391 257.836 131.647 257.772C131.903 257.7 132.187 257.664 132.499 257.664C133.227 257.664 133.803 257.848 134.227 258.216C134.659 258.584 134.875 259.096 134.875 259.752V263.16H135.739V264H135.079ZM132.223 263.34C132.471 263.34 132.695 263.312 132.895 263.256C133.103 263.192 133.283 263.112 133.435 263.016C133.587 262.912 133.703 262.792 133.783 262.656C133.871 262.512 133.915 262.36 133.915 262.2V261.18H132.595C132.019 261.18 131.599 261.26 131.335 261.42C131.071 261.58 130.939 261.812 130.939 262.116V262.368C130.939 262.688 131.051 262.932 131.275 263.1C131.507 263.26 131.823 263.34 132.223 263.34ZM143.138 257.808H144.098L141.026 265.356C140.954 265.532 140.874 265.684 140.786 265.812C140.698 265.948 140.594 266.056 140.474 266.136C140.354 266.224 140.21 266.288 140.042 266.328C139.874 266.376 139.674 266.4 139.442 266.4H138.53V265.584H139.97L140.666 263.88L138.17 257.808H139.154L140.198 260.4L141.122 262.752H141.17L142.094 260.4L143.138 257.808ZM147.07 257.808H148.03V260.4H151.03V257.808H151.99V264H151.03V261.216H148.03V264H147.07V257.808ZM157.445 258.624H155.165V257.808H160.685V258.624H158.405V264H157.445V258.624Z" fill="#B4B4B4"/>
<rect x="371.5" y="252" width="14" height="14" rx="7" stroke="#707070"/>
<path d="M378.42 261.905C378.974 261.953 379.323 261.431 379.684 261.097C379.759 261.081 379.752 261.201 379.732 261.247C379.665 261.408 379.118 262.177 378.979 262.313C378.32 262.966 376.469 263.536 376.663 262.128C376.741 261.562 378.064 258.402 377.914 258.266C377.384 258.24 376.914 258.629 376.549 258.973C376.494 258.568 377.237 257.919 377.608 257.707C378.288 257.317 379.99 256.95 379.815 258.188C379.737 258.742 378.239 261.723 378.42 261.905Z" fill="#707070"/>
<path d="M379 255.056C380.748 254.606 380.945 256.994 379.456 257.133C378.228 257.247 377.913 255.336 379 255.056Z" fill="#707070"/>
<rect x="20" y="275" width="366" height="36" rx="10" fill="#262626" fill-opacity="0.2"/>
<rect x="20.5" y="275.5" width="365" height="35" rx="9.5" stroke="url(#paint0_linear_5403_3890)" stroke-opacity="0.3"/>
<path d="M37.033 300C36.0288 300 35.0998 299.826 34.2462 299.477C33.3926 299.135 32.6488 298.656 32.0148 298.04C31.3809 297.418 30.885 296.687 30.5272 295.847C30.1757 295.007 30 294.092 30 293.103C30 292.051 30.1726 291.093 30.5178 290.228C30.863 289.357 31.3495 288.607 31.9772 287.979C32.6111 287.344 33.3612 286.856 34.2274 286.513C35.0935 286.171 36.0445 286 37.0801 286C38.2664 286 39.3021 286.19 40.1871 286.569C41.0784 286.943 41.8128 287.453 42.3902 288.1C42.9677 288.741 43.3882 289.463 43.6518 290.265C43.9217 291.068 44.0347 291.899 43.9908 292.757C43.928 293.933 43.6456 294.82 43.1434 295.417C42.6476 296.015 41.954 296.313 41.0627 296.313C40.4852 296.313 39.9831 296.18 39.5563 295.912C39.1295 295.644 38.8439 295.268 38.6995 294.783L39.1514 294.829C38.9318 295.271 38.6022 295.592 38.1629 295.791C37.7298 295.99 37.2778 296.089 36.8071 296.089C36.2359 296.089 35.7338 295.968 35.3007 295.725C34.8739 295.476 34.5381 295.134 34.2933 294.699C34.0548 294.263 33.9355 293.759 33.9355 293.187C33.9355 292.589 34.061 292.073 34.3121 291.637C34.5632 291.202 34.9084 290.866 35.3478 290.629C35.7871 290.393 36.283 290.275 36.8353 290.275C37.2433 290.275 37.6639 290.359 38.0969 290.527C38.5363 290.695 38.8721 290.968 39.1044 291.348L38.7372 291.759V290.536H39.7352L39.7258 293.569C39.7258 294.03 39.8325 294.406 40.0459 294.699C40.2656 294.985 40.6265 295.128 41.1286 295.128C41.4675 295.128 41.75 295.035 41.976 294.848C42.2082 294.661 42.3871 294.4 42.5126 294.064C42.6381 293.722 42.7103 293.32 42.7292 292.86C42.7668 291.914 42.6444 291.087 42.362 290.377C42.0795 289.668 41.6778 289.077 41.1568 288.604C40.6359 288.125 40.0302 287.767 39.3397 287.531C38.6556 287.294 37.9243 287.176 37.146 287.176C36.2045 287.176 35.3666 287.332 34.6322 287.643C33.9041 287.954 33.2859 288.383 32.7774 288.931C32.2753 289.478 31.8956 290.11 31.6382 290.825C31.3809 291.535 31.2585 292.291 31.271 293.093C31.2773 293.921 31.428 294.686 31.723 295.389C32.0242 296.086 32.4385 296.693 32.9657 297.209C33.493 297.72 34.1081 298.115 34.8111 298.395C35.5141 298.681 36.2767 298.824 37.099 298.824C37.6325 298.824 38.166 298.756 38.6995 298.619C39.2393 298.482 39.7195 298.292 40.14 298.049L40.5825 299.095C40.0365 299.4 39.4621 299.627 38.8596 299.776C38.257 299.925 37.6482 300 37.033 300ZM36.8824 294.895C37.372 294.895 37.7706 294.755 38.0781 294.475C38.392 294.195 38.5489 293.762 38.5489 293.177C38.5489 292.605 38.3982 292.172 38.0969 291.88C37.8019 291.588 37.4065 291.441 36.9107 291.441C36.3457 291.441 35.9127 291.594 35.6114 291.899C35.3164 292.204 35.1689 292.63 35.1689 293.177C35.1689 293.731 35.3226 294.157 35.6302 294.456C35.9378 294.748 36.3552 294.895 36.8824 294.895Z" fill="#707070" fill-opacity="0.4"/>
<path d="M52.84 298V289.36H56.176C56.26 289.36 56.354 289.364 56.458 289.372C56.566 289.376 56.674 289.388 56.782 289.408C57.234 289.476 57.616 289.634 57.928 289.882C58.244 290.126 58.482 290.434 58.642 290.806C58.806 291.178 58.888 291.59 58.888 292.042C58.888 292.694 58.716 293.26 58.372 293.74C58.028 294.22 57.536 294.522 56.896 294.646L56.59 294.718H53.722V298H52.84ZM58.072 298L56.368 294.484L57.214 294.16L59.086 298H58.072ZM53.722 293.878H56.152C56.224 293.878 56.308 293.874 56.404 293.866C56.5 293.858 56.594 293.844 56.686 293.824C56.982 293.76 57.224 293.638 57.412 293.458C57.604 293.278 57.746 293.064 57.838 292.816C57.934 292.568 57.982 292.31 57.982 292.042C57.982 291.774 57.934 291.516 57.838 291.268C57.746 291.016 57.604 290.8 57.412 290.62C57.224 290.44 56.982 290.318 56.686 290.254C56.594 290.234 56.5 290.222 56.404 290.218C56.308 290.21 56.224 290.206 56.152 290.206H53.722V293.878ZM64.3523 298.18C63.7203 298.18 63.1723 298.04 62.7083 297.76C62.2483 297.48 61.8903 297.086 61.6343 296.578C61.3783 296.07 61.2503 295.474 61.2503 294.79C61.2503 294.082 61.3763 293.47 61.6283 292.954C61.8803 292.438 62.2343 292.04 62.6903 291.76C63.1503 291.48 63.6923 291.34 64.3163 291.34C64.9563 291.34 65.5023 291.488 65.9543 291.784C66.4063 292.076 66.7483 292.496 66.9803 293.044C67.2123 293.592 67.3183 294.246 67.2983 295.006H66.3983V294.694C66.3823 293.854 66.2003 293.22 65.8523 292.792C65.5083 292.364 65.0043 292.15 64.3403 292.15C63.6443 292.15 63.1103 292.376 62.7383 292.828C62.3703 293.28 62.1863 293.924 62.1863 294.76C62.1863 295.576 62.3703 296.21 62.7383 296.662C63.1103 297.11 63.6363 297.334 64.3163 297.334C64.7803 297.334 65.1843 297.228 65.5283 297.016C65.8763 296.8 66.1503 296.49 66.3503 296.086L67.1723 296.404C66.9163 296.968 66.5383 297.406 66.0383 297.718C65.5423 298.026 64.9803 298.18 64.3523 298.18ZM61.8743 295.006V294.268H66.8243V295.006H61.8743ZM69.9498 298V289.18H70.8318V298H69.9498ZM73.9506 298V289.18H74.8326V298H73.9506ZM80.5734 298.18C79.9414 298.18 79.3934 298.04 78.9294 297.76C78.4694 297.48 78.1114 297.086 77.8554 296.578C77.5994 296.07 77.4714 295.474 77.4714 294.79C77.4714 294.082 77.5974 293.47 77.8494 292.954C78.1014 292.438 78.4554 292.04 78.9114 291.76C79.3714 291.48 79.9134 291.34 80.5374 291.34C81.1774 291.34 81.7234 291.488 82.1754 291.784C82.6274 292.076 82.9694 292.496 83.2014 293.044C83.4334 293.592 83.5394 294.246 83.5194 295.006H82.6194V294.694C82.6034 293.854 82.4214 293.22 82.0734 292.792C81.7294 292.364 81.2254 292.15 80.5614 292.15C79.8654 292.15 79.3314 292.376 78.9594 292.828C78.5914 293.28 78.4074 293.924 78.4074 294.76C78.4074 295.576 78.5914 296.21 78.9594 296.662C79.3314 297.11 79.8574 297.334 80.5374 297.334C81.0014 297.334 81.4054 297.228 81.7494 297.016C82.0974 296.8 82.3714 296.49 82.5714 296.086L83.3934 296.404C83.1374 296.968 82.7594 297.406 82.2594 297.718C81.7634 298.026 81.2014 298.18 80.5734 298.18ZM78.0954 295.006V294.268H83.0454V295.006H78.0954ZM88.4689 298.174C87.7089 298.174 87.0829 298.01 86.5909 297.682C86.1029 297.354 85.8029 296.898 85.6909 296.314L86.5909 296.164C86.6869 296.532 86.9049 296.826 87.2449 297.046C87.5889 297.262 88.0129 297.37 88.5169 297.37C89.0089 297.37 89.3969 297.268 89.6809 297.064C89.9649 296.856 90.1069 296.574 90.1069 296.218C90.1069 296.018 90.0609 295.856 89.9689 295.732C89.8809 295.604 89.6989 295.486 89.4229 295.378C89.1469 295.27 88.7349 295.142 88.1869 294.994C87.5989 294.834 87.1389 294.674 86.8069 294.514C86.4749 294.354 86.2389 294.17 86.0989 293.962C85.9589 293.75 85.8889 293.492 85.8889 293.188C85.8889 292.82 85.9929 292.498 86.2009 292.222C86.4089 291.942 86.6969 291.726 87.0649 291.574C87.4329 291.418 87.8609 291.34 88.3489 291.34C88.8369 291.34 89.2729 291.42 89.6569 291.58C90.0449 291.736 90.3569 291.956 90.5929 292.24C90.8289 292.524 90.9689 292.854 91.0129 293.23L90.1129 293.392C90.0529 293.012 89.8629 292.712 89.5429 292.492C89.2269 292.268 88.8249 292.152 88.3369 292.144C87.8769 292.132 87.5029 292.22 87.2149 292.408C86.9269 292.592 86.7829 292.838 86.7829 293.146C86.7829 293.318 86.8349 293.466 86.9389 293.59C87.0429 293.71 87.2309 293.824 87.5029 293.932C87.7789 294.04 88.1709 294.158 88.6789 294.286C89.2749 294.438 89.7429 294.598 90.0829 294.766C90.4229 294.934 90.6649 295.132 90.8089 295.36C90.9529 295.588 91.0249 295.87 91.0249 296.206C91.0249 296.818 90.7969 297.3 90.3409 297.652C89.8889 298 89.2649 298.174 88.4689 298.174ZM96.2976 298.18C95.6656 298.18 95.1176 298.04 94.6536 297.76C94.1936 297.48 93.8356 297.086 93.5796 296.578C93.3236 296.07 93.1956 295.474 93.1956 294.79C93.1956 294.082 93.3216 293.47 93.5736 292.954C93.8256 292.438 94.1796 292.04 94.6356 291.76C95.0956 291.48 95.6376 291.34 96.2616 291.34C96.9016 291.34 97.4476 291.488 97.8996 291.784C98.3516 292.076 98.6936 292.496 98.9256 293.044C99.1576 293.592 99.2636 294.246 99.2436 295.006H98.3436V294.694C98.3276 293.854 98.1456 293.22 97.7976 292.792C97.4536 292.364 96.9496 292.15 96.2856 292.15C95.5896 292.15 95.0556 292.376 94.6836 292.828C94.3156 293.28 94.1316 293.924 94.1316 294.76C94.1316 295.576 94.3156 296.21 94.6836 296.662C95.0556 297.11 95.5816 297.334 96.2616 297.334C96.7256 297.334 97.1296 297.228 97.4736 297.016C97.8216 296.8 98.0956 296.49 98.2956 296.086L99.1176 296.404C98.8616 296.968 98.4836 297.406 97.9836 297.718C97.4876 298.026 96.9256 298.18 96.2976 298.18ZM93.8196 295.006V294.268H98.7696V295.006H93.8196ZM101.535 297.994L101.541 297.19L105.447 293.662C105.783 293.358 106.005 293.07 106.113 292.798C106.225 292.522 106.281 292.234 106.281 291.934C106.281 291.578 106.197 291.256 106.029 290.968C105.861 290.68 105.635 290.452 105.351 290.284C105.067 290.112 104.749 290.026 104.397 290.026C104.029 290.026 103.701 290.114 103.413 290.29C103.125 290.466 102.897 290.698 102.729 290.986C102.565 291.274 102.485 291.588 102.489 291.928H101.589C101.589 291.404 101.713 290.934 101.961 290.518C102.209 290.102 102.545 289.776 102.969 289.54C103.393 289.3 103.873 289.18 104.409 289.18C104.933 289.18 105.403 289.304 105.819 289.552C106.239 289.796 106.569 290.128 106.809 290.548C107.053 290.964 107.175 291.428 107.175 291.94C107.175 292.3 107.131 292.618 107.043 292.894C106.959 293.166 106.825 293.42 106.641 293.656C106.461 293.888 106.231 294.128 105.951 294.376L102.483 297.508L102.345 297.148H107.175V297.994H101.535ZM112.741 298.18C112.201 298.18 111.709 298.05 111.265 297.79C110.825 297.526 110.473 297.17 110.209 296.722C109.949 296.27 109.819 295.762 109.819 295.198V292.204C109.819 291.624 109.949 291.108 110.209 290.656C110.469 290.2 110.823 289.842 111.271 289.582C111.723 289.318 112.235 289.186 112.807 289.186C113.299 289.186 113.755 289.294 114.175 289.51C114.599 289.726 114.945 290.028 115.213 290.416L114.535 290.974C114.351 290.686 114.107 290.456 113.803 290.284C113.499 290.112 113.167 290.026 112.807 290.026C112.403 290.026 112.043 290.124 111.727 290.32C111.411 290.516 111.163 290.774 110.983 291.094C110.803 291.41 110.713 291.754 110.713 292.126V294.01L110.491 293.758C110.743 293.362 111.073 293.042 111.481 292.798C111.893 292.554 112.341 292.432 112.825 292.432C113.361 292.432 113.843 292.56 114.271 292.816C114.699 293.068 115.039 293.41 115.291 293.842C115.543 294.274 115.669 294.758 115.669 295.294C115.669 295.826 115.535 296.31 115.267 296.746C115.003 297.182 114.649 297.53 114.205 297.79C113.765 298.05 113.277 298.18 112.741 298.18ZM112.741 297.322C113.117 297.322 113.459 297.232 113.767 297.052C114.079 296.872 114.325 296.628 114.505 296.32C114.689 296.012 114.781 295.67 114.781 295.294C114.781 294.918 114.689 294.576 114.505 294.268C114.325 293.956 114.081 293.71 113.773 293.53C113.465 293.346 113.123 293.254 112.747 293.254C112.371 293.254 112.029 293.346 111.721 293.53C111.413 293.71 111.167 293.956 110.983 294.268C110.803 294.576 110.713 294.918 110.713 295.294C110.713 295.666 110.803 296.006 110.983 296.314C111.163 296.622 111.407 296.868 111.715 297.052C112.023 297.232 112.365 297.322 112.741 297.322Z" fill="#707070"/>
<path d="M21.02 330.624H25.748V331.5H22.028V333.984H24.092C24.844 333.984 25.42 334.2 25.82 334.632C26.228 335.064 26.432 335.684 26.432 336.492C26.432 337.3 26.228 337.92 25.82 338.352C25.42 338.784 24.844 339 24.092 339H21.02V330.624ZM24.068 338.124C24.468 338.124 24.784 338.02 25.016 337.812C25.248 337.596 25.364 337.26 25.364 336.804V336.18C25.364 335.724 25.248 335.392 25.016 335.184C24.784 334.968 24.468 334.86 24.068 334.86H22.028V338.124H24.068ZM29.5353 332.808H30.4953V333.816H30.5433C30.9433 333.048 31.5793 332.664 32.4513 332.664C33.2113 332.664 33.8033 332.948 34.2273 333.516C34.6593 334.084 34.8753 334.88 34.8753 335.904C34.8753 336.928 34.6593 337.724 34.2273 338.292C33.8033 338.86 33.2113 339.144 32.4513 339.144C31.5793 339.144 30.9433 338.76 30.5433 337.992H30.4953V341.4H29.5353V332.808ZM32.0793 338.292C32.6393 338.292 33.0713 338.124 33.3753 337.788C33.6873 337.444 33.8433 336.992 33.8433 336.432V335.376C33.8433 334.816 33.6873 334.368 33.3753 334.032C33.0713 333.688 32.6393 333.516 32.0793 333.516C31.8633 333.516 31.6593 333.544 31.4673 333.6C31.2753 333.656 31.1073 333.74 30.9633 333.852C30.8193 333.956 30.7033 334.088 30.6153 334.248C30.5353 334.4 30.4953 334.58 30.4953 334.788V337.02C30.4953 337.228 30.5353 337.412 30.6153 337.572C30.7033 337.724 30.8193 337.856 30.9633 337.968C31.1073 338.072 31.2753 338.152 31.4673 338.208C31.6593 338.264 31.8633 338.292 32.0793 338.292ZM42.7306 339C42.3546 339 42.0866 338.904 41.9266 338.712C41.7666 338.52 41.6666 338.28 41.6266 337.992H41.5666C41.4306 338.352 41.2106 338.636 40.9066 338.844C40.6106 339.044 40.2106 339.144 39.7066 339.144C39.0586 339.144 38.5426 338.976 38.1586 338.64C37.7746 338.304 37.5826 337.844 37.5826 337.26C37.5826 336.684 37.7906 336.24 38.2066 335.928C38.6306 335.616 39.3106 335.46 40.2466 335.46H41.5666V334.848C41.5666 334.392 41.4386 334.052 41.1826 333.828C40.9266 333.596 40.5626 333.48 40.0906 333.48C39.6746 333.48 39.3346 333.564 39.0706 333.732C38.8066 333.892 38.5946 334.112 38.4346 334.392L37.7866 333.912C37.8666 333.752 37.9746 333.596 38.1106 333.444C38.2466 333.292 38.4146 333.16 38.6146 333.048C38.8146 332.928 39.0426 332.836 39.2986 332.772C39.5546 332.7 39.8386 332.664 40.1506 332.664C40.8786 332.664 41.4546 332.848 41.8786 333.216C42.3106 333.584 42.5266 334.096 42.5266 334.752V338.16H43.3906V339H42.7306ZM39.8746 338.34C40.1226 338.34 40.3466 338.312 40.5466 338.256C40.7546 338.192 40.9346 338.112 41.0866 338.016C41.2386 337.912 41.3546 337.792 41.4346 337.656C41.5226 337.512 41.5666 337.36 41.5666 337.2V336.18H40.2466C39.6706 336.18 39.2506 336.26 38.9866 336.42C38.7226 336.58 38.5906 336.812 38.5906 337.116V337.368C38.5906 337.688 38.7026 337.932 38.9266 338.1C39.1586 338.26 39.4746 338.34 39.8746 338.34ZM50.7899 332.808H51.7499L48.6779 340.356C48.6059 340.532 48.5259 340.684 48.4379 340.812C48.3499 340.948 48.2459 341.056 48.1259 341.136C48.0059 341.224 47.8619 341.288 47.6939 341.328C47.5259 341.376 47.3259 341.4 47.0939 341.4H46.1819V340.584H47.6219L48.3179 338.88L45.8219 332.808H46.8059L47.8499 335.4L48.7739 337.752H48.8219L49.7459 335.4L50.7899 332.808ZM56.9292 339.144C56.2892 339.144 55.7572 339.04 55.3332 338.832C54.9172 338.624 54.5772 338.328 54.3132 337.944L55.0212 337.368C55.2132 337.672 55.4652 337.908 55.7772 338.076C56.0892 338.236 56.4732 338.316 56.9292 338.316C57.5052 338.316 57.9212 338.224 58.1772 338.04C58.4332 337.856 58.5612 337.62 58.5612 337.332V337.164C58.5612 336.852 58.4572 336.616 58.2492 336.456C58.0492 336.288 57.7572 336.204 57.3732 336.204H55.7052V335.4H57.2532C58.0372 335.4 58.4292 335.108 58.4292 334.524V334.38C58.4292 334.116 58.3172 333.904 58.0932 333.744C57.8772 333.576 57.4972 333.492 56.9532 333.492C56.4732 333.492 56.0852 333.572 55.7892 333.732C55.5012 333.892 55.2652 334.116 55.0812 334.404L54.4092 333.948C54.6892 333.54 55.0292 333.224 55.4292 333C55.8292 332.776 56.3532 332.664 57.0012 332.664C57.8252 332.664 58.4372 332.812 58.8372 333.108C59.2452 333.404 59.4492 333.812 59.4492 334.332C59.4492 334.716 59.3492 335.02 59.1492 335.244C58.9492 335.468 58.6692 335.624 58.3092 335.712V335.76C58.7252 335.824 59.0412 335.984 59.2572 336.24C59.4732 336.488 59.5812 336.808 59.5812 337.2C59.5812 337.8 59.3492 338.276 58.8852 338.628C58.4292 338.972 57.7772 339.144 56.9292 339.144ZM65.6846 339.144C65.2366 339.144 64.8326 339.068 64.4726 338.916C64.1206 338.764 63.8166 338.548 63.5606 338.268C63.3126 337.98 63.1206 337.64 62.9846 337.248C62.8486 336.848 62.7806 336.404 62.7806 335.916C62.7806 335.42 62.8486 334.972 62.9846 334.572C63.1286 334.172 63.3246 333.832 63.5726 333.552C63.8206 333.264 64.1166 333.044 64.4606 332.892C64.8126 332.74 65.2006 332.664 65.6246 332.664C66.0406 332.664 66.4166 332.74 66.7526 332.892C67.0966 333.044 67.3886 333.256 67.6286 333.528C67.8686 333.792 68.0526 334.108 68.1806 334.476C68.3086 334.844 68.3726 335.248 68.3726 335.688V336.144H63.7886V336.432C63.7886 336.704 63.8326 336.956 63.9206 337.188C64.0086 337.42 64.1326 337.62 64.2926 337.788C64.4606 337.956 64.6606 338.088 64.8926 338.184C65.1326 338.272 65.3966 338.316 65.6846 338.316C66.1006 338.316 66.4606 338.22 66.7646 338.028C67.0686 337.836 67.3006 337.572 67.4606 337.236L68.1686 337.716C67.9846 338.132 67.6766 338.476 67.2446 338.748C66.8206 339.012 66.3006 339.144 65.6846 339.144ZM65.6246 333.456C65.3606 333.456 65.1166 333.504 64.8926 333.6C64.6686 333.696 64.4726 333.828 64.3046 333.996C64.1446 334.164 64.0166 334.364 63.9206 334.596C63.8326 334.82 63.7886 335.068 63.7886 335.34V335.424H67.3406V335.292C67.3406 335.02 67.2966 334.772 67.2086 334.548C67.1286 334.324 67.0126 334.132 66.8606 333.972C66.7166 333.804 66.5366 333.676 66.3206 333.588C66.1126 333.5 65.8806 333.456 65.6246 333.456ZM71.5119 332.808H72.4719V333.816H72.5199C72.9199 333.048 73.5559 332.664 74.4279 332.664C75.1879 332.664 75.7799 332.948 76.2039 333.516C76.6359 334.084 76.8519 334.88 76.8519 335.904C76.8519 336.928 76.6359 337.724 76.2039 338.292C75.7799 338.86 75.1879 339.144 74.4279 339.144C73.5559 339.144 72.9199 338.76 72.5199 337.992H72.4719V341.4H71.5119V332.808ZM74.0559 338.292C74.6159 338.292 75.0479 338.124 75.3519 337.788C75.6639 337.444 75.8199 336.992 75.8199 336.432V335.376C75.8199 334.816 75.6639 334.368 75.3519 334.032C75.0479 333.688 74.6159 333.516 74.0559 333.516C73.8399 333.516 73.6359 333.544 73.4439 333.6C73.2519 333.656 73.0839 333.74 72.9399 333.852C72.7959 333.956 72.6799 334.088 72.5919 334.248C72.5119 334.4 72.4719 334.58 72.4719 334.788V337.02C72.4719 337.228 72.5119 337.412 72.5919 337.572C72.6799 337.724 72.7959 337.856 72.9399 337.968C73.0839 338.072 73.2519 338.152 73.4439 338.208C73.6359 338.264 73.8399 338.292 74.0559 338.292ZM90.9785 339.144C90.5305 339.144 90.1305 339.068 89.7785 338.916C89.4345 338.756 89.1425 338.536 88.9025 338.256C88.6625 337.976 88.4785 337.636 88.3505 337.236C88.2305 336.836 88.1705 336.392 88.1705 335.904C88.1705 335.416 88.2345 334.972 88.3625 334.572C88.4905 334.172 88.6745 333.832 88.9145 333.552C89.1545 333.264 89.4465 333.044 89.7905 332.892C90.1345 332.74 90.5265 332.664 90.9665 332.664C91.5665 332.664 92.0545 332.796 92.4305 333.06C92.8065 333.324 93.0825 333.668 93.2585 334.092L92.4905 334.5C92.3785 334.18 92.1905 333.932 91.9265 333.756C91.6705 333.58 91.3505 333.492 90.9665 333.492C90.6865 333.492 90.4345 333.54 90.2105 333.636C89.9945 333.724 89.8105 333.852 89.6585 334.02C89.5065 334.188 89.3905 334.388 89.3105 334.62C89.2385 334.852 89.2025 335.104 89.2025 335.376V336.432C89.2025 336.704 89.2385 336.956 89.3105 337.188C89.3905 337.42 89.5065 337.62 89.6585 337.788C89.8105 337.956 89.9985 338.088 90.2225 338.184C90.4465 338.272 90.7025 338.316 90.9905 338.316C91.4065 338.316 91.7505 338.22 92.0225 338.028C92.2945 337.836 92.5105 337.572 92.6705 337.236L93.3545 337.704C93.1705 338.12 92.8825 338.464 92.4905 338.736C92.1065 339.008 91.6025 339.144 90.9785 339.144ZM105.237 332.808H108.393C108.897 332.808 109.293 332.952 109.581 333.24C109.869 333.52 110.013 333.9 110.013 334.38C110.013 335.156 109.609 335.592 108.801 335.688V335.736C109.281 335.776 109.637 335.928 109.869 336.192C110.109 336.448 110.229 336.768 110.229 337.152C110.229 337.4 110.189 337.636 110.109 337.86C110.029 338.084 109.913 338.28 109.761 338.448C109.609 338.616 109.421 338.752 109.197 338.856C108.973 338.952 108.717 339 108.429 339H105.237V332.808ZM108.189 338.232C108.517 338.232 108.769 338.152 108.945 337.992C109.121 337.832 109.209 337.612 109.209 337.332V337.056C109.209 336.776 109.121 336.56 108.945 336.408C108.777 336.248 108.549 336.168 108.261 336.168H106.197V338.232H108.189ZM108.141 335.412C108.405 335.412 108.613 335.344 108.765 335.208C108.917 335.072 108.993 334.88 108.993 334.632V334.368C108.993 334.12 108.917 333.928 108.765 333.792C108.613 333.648 108.405 333.576 108.141 333.576H106.197V335.412H108.141ZM112.996 332.808H113.956V335.052H115C115.624 335.052 116.12 335.228 116.488 335.58C116.856 335.932 117.04 336.416 117.04 337.032C117.04 337.656 116.86 338.14 116.5 338.484C116.14 338.828 115.644 339 115.012 339H112.996V332.808ZM114.868 338.184C115.228 338.184 115.508 338.112 115.708 337.968C115.916 337.824 116.02 337.592 116.02 337.272V336.768C116.02 336.448 115.916 336.22 115.708 336.084C115.508 335.94 115.228 335.868 114.868 335.868H113.956V338.184H114.868ZM117.94 332.808H118.9V339H117.94V332.808ZM121.908 332.808H126.78V339H125.82V333.624H122.868V339H121.908V332.808ZM132.739 339.144C132.307 339.144 131.915 339.068 131.563 338.916C131.219 338.764 130.923 338.548 130.675 338.268C130.435 337.98 130.251 337.64 130.123 337.248C129.995 336.848 129.931 336.4 129.931 335.904C129.931 335.416 129.995 334.972 130.123 334.572C130.251 334.172 130.435 333.832 130.675 333.552C130.923 333.264 131.219 333.044 131.563 332.892C131.915 332.74 132.307 332.664 132.739 332.664C133.171 332.664 133.559 332.74 133.903 332.892C134.255 333.044 134.551 333.264 134.791 333.552C135.039 333.832 135.227 334.172 135.355 334.572C135.483 334.972 135.547 335.416 135.547 335.904C135.547 336.4 135.483 336.848 135.355 337.248C135.227 337.64 135.039 337.98 134.791 338.268C134.551 338.548 134.255 338.764 133.903 338.916C133.559 339.068 133.171 339.144 132.739 339.144ZM132.739 338.316C133.275 338.316 133.707 338.156 134.035 337.836C134.363 337.516 134.527 337.02 134.527 336.348V335.46C134.527 334.788 134.363 334.292 134.035 333.972C133.707 333.652 133.275 333.492 132.739 333.492C132.203 333.492 131.771 333.652 131.443 333.972C131.115 334.292 130.951 334.788 130.951 335.46V336.348C130.951 337.02 131.115 337.516 131.443 337.836C131.771 338.156 132.203 338.316 132.739 338.316ZM137.846 338.184H138.614C138.734 338.032 138.838 337.852 138.926 337.644C139.022 337.436 139.098 337.188 139.154 336.9C139.218 336.612 139.266 336.28 139.298 335.904C139.33 335.52 139.346 335.076 139.346 334.572V332.808H143.462V339H142.502V333.624H140.282V334.596C140.282 335.716 140.198 336.596 140.03 337.236C139.87 337.868 139.654 338.32 139.382 338.592C139.23 338.744 139.062 338.852 138.878 338.916C138.694 338.972 138.474 339 138.218 339H137.846V338.184ZM147.07 332.808H148.03V335.4H151.03V332.808H151.99V339H151.03V336.216H148.03V339H147.07V332.808ZM158.033 339.144C157.585 339.144 157.181 339.068 156.821 338.916C156.469 338.764 156.165 338.548 155.909 338.268C155.661 337.98 155.469 337.64 155.333 337.248C155.197 336.848 155.129 336.404 155.129 335.916C155.129 335.42 155.197 334.972 155.333 334.572C155.477 334.172 155.673 333.832 155.921 333.552C156.169 333.264 156.465 333.044 156.809 332.892C157.161 332.74 157.549 332.664 157.973 332.664C158.389 332.664 158.765 332.74 159.101 332.892C159.445 333.044 159.737 333.256 159.977 333.528C160.217 333.792 160.401 334.108 160.529 334.476C160.657 334.844 160.721 335.248 160.721 335.688V336.144H156.137V336.432C156.137 336.704 156.181 336.956 156.269 337.188C156.357 337.42 156.481 337.62 156.641 337.788C156.809 337.956 157.009 338.088 157.241 338.184C157.481 338.272 157.745 338.316 158.033 338.316C158.449 338.316 158.809 338.22 159.113 338.028C159.417 337.836 159.649 337.572 159.809 337.236L160.517 337.716C160.333 338.132 160.025 338.476 159.593 338.748C159.169 339.012 158.649 339.144 158.033 339.144ZM157.973 333.456C157.709 333.456 157.465 333.504 157.241 333.6C157.017 333.696 156.821 333.828 156.653 333.996C156.493 334.164 156.365 334.364 156.269 334.596C156.181 334.82 156.137 335.068 156.137 335.34V335.424H159.689V335.292C159.689 335.02 159.645 334.772 159.557 334.548C159.477 334.324 159.361 334.132 159.209 333.972C159.065 333.804 158.885 333.676 158.669 333.588C158.461 333.5 158.229 333.456 157.973 333.456ZM163.86 332.808H164.82V335.4H167.82V332.808H168.78V339H167.82V336.216H164.82V339H163.86V332.808ZM172.256 332.808H173.216V335.4H176.216V332.808H177.176V339H176.216V336.216H173.216V339H172.256V332.808ZM180.159 332.808H181.119V335.052H182.163C182.787 335.052 183.283 335.228 183.651 335.58C184.019 335.932 184.203 336.416 184.203 337.032C184.203 337.656 184.023 338.14 183.663 338.484C183.303 338.828 182.807 339 182.175 339H180.159V332.808ZM182.031 338.184C182.391 338.184 182.671 338.112 182.871 337.968C183.079 337.824 183.183 337.592 183.183 337.272V336.768C183.183 336.448 183.079 336.22 182.871 336.084C182.671 335.94 182.391 335.868 182.031 335.868H181.119V338.184H182.031ZM185.103 332.808H186.063V339H185.103V332.808ZM188.77 332.808H190.09L191.518 335.964H191.59L193.018 332.808H194.242V339H193.318V335.124L193.354 334.02H193.282L191.506 337.944L189.73 334.02H189.658L189.694 335.124V339H188.77V332.808ZM205.981 332.808H209.137C209.641 332.808 210.037 332.952 210.325 333.24C210.613 333.52 210.757 333.9 210.757 334.38C210.757 335.156 210.353 335.592 209.545 335.688V335.736C210.025 335.776 210.381 335.928 210.613 336.192C210.853 336.448 210.973 336.768 210.973 337.152C210.973 337.4 210.933 337.636 210.853 337.86C210.773 338.084 210.657 338.28 210.505 338.448C210.353 338.616 210.165 338.752 209.941 338.856C209.717 338.952 209.461 339 209.173 339H205.981V332.808ZM208.933 338.232C209.261 338.232 209.513 338.152 209.689 337.992C209.865 337.832 209.953 337.612 209.953 337.332V337.056C209.953 336.776 209.865 336.56 209.689 336.408C209.521 336.248 209.293 336.168 209.005 336.168H206.941V338.232H208.933ZM208.885 335.412C209.149 335.412 209.357 335.344 209.509 335.208C209.661 335.072 209.737 334.88 209.737 334.632V334.368C209.737 334.12 209.661 333.928 209.509 333.792C209.357 333.648 209.149 333.576 208.885 333.576H206.941V335.412H208.885ZM213.824 339L216.128 335.856L213.884 332.808H215.036L215.972 334.116L216.716 335.148H216.764L217.484 334.116L218.408 332.808H219.512L217.244 335.844L219.572 339H218.42L217.376 337.548L216.668 336.564H216.62L215.936 337.548L214.928 339H213.824ZM225.088 339.144C224.656 339.144 224.264 339.068 223.912 338.916C223.568 338.764 223.272 338.548 223.024 338.268C222.784 337.98 222.6 337.64 222.472 337.248C222.344 336.848 222.28 336.4 222.28 335.904C222.28 335.416 222.344 334.972 222.472 334.572C222.6 334.172 222.784 333.832 223.024 333.552C223.272 333.264 223.568 333.044 223.912 332.892C224.264 332.74 224.656 332.664 225.088 332.664C225.52 332.664 225.908 332.74 226.252 332.892C226.604 333.044 226.9 333.264 227.14 333.552C227.388 333.832 227.576 334.172 227.704 334.572C227.832 334.972 227.896 335.416 227.896 335.904C227.896 336.4 227.832 336.848 227.704 337.248C227.576 337.64 227.388 337.98 227.14 338.268C226.9 338.548 226.604 338.764 226.252 338.916C225.908 339.068 225.52 339.144 225.088 339.144ZM225.088 338.316C225.624 338.316 226.056 338.156 226.384 337.836C226.712 337.516 226.876 337.02 226.876 336.348V335.46C226.876 334.788 226.712 334.292 226.384 333.972C226.056 333.652 225.624 333.492 225.088 333.492C224.552 333.492 224.12 333.652 223.792 333.972C223.464 334.292 223.3 334.788 223.3 335.46V336.348C223.3 337.02 223.464 337.516 223.792 337.836C224.12 338.156 224.552 338.316 225.088 338.316ZM230.147 338.184H230.843C231.099 337.776 231.299 337.296 231.443 336.744C231.595 336.184 231.671 335.528 231.671 334.776V332.808H235.667V338.184H236.687V340.68H235.811V339H231.023V340.68H230.147V338.184ZM234.707 338.184V333.624H232.607V334.824C232.607 335.568 232.547 336.208 232.427 336.744C232.307 337.272 232.127 337.752 231.887 338.184H234.707ZM241.878 339.144C241.446 339.144 241.054 339.068 240.702 338.916C240.358 338.764 240.062 338.548 239.814 338.268C239.574 337.98 239.39 337.64 239.262 337.248C239.134 336.848 239.07 336.4 239.07 335.904C239.07 335.416 239.134 334.972 239.262 334.572C239.39 334.172 239.574 333.832 239.814 333.552C240.062 333.264 240.358 333.044 240.702 332.892C241.054 332.74 241.446 332.664 241.878 332.664C242.31 332.664 242.698 332.74 243.042 332.892C243.394 333.044 243.69 333.264 243.93 333.552C244.178 333.832 244.366 334.172 244.494 334.572C244.622 334.972 244.686 335.416 244.686 335.904C244.686 336.4 244.622 336.848 244.494 337.248C244.366 337.64 244.178 337.98 243.93 338.268C243.69 338.548 243.394 338.764 243.042 338.916C242.698 339.068 242.31 339.144 241.878 339.144ZM241.878 338.316C242.414 338.316 242.846 338.156 243.174 337.836C243.502 337.516 243.666 337.02 243.666 336.348V335.46C243.666 334.788 243.502 334.292 243.174 333.972C242.846 333.652 242.414 333.492 241.878 333.492C241.342 333.492 240.91 333.652 240.582 333.972C240.254 334.292 240.09 334.788 240.09 335.46V336.348C240.09 337.02 240.254 337.516 240.582 337.836C240.91 338.156 241.342 338.316 241.878 338.316ZM247.537 332.808H248.857L250.285 335.964H250.357L251.785 332.808H253.009V339H252.085V335.124L252.121 334.02H252.049L250.273 337.944L248.497 334.02H248.425L248.461 335.124V339H247.537V332.808Z" fill="#B4B4B4"/>
<rect x="371.5" y="327" width="14" height="14" rx="7" stroke="#707070"/>
<path d="M378.42 336.905C378.974 336.953 379.323 336.431 379.684 336.097C379.759 336.081 379.752 336.201 379.732 336.247C379.665 336.408 379.118 337.177 378.979 337.313C378.32 337.966 376.469 338.536 376.663 337.128C376.741 336.562 378.064 333.402 377.914 333.266C377.384 333.24 376.914 333.629 376.549 333.973C376.494 333.568 377.237 332.919 377.608 332.707C378.288 332.317 379.99 331.95 379.815 333.188C379.737 333.742 378.239 336.723 378.42 336.905Z" fill="#707070"/>
<path d="M379 330.056C380.748 329.606 380.945 331.994 379.456 332.133C378.228 332.247 377.913 330.336 379 330.056Z" fill="#707070"/>
<rect x="20" y="350" width="366" height="36" rx="10" fill="#262626" fill-opacity="0.2"/>
<rect x="20.5" y="350.5" width="365" height="35" rx="9.5" stroke="url(#paint1_linear_5403_3890)" stroke-opacity="0.3"/>
<path d="M34.302 373.18C33.694 373.18 33.146 373.074 32.658 372.862C32.17 372.65 31.754 372.348 31.41 371.956C31.07 371.564 30.81 371.092 30.63 370.54C30.45 369.984 30.36 369.364 30.36 368.68C30.36 367.776 30.516 366.988 30.828 366.316C31.144 365.64 31.596 365.116 32.184 364.744C32.772 364.372 33.478 364.186 34.302 364.186C35.222 364.186 35.97 364.402 36.546 364.834C37.126 365.262 37.53 365.838 37.758 366.562L36.87 366.778C36.682 366.25 36.372 365.828 35.94 365.512C35.512 365.196 34.978 365.038 34.338 365.038C33.662 365.034 33.1 365.186 32.652 365.494C32.204 365.798 31.866 366.226 31.638 366.778C31.414 367.326 31.3 367.96 31.296 368.68C31.292 369.4 31.402 370.034 31.626 370.582C31.854 371.126 32.194 371.554 32.646 371.866C33.098 372.174 33.662 372.33 34.338 372.334C34.958 372.334 35.47 372.214 35.874 371.974C36.278 371.734 36.584 371.39 36.792 370.942C37.004 370.494 37.124 369.964 37.152 369.352H35.16V368.596H38.076C38.088 368.688 38.094 368.786 38.094 368.89C38.098 368.99 38.1 369.062 38.1 369.106C38.1 369.886 37.96 370.584 37.68 371.2C37.4 371.812 36.978 372.296 36.414 372.652C35.854 373.004 35.15 373.18 34.302 373.18ZM43.2069 373.18C42.5629 373.18 42.0129 373.034 41.5569 372.742C41.1009 372.45 40.7509 372.046 40.5069 371.53C40.2629 371.014 40.1409 370.422 40.1409 369.754C40.1409 369.074 40.2649 368.478 40.5129 367.966C40.7609 367.454 41.1129 367.056 41.5689 366.772C42.0289 366.484 42.5749 366.34 43.2069 366.34C43.8549 366.34 44.4069 366.486 44.8629 366.778C45.3229 367.066 45.6729 367.468 45.9129 367.984C46.1569 368.496 46.2789 369.086 46.2789 369.754C46.2789 370.434 46.1569 371.032 45.9129 371.548C45.6689 372.06 45.3169 372.46 44.8569 372.748C44.3969 373.036 43.8469 373.18 43.2069 373.18ZM43.2069 372.334C43.9269 372.334 44.4629 372.096 44.8149 371.62C45.1669 371.14 45.3429 370.518 45.3429 369.754C45.3429 368.97 45.1649 368.346 44.8089 367.882C44.4569 367.418 43.9229 367.186 43.2069 367.186C42.7229 367.186 42.3229 367.296 42.0069 367.516C41.6949 367.732 41.4609 368.034 41.3049 368.422C41.1529 368.806 41.0769 369.25 41.0769 369.754C41.0769 370.534 41.2569 371.16 41.6169 371.632C41.9769 372.1 42.5069 372.334 43.2069 372.334ZM51.5085 373.18C50.8645 373.18 50.3145 373.034 49.8585 372.742C49.4025 372.45 49.0525 372.046 48.8085 371.53C48.5645 371.014 48.4425 370.422 48.4425 369.754C48.4425 369.074 48.5665 368.478 48.8145 367.966C49.0625 367.454 49.4145 367.056 49.8705 366.772C50.3305 366.484 50.8765 366.34 51.5085 366.34C52.1565 366.34 52.7085 366.486 53.1645 366.778C53.6245 367.066 53.9745 367.468 54.2145 367.984C54.4585 368.496 54.5805 369.086 54.5805 369.754C54.5805 370.434 54.4585 371.032 54.2145 371.548C53.9705 372.06 53.6185 372.46 53.1585 372.748C52.6985 373.036 52.1485 373.18 51.5085 373.18ZM51.5085 372.334C52.2285 372.334 52.7645 372.096 53.1165 371.62C53.4685 371.14 53.6445 370.518 53.6445 369.754C53.6445 368.97 53.4665 368.346 53.1105 367.882C52.7585 367.418 52.2245 367.186 51.5085 367.186C51.0245 367.186 50.6245 367.296 50.3085 367.516C49.9965 367.732 49.7625 368.034 49.6065 368.422C49.4545 368.806 49.3785 369.25 49.3785 369.754C49.3785 370.534 49.5585 371.16 49.9185 371.632C50.2785 372.1 50.8085 372.334 51.5085 372.334ZM59.6781 376.06C59.3461 376.06 59.0181 376.01 58.6941 375.91C58.3741 375.814 58.0781 375.66 57.8061 375.448C57.5341 375.24 57.3061 374.968 57.1221 374.632L57.9201 374.188C58.1001 374.548 58.3521 374.806 58.6761 374.962C59.0041 375.122 59.3381 375.202 59.6781 375.202C60.1461 375.202 60.5241 375.114 60.8121 374.938C61.1041 374.766 61.3161 374.51 61.4481 374.17C61.5801 373.83 61.6441 373.406 61.6401 372.898V371.17H61.7421V366.52H62.5281V372.91C62.5281 373.094 62.5221 373.27 62.5101 373.438C62.5021 373.61 62.4841 373.778 62.4561 373.942C62.3801 374.426 62.2221 374.824 61.9821 375.136C61.7461 375.448 61.4341 375.68 61.0461 375.832C60.6621 375.984 60.2061 376.06 59.6781 376.06ZM59.6181 373.18C59.0141 373.18 58.4981 373.03 58.0701 372.73C57.6421 372.426 57.3141 372.016 57.0861 371.5C56.8581 370.984 56.7441 370.402 56.7441 369.754C56.7441 369.11 56.8561 368.53 57.0801 368.014C57.3081 367.498 57.6341 367.09 58.0581 366.79C58.4821 366.49 58.9901 366.34 59.5821 366.34C60.1901 366.34 60.7021 366.488 61.1181 366.784C61.5341 367.08 61.8481 367.486 62.0601 368.002C62.2761 368.514 62.3841 369.098 62.3841 369.754C62.3841 370.398 62.2781 370.98 62.0661 371.5C61.8541 372.016 61.5421 372.426 61.1301 372.73C60.7181 373.03 60.2141 373.18 59.6181 373.18ZM59.7081 372.358C60.1681 372.358 60.5481 372.246 60.8481 372.022C61.1481 371.798 61.3721 371.49 61.5201 371.098C61.6681 370.702 61.7421 370.254 61.7421 369.754C61.7421 369.246 61.6681 368.798 61.5201 368.41C61.3721 368.018 61.1481 367.712 60.8481 367.492C60.5521 367.272 60.1781 367.162 59.7261 367.162C59.2621 367.162 58.8781 367.276 58.5741 367.504C58.2701 367.732 58.0441 368.042 57.8961 368.434C57.7521 368.826 57.6801 369.266 57.6801 369.754C57.6801 370.246 57.7541 370.69 57.9021 371.086C58.0541 371.478 58.2801 371.788 58.5801 372.016C58.8801 372.244 59.2561 372.358 59.7081 372.358ZM65.5256 373V364.18H66.4076V373H65.5256ZM72.1484 373.18C71.5164 373.18 70.9684 373.04 70.5044 372.76C70.0444 372.48 69.6864 372.086 69.4304 371.578C69.1744 371.07 69.0464 370.474 69.0464 369.79C69.0464 369.082 69.1724 368.47 69.4244 367.954C69.6764 367.438 70.0304 367.04 70.4864 366.76C70.9464 366.48 71.4884 366.34 72.1124 366.34C72.7524 366.34 73.2984 366.488 73.7504 366.784C74.2024 367.076 74.5444 367.496 74.7764 368.044C75.0084 368.592 75.1144 369.246 75.0944 370.006H74.1944V369.694C74.1784 368.854 73.9964 368.22 73.6484 367.792C73.3044 367.364 72.8004 367.15 72.1364 367.15C71.4404 367.15 70.9064 367.376 70.5344 367.828C70.1664 368.28 69.9824 368.924 69.9824 369.76C69.9824 370.576 70.1664 371.21 70.5344 371.662C70.9064 372.11 71.4324 372.334 72.1124 372.334C72.5764 372.334 72.9804 372.228 73.3244 372.016C73.6724 371.8 73.9464 371.49 74.1464 371.086L74.9684 371.404C74.7124 371.968 74.3344 372.406 73.8344 372.718C73.3384 373.026 72.7764 373.18 72.1484 373.18ZM69.6704 370.006V369.268H74.6204V370.006H69.6704ZM84.7263 373.18C83.8663 373.18 83.1403 372.99 82.5483 372.61C81.9563 372.226 81.5083 371.696 81.2043 371.02C80.9003 370.344 80.7483 369.564 80.7483 368.68C80.7483 367.796 80.9003 367.016 81.2043 366.34C81.5083 365.664 81.9563 365.136 82.5483 364.756C83.1403 364.372 83.8663 364.18 84.7263 364.18C85.7303 364.18 86.5503 364.438 87.1863 364.954C87.8223 365.466 88.2583 366.154 88.4943 367.018L87.5943 367.252C87.4103 366.568 87.0803 366.026 86.6043 365.626C86.1283 365.226 85.5023 365.026 84.7263 365.026C84.0503 365.026 83.4883 365.18 83.0403 365.488C82.5923 365.796 82.2543 366.226 82.0263 366.778C81.8023 367.326 81.6863 367.96 81.6783 368.68C81.6743 369.4 81.7843 370.034 82.0083 370.582C82.2363 371.13 82.5763 371.56 83.0283 371.872C83.4843 372.18 84.0503 372.334 84.7263 372.334C85.5023 372.334 86.1283 372.134 86.6043 371.734C87.0803 371.33 87.4103 370.788 87.5943 370.108L88.4943 370.342C88.2583 371.206 87.8223 371.896 87.1863 372.412C86.5503 372.924 85.7303 373.18 84.7263 373.18ZM95.6981 373V369.694C95.6981 369.334 95.6641 369.004 95.5961 368.704C95.5281 368.4 95.4181 368.136 95.2661 367.912C95.1181 367.684 94.9241 367.508 94.6841 367.384C94.4481 367.26 94.1601 367.198 93.8201 367.198C93.5081 367.198 93.2321 367.252 92.9921 367.36C92.7561 367.468 92.5561 367.624 92.3921 367.828C92.2321 368.028 92.1101 368.272 92.0261 368.56C91.9421 368.848 91.9001 369.176 91.9001 369.544L91.2761 369.406C91.2761 368.742 91.3921 368.184 91.6241 367.732C91.8561 367.28 92.1761 366.938 92.5841 366.706C92.9921 366.474 93.4601 366.358 93.9881 366.358C94.3761 366.358 94.7141 366.418 95.0021 366.538C95.2941 366.658 95.5401 366.82 95.7401 367.024C95.9441 367.228 96.1081 367.462 96.2321 367.726C96.3561 367.986 96.4461 368.264 96.5021 368.56C96.5581 368.852 96.5861 369.144 96.5861 369.436V373H95.6981ZM91.0121 373V364.36H91.8101V369.238H91.9001V373H91.0121ZM99.3431 373V366.52H100.135V368.08L99.9791 367.876C100.051 367.684 100.145 367.508 100.261 367.348C100.377 367.184 100.503 367.05 100.639 366.946C100.807 366.798 101.003 366.686 101.227 366.61C101.451 366.53 101.677 366.484 101.905 366.472C102.133 366.456 102.341 366.472 102.529 366.52V367.348C102.293 367.288 102.035 367.274 101.755 367.306C101.475 367.338 101.217 367.45 100.981 367.642C100.765 367.81 100.603 368.012 100.495 368.248C100.387 368.48 100.315 368.728 100.279 368.992C100.243 369.252 100.225 369.51 100.225 369.766V373H99.3431ZM107.456 373.18C106.812 373.18 106.262 373.034 105.806 372.742C105.35 372.45 105 372.046 104.756 371.53C104.512 371.014 104.39 370.422 104.39 369.754C104.39 369.074 104.514 368.478 104.762 367.966C105.01 367.454 105.362 367.056 105.818 366.772C106.278 366.484 106.824 366.34 107.456 366.34C108.104 366.34 108.656 366.486 109.112 366.778C109.572 367.066 109.922 367.468 110.162 367.984C110.406 368.496 110.528 369.086 110.528 369.754C110.528 370.434 110.406 371.032 110.162 371.548C109.918 372.06 109.566 372.46 109.106 372.748C108.646 373.036 108.096 373.18 107.456 373.18ZM107.456 372.334C108.176 372.334 108.712 372.096 109.064 371.62C109.416 371.14 109.592 370.518 109.592 369.754C109.592 368.97 109.414 368.346 109.058 367.882C108.706 367.418 108.172 367.186 107.456 367.186C106.972 367.186 106.572 367.296 106.256 367.516C105.944 367.732 105.71 368.034 105.554 368.422C105.402 368.806 105.326 369.25 105.326 369.754C105.326 370.534 105.506 371.16 105.866 371.632C106.226 372.1 106.756 372.334 107.456 372.334ZM120.78 373L120.786 368.746C120.786 368.246 120.646 367.854 120.366 367.57C120.09 367.282 119.738 367.138 119.31 367.138C119.066 367.138 118.828 367.194 118.596 367.306C118.364 367.418 118.172 367.598 118.02 367.846C117.872 368.094 117.798 368.418 117.798 368.818L117.276 368.668C117.264 368.204 117.354 367.798 117.546 367.45C117.742 367.102 118.01 366.832 118.35 366.64C118.694 366.444 119.082 366.346 119.514 366.346C120.166 366.346 120.688 366.548 121.08 366.952C121.472 367.352 121.668 367.894 121.668 368.578L121.662 373H120.78ZM113.046 373V366.52H113.838V368.116H113.934V373H113.046ZM116.922 373L116.928 368.806C116.928 368.29 116.79 367.884 116.514 367.588C116.242 367.288 115.882 367.138 115.434 367.138C114.986 367.138 114.624 367.292 114.348 367.6C114.072 367.904 113.934 368.31 113.934 368.818L113.406 368.53C113.406 368.114 113.504 367.742 113.7 367.414C113.896 367.082 114.164 366.822 114.504 366.634C114.844 366.442 115.23 366.346 115.662 366.346C116.074 366.346 116.44 366.434 116.76 366.61C117.084 366.786 117.338 367.042 117.522 367.378C117.706 367.714 117.798 368.122 117.798 368.602L117.792 373H116.922ZM127.119 373.18C126.487 373.18 125.939 373.04 125.475 372.76C125.015 372.48 124.657 372.086 124.401 371.578C124.145 371.07 124.017 370.474 124.017 369.79C124.017 369.082 124.143 368.47 124.395 367.954C124.647 367.438 125.001 367.04 125.457 366.76C125.917 366.48 126.459 366.34 127.083 366.34C127.723 366.34 128.269 366.488 128.721 366.784C129.173 367.076 129.515 367.496 129.747 368.044C129.979 368.592 130.085 369.246 130.065 370.006H129.165V369.694C129.149 368.854 128.967 368.22 128.619 367.792C128.275 367.364 127.771 367.15 127.107 367.15C126.411 367.15 125.877 367.376 125.505 367.828C125.137 368.28 124.953 368.924 124.953 369.76C124.953 370.576 125.137 371.21 125.505 371.662C125.877 372.11 126.403 372.334 127.083 372.334C127.547 372.334 127.951 372.228 128.295 372.016C128.643 371.8 128.917 371.49 129.117 371.086L129.939 371.404C129.683 371.968 129.305 372.406 128.805 372.718C128.309 373.026 127.747 373.18 127.119 373.18ZM124.641 370.006V369.268H129.591V370.006H124.641Z" fill="#707070"/>
<path d="M366 365.5L371 370.5L376 365.5" stroke="#707070" stroke-linecap="round" stroke-linejoin="round"/>
<path d="M21.884 407H21.164V398.624H24.164C24.908 398.624 25.472 398.836 25.856 399.26C26.24 399.676 26.432 400.248 26.432 400.976C26.432 401.656 26.256 402.2 25.904 402.608C25.56 403.016 25.048 403.24 24.368 403.28H24.188L26.456 407H25.652L23.444 403.316H21.884V407ZM24.152 402.704C24.656 402.704 25.036 402.568 25.292 402.296C25.548 402.024 25.676 401.68 25.676 401.264V400.688C25.676 400.272 25.548 399.928 25.292 399.656C25.036 399.384 24.656 399.248 24.152 399.248H21.884V402.704H24.152ZM30.8913 407.144C30.0273 407.144 29.3473 406.864 28.8513 406.304C28.3633 405.736 28.1193 404.94 28.1193 403.916C28.1193 403.404 28.1833 402.948 28.3113 402.548C28.4393 402.14 28.6193 401.8 28.8513 401.528C29.0913 401.248 29.3793 401.036 29.7153 400.892C30.0513 400.74 30.4233 400.664 30.8313 400.664C31.2473 400.664 31.6193 400.74 31.9473 400.892C32.2753 401.036 32.5513 401.244 32.7753 401.516C33.0073 401.788 33.1833 402.112 33.3033 402.488C33.4233 402.864 33.4833 403.28 33.4833 403.736V404.036H28.8393V404.336C28.8393 405 29.0193 405.536 29.3793 405.944C29.7393 406.344 30.2433 406.544 30.8913 406.544C31.3473 406.544 31.7353 406.44 32.0553 406.232C32.3833 406.024 32.6353 405.716 32.8113 405.308L33.3273 405.632C33.1433 406.088 32.8433 406.456 32.4273 406.736C32.0113 407.008 31.4993 407.144 30.8913 407.144ZM30.8313 401.24C30.5273 401.24 30.2513 401.296 30.0033 401.408C29.7633 401.512 29.5553 401.66 29.3793 401.852C29.2113 402.044 29.0793 402.276 28.9833 402.548C28.8873 402.82 28.8393 403.12 28.8393 403.448V403.52H32.7513V403.424C32.7513 402.752 32.5793 402.22 32.2353 401.828C31.8993 401.436 31.4313 401.24 30.8313 401.24ZM35.4346 406.412H37.6186V401.396H35.3146V400.808H37.6186V399.116C37.6186 398.812 37.6946 398.572 37.8466 398.396C38.0066 398.212 38.2546 398.12 38.5906 398.12H40.8706V398.708H38.3026V400.808H40.8706V401.396H38.3026V406.412H40.5946V407H35.4346V406.412ZM45.2819 407.144C44.4179 407.144 43.7379 406.864 43.2419 406.304C42.7539 405.736 42.5099 404.94 42.5099 403.916C42.5099 403.404 42.5739 402.948 42.7019 402.548C42.8299 402.14 43.0099 401.8 43.2419 401.528C43.4819 401.248 43.7699 401.036 44.1059 400.892C44.4419 400.74 44.8139 400.664 45.2219 400.664C45.6379 400.664 46.0099 400.74 46.3379 400.892C46.6659 401.036 46.9419 401.244 47.1659 401.516C47.3979 401.788 47.5739 402.112 47.6939 402.488C47.8139 402.864 47.8739 403.28 47.8739 403.736V404.036H43.2299V404.336C43.2299 405 43.4099 405.536 43.7699 405.944C44.1299 406.344 44.6339 406.544 45.2819 406.544C45.7379 406.544 46.1259 406.44 46.4459 406.232C46.7739 406.024 47.0259 405.716 47.2019 405.308L47.7179 405.632C47.5339 406.088 47.2339 406.456 46.8179 406.736C46.4019 407.008 45.8899 407.144 45.2819 407.144ZM45.2219 401.24C44.9179 401.24 44.6419 401.296 44.3939 401.408C44.1539 401.512 43.9459 401.66 43.7699 401.852C43.6019 402.044 43.4699 402.276 43.3739 402.548C43.2779 402.82 43.2299 403.12 43.2299 403.448V403.52H47.1419V403.424C47.1419 402.752 46.9699 402.22 46.6259 401.828C46.2899 401.436 45.8219 401.24 45.2219 401.24ZM49.7173 406.412H51.6613V401.396H49.7173V400.808H52.3453V402.224H52.3933C52.5293 401.792 52.7613 401.448 53.0893 401.192C53.4253 400.936 53.8653 400.808 54.4093 400.808H55.4773V401.48H54.2053C53.6453 401.48 53.1933 401.648 52.8493 401.984C52.5133 402.312 52.3453 402.756 52.3453 403.316V406.412H54.8653V407H49.7173V406.412ZM59.6726 407.144C58.8086 407.144 58.1286 406.864 57.6326 406.304C57.1446 405.736 56.9006 404.94 56.9006 403.916C56.9006 403.404 56.9646 402.948 57.0926 402.548C57.2206 402.14 57.4006 401.8 57.6326 401.528C57.8726 401.248 58.1606 401.036 58.4966 400.892C58.8326 400.74 59.2046 400.664 59.6126 400.664C60.0286 400.664 60.4006 400.74 60.7286 400.892C61.0566 401.036 61.3326 401.244 61.5566 401.516C61.7886 401.788 61.9646 402.112 62.0846 402.488C62.2046 402.864 62.2646 403.28 62.2646 403.736V404.036H57.6206V404.336C57.6206 405 57.8006 405.536 58.1606 405.944C58.5206 406.344 59.0246 406.544 59.6726 406.544C60.1286 406.544 60.5166 406.44 60.8366 406.232C61.1646 406.024 61.4166 405.716 61.5926 405.308L62.1086 405.632C61.9246 406.088 61.6246 406.456 61.2086 406.736C60.7926 407.008 60.2806 407.144 59.6726 407.144ZM59.6126 401.24C59.3086 401.24 59.0326 401.296 58.7846 401.408C58.5446 401.512 58.3366 401.66 58.1606 401.852C57.9926 402.044 57.8606 402.276 57.7646 402.548C57.6686 402.82 57.6206 403.12 57.6206 403.448V403.52H61.5326V403.424C61.5326 402.752 61.3606 402.22 61.0166 401.828C60.6806 401.436 60.2126 401.24 59.6126 401.24ZM64.4799 407V400.808H65.1639V401.768H65.2119C65.3319 401.48 65.5319 401.224 65.8119 401C66.0999 400.776 66.5039 400.664 67.0239 400.664C67.6959 400.664 68.2159 400.868 68.5839 401.276C68.9599 401.676 69.1479 402.252 69.1479 403.004V407H68.4639V403.124C68.4639 402.484 68.3239 402.016 68.0439 401.72C67.7719 401.424 67.3719 401.276 66.8439 401.276C66.6279 401.276 66.4199 401.304 66.2199 401.36C66.0199 401.416 65.8399 401.5 65.6799 401.612C65.5279 401.724 65.4039 401.868 65.3079 402.044C65.2119 402.212 65.1639 402.412 65.1639 402.644V407H64.4799ZM74.2072 407.144C73.3432 407.144 72.6752 406.86 72.2032 406.292C71.7312 405.724 71.4952 404.928 71.4952 403.904C71.4952 402.88 71.7312 402.084 72.2032 401.516C72.6832 400.948 73.3472 400.664 74.1952 400.664C74.7712 400.664 75.2432 400.796 75.6112 401.06C75.9792 401.316 76.2432 401.648 76.4032 402.056L75.8512 402.332C75.7232 401.988 75.5192 401.724 75.2392 401.54C74.9592 401.356 74.6112 401.264 74.1952 401.264C73.5632 401.264 73.0752 401.468 72.7312 401.876C72.3952 402.276 72.2272 402.808 72.2272 403.472V404.336C72.2272 405 72.3952 405.536 72.7312 405.944C73.0752 406.344 73.5672 406.544 74.2072 406.544C74.6472 406.544 75.0152 406.444 75.3112 406.244C75.6072 406.044 75.8352 405.764 75.9952 405.404L76.4992 405.728C76.3232 406.136 76.0472 406.476 75.6712 406.748C75.2952 407.012 74.8072 407.144 74.2072 407.144ZM81.2585 407.144C80.3945 407.144 79.7145 406.864 79.2185 406.304C78.7305 405.736 78.4865 404.94 78.4865 403.916C78.4865 403.404 78.5505 402.948 78.6785 402.548C78.8065 402.14 78.9865 401.8 79.2185 401.528C79.4585 401.248 79.7465 401.036 80.0825 400.892C80.4185 400.74 80.7905 400.664 81.1985 400.664C81.6145 400.664 81.9865 400.74 82.3145 400.892C82.6425 401.036 82.9185 401.244 83.1425 401.516C83.3745 401.788 83.5505 402.112 83.6705 402.488C83.7905 402.864 83.8505 403.28 83.8505 403.736V404.036H79.2065V404.336C79.2065 405 79.3865 405.536 79.7465 405.944C80.1065 406.344 80.6105 406.544 81.2585 406.544C81.7145 406.544 82.1025 406.44 82.4225 406.232C82.7505 406.024 83.0025 405.716 83.1785 405.308L83.6945 405.632C83.5105 406.088 83.2105 406.456 82.7945 406.736C82.3785 407.008 81.8665 407.144 81.2585 407.144ZM81.1985 401.24C80.8945 401.24 80.6185 401.296 80.3705 401.408C80.1305 401.512 79.9225 401.66 79.7465 401.852C79.5785 402.044 79.4465 402.276 79.3505 402.548C79.2545 402.82 79.2065 403.12 79.2065 403.448V403.52H83.1185V403.424C83.1185 402.752 82.9465 402.22 82.6025 401.828C82.2665 401.436 81.7985 401.24 81.1985 401.24ZM88.3578 407.144C87.9818 407.144 87.6458 407.108 87.3498 407.036C87.0538 406.964 86.7858 406.868 86.5458 406.748C86.3058 406.62 86.0898 406.468 85.8978 406.292C85.7138 406.116 85.5458 405.924 85.3938 405.716L85.9218 405.284C86.2338 405.684 86.5778 405.992 86.9538 406.208C87.3298 406.416 87.8058 406.52 88.3818 406.52C89.0538 406.52 89.5698 406.372 89.9298 406.076C90.2898 405.772 90.4698 405.336 90.4698 404.768C90.4698 404.248 90.3178 403.864 90.0138 403.616C89.7178 403.368 89.2938 403.2 88.7418 403.112L87.8058 402.956C87.3898 402.884 87.0418 402.776 86.7618 402.632C86.4898 402.488 86.2698 402.32 86.1018 402.128C85.9338 401.928 85.8138 401.708 85.7418 401.468C85.6778 401.228 85.6458 400.98 85.6458 400.724C85.6458 399.972 85.8898 399.412 86.3778 399.044C86.8738 398.668 87.5378 398.48 88.3698 398.48C89.0498 398.48 89.6058 398.592 90.0378 398.816C90.4778 399.032 90.8298 399.332 91.0938 399.716L90.5898 400.16C90.3498 399.824 90.0538 399.564 89.7018 399.38C89.3578 399.196 88.9058 399.104 88.3458 399.104C87.7218 399.104 87.2338 399.24 86.8818 399.512C86.5378 399.776 86.3658 400.172 86.3658 400.7C86.3658 401.188 86.5098 401.56 86.7978 401.816C87.0858 402.064 87.5138 402.232 88.0818 402.32L89.0058 402.476C89.4298 402.548 89.7818 402.66 90.0618 402.812C90.3418 402.956 90.5658 403.128 90.7338 403.328C90.9018 403.528 91.0178 403.748 91.0818 403.988C91.1538 404.228 91.1898 404.48 91.1898 404.744C91.1898 405.512 90.9418 406.104 90.4458 406.52C89.9498 406.936 89.2538 407.144 88.3578 407.144ZM97.6891 400.808H98.3731L95.1451 408.68C95.0411 408.928 94.9091 409.108 94.7491 409.22C94.5971 409.34 94.3571 409.4 94.0291 409.4H92.9971V408.812H94.4011L95.2171 406.832L92.7331 400.808H93.4411L95.5411 406.004H95.5891L97.6891 400.808ZM100.456 407V400.808H101.14V401.768H101.188C101.308 401.48 101.508 401.224 101.788 401C102.076 400.776 102.48 400.664 103 400.664C103.672 400.664 104.192 400.868 104.56 401.276C104.936 401.676 105.124 402.252 105.124 403.004V407H104.44V403.124C104.44 402.484 104.3 402.016 104.02 401.72C103.748 401.424 103.348 401.276 102.82 401.276C102.604 401.276 102.396 401.304 102.196 401.36C101.996 401.416 101.816 401.5 101.656 401.612C101.504 401.724 101.38 401.868 101.284 402.044C101.188 402.212 101.14 402.412 101.14 402.644V407H100.456ZM110.184 407.144C109.32 407.144 108.652 406.86 108.18 406.292C107.708 405.724 107.472 404.928 107.472 403.904C107.472 402.88 107.708 402.084 108.18 401.516C108.66 400.948 109.324 400.664 110.172 400.664C110.748 400.664 111.22 400.796 111.588 401.06C111.956 401.316 112.22 401.648 112.38 402.056L111.828 402.332C111.7 401.988 111.496 401.724 111.216 401.54C110.936 401.356 110.588 401.264 110.172 401.264C109.54 401.264 109.052 401.468 108.708 401.876C108.372 402.276 108.204 402.808 108.204 403.472V404.336C108.204 405 108.372 405.536 108.708 405.944C109.052 406.344 109.544 406.544 110.184 406.544C110.624 406.544 110.992 406.444 111.288 406.244C111.584 406.044 111.812 405.764 111.972 405.404L112.476 405.728C112.3 406.136 112.024 406.476 111.648 406.748C111.272 407.012 110.784 407.144 110.184 407.144ZM121.982 400.808H122.666V404.66L122.582 406.004H122.618L123.326 404.912L126.038 400.808H126.686V407H126.002V403.148L126.086 401.804H126.05L125.342 402.896L122.63 407H121.982V400.808ZM131.77 407.144C130.906 407.144 130.238 406.86 129.766 406.292C129.294 405.724 129.058 404.928 129.058 403.904C129.058 402.88 129.294 402.084 129.766 401.516C130.246 400.948 130.91 400.664 131.758 400.664C132.334 400.664 132.806 400.796 133.174 401.06C133.542 401.316 133.806 401.648 133.966 402.056L133.414 402.332C133.286 401.988 133.082 401.724 132.802 401.54C132.522 401.356 132.174 401.264 131.758 401.264C131.126 401.264 130.638 401.468 130.294 401.876C129.958 402.276 129.79 402.808 129.79 403.472V404.336C129.79 405 129.958 405.536 130.294 405.944C130.638 406.344 131.13 406.544 131.77 406.544C132.21 406.544 132.578 406.444 132.874 406.244C133.17 406.044 133.398 405.764 133.558 405.404L134.062 405.728C133.886 406.136 133.61 406.476 133.234 406.748C132.858 407.012 132.37 407.144 131.77 407.144ZM136.409 400.808H141.041V407H140.357V401.396H137.093V407H136.409V400.808ZM145.92 407.144C145.072 407.144 144.408 406.86 143.928 406.292C143.456 405.724 143.22 404.928 143.22 403.904C143.22 402.88 143.456 402.084 143.928 401.516C144.408 400.948 145.072 400.664 145.92 400.664C146.768 400.664 147.428 400.948 147.9 401.516C148.38 402.084 148.62 402.88 148.62 403.904C148.62 404.928 148.38 405.724 147.9 406.292C147.428 406.86 146.768 407.144 145.92 407.144ZM145.92 406.544C146.528 406.544 147.008 406.352 147.36 405.968C147.712 405.584 147.888 405.024 147.888 404.288V403.52C147.888 402.784 147.712 402.224 147.36 401.84C147.008 401.456 146.528 401.264 145.92 401.264C145.312 401.264 144.832 401.456 144.48 401.84C144.128 402.224 143.952 402.784 143.952 403.52V404.288C143.952 405.024 144.128 405.584 144.48 405.968C144.832 406.352 145.312 406.544 145.92 406.544ZM149.816 406.412H150.548C150.676 406.268 150.792 406.092 150.896 405.884C151 405.668 151.088 405.412 151.16 405.116C151.24 404.812 151.3 404.456 151.34 404.048C151.38 403.64 151.4 403.168 151.4 402.632V400.808H155.288V407H154.604V401.396H152.072V402.656C152.072 403.792 151.98 404.684 151.796 405.332C151.62 405.972 151.396 406.424 151.124 406.688C151.012 406.8 150.884 406.88 150.74 406.928C150.596 406.976 150.432 407 150.248 407H149.816V406.412ZM158.139 400.808H158.823V403.208H160.923C161.523 403.208 161.995 403.372 162.339 403.7C162.683 404.02 162.855 404.488 162.855 405.104C162.855 405.72 162.683 406.192 162.339 406.52C161.995 406.84 161.523 407 160.923 407H158.139V400.808ZM160.839 406.412C161.247 406.412 161.563 406.32 161.787 406.136C162.011 405.952 162.123 405.68 162.123 405.32V404.888C162.123 404.528 162.011 404.256 161.787 404.072C161.563 403.888 161.247 403.796 160.839 403.796H158.823V406.412H160.839ZM167.362 407.144C166.202 407.144 165.358 406.764 164.83 406.004L165.334 405.596C165.758 406.228 166.438 406.544 167.374 406.544C167.95 406.544 168.39 406.44 168.694 406.232C168.998 406.024 169.15 405.748 169.15 405.404V405.212C169.15 404.852 169.018 404.576 168.754 404.384C168.49 404.184 168.118 404.084 167.638 404.084H166.066V403.496H167.554C168.01 403.496 168.366 403.404 168.622 403.22C168.878 403.036 169.006 402.784 169.006 402.464V402.284C169.006 401.98 168.874 401.736 168.61 401.552C168.346 401.36 167.938 401.264 167.386 401.264C166.898 401.264 166.502 401.344 166.198 401.504C165.894 401.656 165.654 401.868 165.478 402.14L164.986 401.804C165.226 401.436 165.546 401.156 165.946 400.964C166.346 400.764 166.846 400.664 167.446 400.664C168.19 400.664 168.758 400.812 169.15 401.108C169.542 401.396 169.738 401.796 169.738 402.308C169.738 402.716 169.622 403.036 169.39 403.268C169.166 403.492 168.858 403.648 168.466 403.736V403.772C168.922 403.836 169.27 404 169.51 404.264C169.758 404.52 169.882 404.86 169.882 405.284C169.882 405.86 169.662 406.316 169.222 406.652C168.782 406.98 168.162 407.144 167.362 407.144ZM176.838 400.808H177.522L174.294 408.68C174.19 408.928 174.058 409.108 173.898 409.22C173.746 409.34 173.506 409.4 173.178 409.4H172.146V408.812H173.55L174.366 406.832L171.882 400.808H172.59L174.69 406.004H174.738L176.838 400.808ZM181.993 407.144C181.129 407.144 180.449 406.864 179.953 406.304C179.465 405.736 179.221 404.94 179.221 403.916C179.221 403.404 179.285 402.948 179.413 402.548C179.541 402.14 179.721 401.8 179.953 401.528C180.193 401.248 180.481 401.036 180.817 400.892C181.153 400.74 181.525 400.664 181.933 400.664C182.349 400.664 182.721 400.74 183.049 400.892C183.377 401.036 183.653 401.244 183.877 401.516C184.109 401.788 184.285 402.112 184.405 402.488C184.525 402.864 184.585 403.28 184.585 403.736V404.036H179.941V404.336C179.941 405 180.121 405.536 180.481 405.944C180.841 406.344 181.345 406.544 181.993 406.544C182.449 406.544 182.837 406.44 183.157 406.232C183.485 406.024 183.737 405.716 183.913 405.308L184.429 405.632C184.245 406.088 183.945 406.456 183.529 406.736C183.113 407.008 182.601 407.144 181.993 407.144ZM181.933 401.24C181.629 401.24 181.353 401.296 181.105 401.408C180.865 401.512 180.657 401.66 180.481 401.852C180.313 402.044 180.181 402.276 180.085 402.548C179.989 402.82 179.941 403.12 179.941 403.448V403.52H183.853V403.424C183.853 402.752 183.681 402.22 183.337 401.828C183.001 401.436 182.533 401.24 181.933 401.24ZM188.744 401.396H186.38V400.808H191.792V401.396H189.428V407H188.744V401.396ZM203.723 407.144C202.859 407.144 202.191 406.86 201.719 406.292C201.247 405.724 201.011 404.928 201.011 403.904C201.011 402.88 201.247 402.084 201.719 401.516C202.199 400.948 202.863 400.664 203.711 400.664C204.287 400.664 204.759 400.796 205.127 401.06C205.495 401.316 205.759 401.648 205.919 402.056L205.367 402.332C205.239 401.988 205.035 401.724 204.755 401.54C204.475 401.356 204.127 401.264 203.711 401.264C203.079 401.264 202.591 401.468 202.247 401.876C201.911 402.276 201.743 402.808 201.743 403.472V404.336C201.743 405 201.911 405.536 202.247 405.944C202.591 406.344 203.083 406.544 203.723 406.544C204.163 406.544 204.531 406.444 204.827 406.244C205.123 406.044 205.351 405.764 205.511 405.404L206.015 405.728C205.839 406.136 205.563 406.476 205.187 406.748C204.811 407.012 204.323 407.144 203.723 407.144ZM212.814 400.808H213.498L210.27 408.68C210.166 408.928 210.034 409.108 209.874 409.22C209.722 409.34 209.482 409.4 209.154 409.4H208.122V408.812H209.526L210.342 406.832L207.858 400.808H208.566L210.666 406.004H210.714L212.814 400.808ZM220.873 407H215.017V400.808H215.653V406.424H217.561V400.808H218.197V406.424H220.105V400.808H220.741V406.412H221.485V408.68H220.873V407ZM225.165 407.144C224.301 407.144 223.621 406.864 223.125 406.304C222.637 405.736 222.393 404.94 222.393 403.916C222.393 403.404 222.457 402.948 222.585 402.548C222.713 402.14 222.893 401.8 223.125 401.528C223.365 401.248 223.653 401.036 223.989 400.892C224.325 400.74 224.697 400.664 225.105 400.664C225.521 400.664 225.893 400.74 226.221 400.892C226.549 401.036 226.825 401.244 227.049 401.516C227.281 401.788 227.457 402.112 227.577 402.488C227.697 402.864 227.757 403.28 227.757 403.736V404.036H223.113V404.336C223.113 405 223.293 405.536 223.653 405.944C224.013 406.344 224.517 406.544 225.165 406.544C225.621 406.544 226.009 406.44 226.329 406.232C226.657 406.024 226.909 405.716 227.085 405.308L227.601 405.632C227.417 406.088 227.117 406.456 226.701 406.736C226.285 407.008 225.773 407.144 225.165 407.144ZM225.105 401.24C224.801 401.24 224.525 401.296 224.277 401.408C224.037 401.512 223.829 401.66 223.653 401.852C223.485 402.044 223.353 402.276 223.257 402.548C223.161 402.82 223.113 403.12 223.113 403.448V403.52H227.025V403.424C227.025 402.752 226.853 402.22 226.509 401.828C226.173 401.436 225.705 401.24 225.105 401.24ZM232.504 407.144C231.64 407.144 230.972 406.86 230.5 406.292C230.028 405.724 229.792 404.928 229.792 403.904C229.792 402.88 230.028 402.084 230.5 401.516C230.98 400.948 231.644 400.664 232.492 400.664C233.068 400.664 233.54 400.796 233.908 401.06C234.276 401.316 234.54 401.648 234.7 402.056L234.148 402.332C234.02 401.988 233.816 401.724 233.536 401.54C233.256 401.356 232.908 401.264 232.492 401.264C231.86 401.264 231.372 401.468 231.028 401.876C230.692 402.276 230.524 402.808 230.524 403.472V404.336C230.524 405 230.692 405.536 231.028 405.944C231.372 406.344 231.864 406.544 232.504 406.544C232.944 406.544 233.312 406.444 233.608 406.244C233.904 406.044 234.132 405.764 234.292 405.404L234.796 405.728C234.62 406.136 234.344 406.476 233.968 406.748C233.592 407.012 233.104 407.144 232.504 407.144ZM239.111 401.396H236.747V400.808H242.159V401.396H239.795V407H239.111V401.396ZM244.447 400.808H247.411C247.915 400.808 248.311 400.944 248.599 401.216C248.895 401.488 249.043 401.872 249.043 402.368C249.043 402.768 248.939 403.08 248.731 403.304C248.531 403.528 248.247 403.668 247.879 403.724V403.76C248.327 403.808 248.667 403.964 248.899 404.228C249.131 404.484 249.247 404.82 249.247 405.236C249.247 405.756 249.091 406.18 248.779 406.508C248.467 406.836 248.027 407 247.459 407H244.447V400.808ZM247.315 406.448C247.699 406.448 247.995 406.356 248.203 406.172C248.411 405.988 248.515 405.728 248.515 405.392V405.116C248.515 404.78 248.411 404.52 248.203 404.336C247.995 404.152 247.711 404.06 247.351 404.06H245.131V406.448H247.315ZM247.267 403.52C247.595 403.52 247.851 403.436 248.035 403.268C248.219 403.1 248.311 402.868 248.311 402.572V402.308C248.311 402.012 248.219 401.78 248.035 401.612C247.851 401.444 247.595 401.36 247.267 401.36H245.131V403.52H247.267ZM255.986 400.808H256.67L253.442 408.68C253.338 408.928 253.206 409.108 253.046 409.22C252.894 409.34 252.654 409.4 252.326 409.4H251.294V408.812H252.698L253.514 406.832L251.03 400.808H251.738L253.838 406.004H253.886L255.986 400.808ZM262.065 407.144C261.753 407.144 261.477 407.096 261.237 407C260.997 406.896 260.793 406.724 260.625 406.484C260.465 406.244 260.341 405.928 260.253 405.536C260.165 405.144 260.117 404.656 260.109 404.072H258.825V407H258.189V400.808H258.825V403.508H260.121C260.137 402.972 260.189 402.524 260.277 402.164C260.365 401.796 260.489 401.504 260.649 401.288C260.809 401.064 261.005 400.904 261.237 400.808C261.477 400.712 261.753 400.664 262.065 400.664C262.393 400.664 262.677 400.716 262.917 400.82C263.165 400.924 263.369 401.104 263.529 401.36C263.697 401.608 263.821 401.94 263.901 402.356C263.989 402.764 264.033 403.28 264.033 403.904C264.033 404.528 263.989 405.048 263.901 405.464C263.821 405.872 263.697 406.204 263.529 406.46C263.369 406.708 263.165 406.884 262.917 406.988C262.677 407.092 262.393 407.144 262.065 407.144ZM262.065 406.568C262.281 406.568 262.469 406.532 262.629 406.46C262.789 406.38 262.921 406.256 263.025 406.088C263.137 405.92 263.221 405.7 263.277 405.428C263.333 405.148 263.361 404.804 263.361 404.396V403.412C263.361 403.004 263.333 402.664 263.277 402.392C263.221 402.112 263.137 401.888 263.025 401.72C262.921 401.552 262.789 401.432 262.629 401.36C262.469 401.28 262.281 401.24 262.065 401.24C261.857 401.24 261.673 401.28 261.513 401.36C261.353 401.432 261.217 401.552 261.105 401.72C261.001 401.888 260.921 402.112 260.865 402.392C260.809 402.664 260.781 403.004 260.781 403.412V404.396C260.781 404.804 260.809 405.148 260.865 405.428C260.921 405.7 261.001 405.92 261.105 406.088C261.217 406.256 261.353 406.38 261.513 406.46C261.673 406.532 261.857 406.568 262.065 406.568ZM271.241 407H265.385V400.808H266.021V406.424H267.929V400.808H268.565V406.424H270.473V400.808H271.109V406.412H271.853V408.68H271.241V407ZM273.084 400.808H273.768V404.66L273.684 406.004H273.72L274.428 404.912L277.14 400.808H277.788V407H277.104V403.148L277.188 401.804H277.152L276.444 402.896L273.732 407H273.084V400.808ZM280.279 400.808H280.963V404.66L280.879 406.004H280.915L281.623 404.912L284.335 400.808H284.983V407H284.299V403.148L284.383 401.804H284.347L283.639 402.896L280.927 407H280.279V400.808ZM282.619 399.812C282.243 399.812 281.935 399.728 281.695 399.56C281.463 399.384 281.255 399.112 281.071 398.744L280.723 398.06L281.335 397.856L281.851 399.044C281.947 399.132 282.063 399.196 282.199 399.236C282.343 399.268 282.483 399.284 282.619 399.284C282.755 399.284 282.891 399.268 283.027 399.236C283.171 399.196 283.291 399.132 283.387 399.044L283.903 397.856L284.515 398.06L284.167 398.744C283.983 399.112 283.771 399.384 283.531 399.56C283.299 399.728 282.995 399.812 282.619 399.812ZM294.814 400.808H297.778C298.282 400.808 298.678 400.944 298.966 401.216C299.262 401.488 299.41 401.872 299.41 402.368C299.41 402.768 299.306 403.08 299.098 403.304C298.898 403.528 298.614 403.668 298.246 403.724V403.76C298.694 403.808 299.034 403.964 299.266 404.228C299.498 404.484 299.614 404.82 299.614 405.236C299.614 405.756 299.458 406.18 299.146 406.508C298.834 406.836 298.394 407 297.826 407H294.814V400.808ZM297.682 406.448C298.066 406.448 298.362 406.356 298.57 406.172C298.778 405.988 298.882 405.728 298.882 405.392V405.116C298.882 404.78 298.778 404.52 298.57 404.336C298.362 404.152 298.078 404.06 297.718 404.06H295.498V406.448H297.682ZM297.634 403.52C297.962 403.52 298.218 403.436 298.402 403.268C298.586 403.1 298.678 402.868 298.678 402.572V402.308C298.678 402.012 298.586 401.78 298.402 401.612C298.218 401.444 297.962 401.36 297.634 401.36H295.498V403.52H297.634ZM301.481 407L303.809 403.868L301.529 400.808H302.357L304.229 403.352H304.265L306.125 400.808H306.905L304.613 403.856L306.965 407H306.137L304.205 404.372H304.169L302.273 407H301.481ZM311.413 407.144C310.565 407.144 309.901 406.86 309.421 406.292C308.949 405.724 308.713 404.928 308.713 403.904C308.713 402.88 308.949 402.084 309.421 401.516C309.901 400.948 310.565 400.664 311.413 400.664C312.261 400.664 312.921 400.948 313.393 401.516C313.873 402.084 314.113 402.88 314.113 403.904C314.113 404.928 313.873 405.724 313.393 406.292C312.921 406.86 312.261 407.144 311.413 407.144ZM311.413 406.544C312.021 406.544 312.501 406.352 312.853 405.968C313.205 405.584 313.381 405.024 313.381 404.288V403.52C313.381 402.784 313.205 402.224 312.853 401.84C312.501 401.456 312.021 401.264 311.413 401.264C310.805 401.264 310.325 401.456 309.973 401.84C309.621 402.224 309.445 402.784 309.445 403.52V404.288C309.445 405.024 309.621 405.584 309.973 405.968C310.325 406.352 310.805 406.544 311.413 406.544ZM315.32 406.412H316.004C316.26 406.06 316.476 405.592 316.652 405.008C316.828 404.424 316.916 403.676 316.916 402.764V400.808H320.696V406.412H321.764V408.68H321.128V407H315.956V408.68H315.32V406.412ZM320.012 406.412V401.396H317.588V402.788C317.588 403.244 317.568 403.656 317.528 404.024C317.488 404.384 317.432 404.712 317.36 405.008C317.288 405.304 317.204 405.568 317.108 405.8C317.012 406.024 316.904 406.228 316.784 406.412H320.012ZM330.79 400.808H333.754C334.258 400.808 334.654 400.944 334.942 401.216C335.238 401.488 335.386 401.872 335.386 402.368C335.386 402.768 335.282 403.08 335.074 403.304C334.874 403.528 334.59 403.668 334.222 403.724V403.76C334.67 403.808 335.01 403.964 335.242 404.228C335.474 404.484 335.59 404.82 335.59 405.236C335.59 405.756 335.434 406.18 335.122 406.508C334.81 406.836 334.37 407 333.802 407H330.79V400.808ZM333.658 406.448C334.042 406.448 334.338 406.356 334.546 406.172C334.754 405.988 334.858 405.728 334.858 405.392V405.116C334.858 404.78 334.754 404.52 334.546 404.336C334.338 404.152 334.054 404.06 333.694 404.06H331.474V406.448H333.658ZM333.61 403.52C333.938 403.52 334.194 403.436 334.378 403.268C334.562 403.1 334.654 402.868 334.654 402.572V402.308C334.654 402.012 334.562 401.78 334.378 401.612C334.194 401.444 333.938 401.36 333.61 401.36H331.474V403.52H333.61ZM21.044 423V422.424H23.24V415.2H21.044V414.624H26.156V415.2H23.96V422.424H26.156V423H21.044ZM28.5033 423V416.808H29.1873V417.768H29.2353C29.3553 417.48 29.5553 417.224 29.8353 417C30.1233 416.776 30.5273 416.664 31.0473 416.664C31.7193 416.664 32.2393 416.868 32.6073 417.276C32.9833 417.676 33.1713 418.252 33.1713 419.004V423H32.4873V419.124C32.4873 418.484 32.3473 418.016 32.0673 417.72C31.7953 417.424 31.3953 417.276 30.8673 417.276C30.6513 417.276 30.4433 417.304 30.2433 417.36C30.0433 417.416 29.8633 417.5 29.7033 417.612C29.5513 417.724 29.4273 417.868 29.3313 418.044C29.2353 418.212 29.1873 418.412 29.1873 418.644V423H28.5033ZM38.1226 423.144C37.4986 423.144 36.9546 423.04 36.4906 422.832C36.0346 422.616 35.6386 422.316 35.3026 421.932L35.7706 421.524C36.0746 421.876 36.4146 422.14 36.7906 422.316C37.1666 422.484 37.6146 422.568 38.1346 422.568C38.6786 422.568 39.1186 422.464 39.4546 422.256C39.7986 422.048 39.9706 421.728 39.9706 421.296C39.9706 421.104 39.9346 420.948 39.8626 420.828C39.7986 420.7 39.7066 420.596 39.5866 420.516C39.4666 420.436 39.3266 420.376 39.1666 420.336C39.0066 420.288 38.8306 420.252 38.6386 420.228L37.6786 420.096C37.4386 420.064 37.1946 420.02 36.9466 419.964C36.7066 419.9 36.4866 419.808 36.2866 419.688C36.0946 419.568 35.9346 419.408 35.8066 419.208C35.6866 419.008 35.6266 418.752 35.6266 418.44C35.6266 418.136 35.6866 417.872 35.8066 417.648C35.9266 417.424 36.0946 417.24 36.3106 417.096C36.5266 416.952 36.7786 416.844 37.0666 416.772C37.3626 416.7 37.6786 416.664 38.0146 416.664C38.5906 416.664 39.0746 416.76 39.4666 416.952C39.8666 417.136 40.2026 417.368 40.4746 417.648L40.0186 418.08C39.9306 417.984 39.8266 417.888 39.7066 417.792C39.5946 417.688 39.4546 417.596 39.2866 417.516C39.1266 417.436 38.9386 417.372 38.7226 417.324C38.5066 417.268 38.2586 417.24 37.9786 417.24C37.4506 417.24 37.0386 417.336 36.7426 417.528C36.4546 417.72 36.3106 418.008 36.3106 418.392C36.3106 418.584 36.3426 418.744 36.4066 418.872C36.4786 418.992 36.5746 419.092 36.6946 419.172C36.8146 419.252 36.9546 419.316 37.1146 419.364C37.2746 419.404 37.4466 419.436 37.6306 419.46L38.6026 419.604C38.8426 419.644 39.0826 419.696 39.3226 419.76C39.5706 419.816 39.7906 419.904 39.9826 420.024C40.1826 420.144 40.3426 420.304 40.4626 420.504C40.5826 420.696 40.6426 420.948 40.6426 421.26C40.6426 421.572 40.5786 421.844 40.4506 422.076C40.3306 422.308 40.1586 422.504 39.9346 422.664C39.7186 422.824 39.4546 422.944 39.1426 423.024C38.8306 423.104 38.4906 423.144 38.1226 423.144ZM45.2099 423C44.8739 423 44.6259 422.912 44.4659 422.736C44.3139 422.552 44.2379 422.308 44.2379 422.004V417.396H42.0419V416.808H43.7819C43.9579 416.808 44.0819 416.772 44.1539 416.7C44.2259 416.628 44.2619 416.504 44.2619 416.328V414.624H44.9219V416.808H47.8739V417.396H44.9219V422.412H47.8739V423H45.2099ZM54.5293 423C54.2493 423 54.0493 422.932 53.9293 422.796C53.8093 422.66 53.7413 422.476 53.7253 422.244V422.028H53.6653C53.5293 422.356 53.3053 422.624 52.9933 422.832C52.6813 423.04 52.2573 423.144 51.7213 423.144C51.0733 423.144 50.5613 422.988 50.1853 422.676C49.8173 422.356 49.6333 421.908 49.6333 421.332C49.6333 421.06 49.6773 420.816 49.7653 420.6C49.8613 420.376 50.0093 420.188 50.2093 420.036C50.4173 419.884 50.6813 419.768 51.0013 419.688C51.3213 419.6 51.7133 419.556 52.1773 419.556H53.6893V418.8C53.6893 418.28 53.5453 417.892 53.2573 417.636C52.9773 417.38 52.5853 417.252 52.0813 417.252C51.2333 417.252 50.6413 417.592 50.3053 418.272L49.8373 417.936C49.9973 417.576 50.2653 417.276 50.6413 417.036C51.0253 416.788 51.5173 416.664 52.1173 416.664C52.8213 416.664 53.3733 416.848 53.7733 417.216C54.1733 417.576 54.3733 418.08 54.3733 418.728V422.4H55.2973V423H54.5293ZM51.8293 422.568C52.0933 422.568 52.3373 422.536 52.5613 422.472C52.7853 422.408 52.9813 422.32 53.1493 422.208C53.3173 422.088 53.4493 421.944 53.5453 421.776C53.6413 421.608 53.6893 421.42 53.6893 421.212V420.072H52.1773C51.5293 420.072 51.0613 420.172 50.7733 420.372C50.4933 420.564 50.3533 420.828 50.3533 421.164V421.476C50.3533 421.836 50.4853 422.108 50.7493 422.292C51.0213 422.476 51.3813 422.568 51.8293 422.568ZM62.6246 423.732C62.6246 424.356 62.3686 424.812 61.8566 425.1C61.3446 425.396 60.5926 425.544 59.6006 425.544C58.6406 425.544 57.9486 425.408 57.5246 425.136C57.1006 424.864 56.8886 424.484 56.8886 423.996C56.8886 423.644 56.9846 423.364 57.1766 423.156C57.3686 422.956 57.6366 422.804 57.9806 422.7V422.604C57.5886 422.452 57.3926 422.172 57.3926 421.764C57.3926 421.46 57.4966 421.228 57.7046 421.068C57.9126 420.9 58.1686 420.776 58.4726 420.696V420.648C58.1046 420.488 57.8166 420.248 57.6086 419.928C57.4086 419.608 57.3086 419.224 57.3086 418.776C57.3086 418.464 57.3606 418.18 57.4646 417.924C57.5766 417.66 57.7286 417.436 57.9206 417.252C58.1206 417.06 58.3606 416.916 58.6406 416.82C58.9206 416.716 59.2326 416.664 59.5766 416.664C60.0726 416.664 60.4966 416.768 60.8486 416.976V416.724C60.8486 416.532 60.8926 416.38 60.9806 416.268C61.0766 416.148 61.2286 416.088 61.4366 416.088H62.6486V416.688H61.2326V417.252C61.4326 417.436 61.5846 417.656 61.6886 417.912C61.8006 418.168 61.8566 418.456 61.8566 418.776C61.8566 419.088 61.8006 419.372 61.6886 419.628C61.5846 419.884 61.4326 420.108 61.2326 420.3C61.0326 420.484 60.7926 420.628 60.5126 420.732C60.2326 420.828 59.9206 420.876 59.5766 420.876C59.4646 420.876 59.3606 420.872 59.2646 420.864C59.1686 420.856 59.0646 420.84 58.9526 420.816C58.6966 420.88 58.4726 420.976 58.2806 421.104C58.0886 421.232 57.9926 421.404 57.9926 421.62C57.9926 421.98 58.3286 422.16 59.0006 422.16H60.4766C61.2286 422.16 61.7726 422.304 62.1086 422.592C62.4526 422.872 62.6246 423.252 62.6246 423.732ZM61.9766 423.756C61.9766 423.46 61.8646 423.224 61.6406 423.048C61.4246 422.88 61.0366 422.796 60.4766 422.796H58.4486C58.1686 422.884 57.9486 423.012 57.7886 423.18C57.6366 423.356 57.5606 423.584 57.5606 423.864C57.5606 424.192 57.6926 424.46 57.9566 424.668C58.2286 424.884 58.6366 424.992 59.1806 424.992H59.9846C60.6006 424.992 61.0846 424.888 61.4366 424.68C61.7966 424.48 61.9766 424.172 61.9766 423.756ZM59.5766 420.336C60.0966 420.336 60.4846 420.208 60.7406 419.952C61.0046 419.696 61.1366 419.368 61.1366 418.968V418.572C61.1366 418.164 61.0046 417.836 60.7406 417.588C60.4846 417.332 60.0966 417.204 59.5766 417.204C59.0646 417.204 58.6766 417.332 58.4126 417.588C58.1566 417.836 58.0286 418.164 58.0286 418.572V418.968C58.0286 419.368 58.1606 419.696 58.4246 419.952C58.6886 420.208 59.0726 420.336 59.5766 420.336ZM64.1079 422.412H66.0519V417.396H64.1079V416.808H66.7359V418.224H66.7839C66.9199 417.792 67.1519 417.448 67.4799 417.192C67.8159 416.936 68.2559 416.808 68.7999 416.808H69.8679V417.48H68.5959C68.0359 417.48 67.5839 417.648 67.2399 417.984C66.9039 418.312 66.7359 418.756 66.7359 419.316V422.412H69.2559V423H64.1079V422.412ZM76.1152 423C75.8352 423 75.6352 422.932 75.5152 422.796C75.3952 422.66 75.3272 422.476 75.3112 422.244V422.028H75.2512C75.1152 422.356 74.8912 422.624 74.5792 422.832C74.2672 423.04 73.8432 423.144 73.3072 423.144C72.6592 423.144 72.1472 422.988 71.7712 422.676C71.4032 422.356 71.2192 421.908 71.2192 421.332C71.2192 421.06 71.2632 420.816 71.3512 420.6C71.4472 420.376 71.5952 420.188 71.7952 420.036C72.0032 419.884 72.2672 419.768 72.5872 419.688C72.9072 419.6 73.2992 419.556 73.7632 419.556H75.2752V418.8C75.2752 418.28 75.1312 417.892 74.8432 417.636C74.5632 417.38 74.1712 417.252 73.6672 417.252C72.8192 417.252 72.2272 417.592 71.8912 418.272L71.4232 417.936C71.5832 417.576 71.8512 417.276 72.2272 417.036C72.6112 416.788 73.1032 416.664 73.7032 416.664C74.4072 416.664 74.9592 416.848 75.3592 417.216C75.7592 417.576 75.9592 418.08 75.9592 418.728V422.4H76.8832V423H76.1152ZM73.4152 422.568C73.6792 422.568 73.9232 422.536 74.1472 422.472C74.3712 422.408 74.5672 422.32 74.7352 422.208C74.9032 422.088 75.0352 421.944 75.1312 421.776C75.2272 421.608 75.2752 421.42 75.2752 421.212V420.072H73.7632C73.1152 420.072 72.6472 420.172 72.3592 420.372C72.0792 420.564 71.9392 420.828 71.9392 421.164V421.476C71.9392 421.836 72.0712 422.108 72.3352 422.292C72.6072 422.476 72.9672 422.568 73.4152 422.568ZM78.3065 423V416.808H78.9425V417.528H78.9785C79.0745 417.288 79.2145 417.084 79.3985 416.916C79.5905 416.748 79.8585 416.664 80.2025 416.664C80.5545 416.664 80.8265 416.752 81.0185 416.928C81.2105 417.096 81.3305 417.332 81.3785 417.636H81.4025C81.5145 417.356 81.6745 417.124 81.8825 416.94C82.0905 416.756 82.3785 416.664 82.7465 416.664C83.2265 416.664 83.5585 416.824 83.7425 417.144C83.9345 417.456 84.0305 417.912 84.0305 418.512V423H83.3945V418.62C83.3945 418.116 83.3225 417.76 83.1785 417.552C83.0425 417.344 82.8225 417.24 82.5185 417.24C82.2305 417.24 81.9865 417.34 81.7865 417.54C81.5865 417.732 81.4865 418.028 81.4865 418.428V423H80.8505V418.62C80.8505 418.116 80.7785 417.76 80.6345 417.552C80.4985 417.344 80.2785 417.24 79.9745 417.24C79.6865 417.24 79.4425 417.34 79.2425 417.54C79.0425 417.732 78.9425 418.028 78.9425 418.428V423H78.3065ZM93.2011 416.808H93.8851V420.66L93.8011 422.004H93.8371L94.5451 420.912L97.2571 416.808H97.9051V423H97.2211V419.148L97.3051 417.804H97.2691L96.5611 418.896L93.8491 423H93.2011V416.808ZM107.592 416.808H108.276V419.496H111.612V416.808H112.296V423H111.612V420.084H108.276V423H107.592V416.808ZM117.235 423.144C116.371 423.144 115.691 422.864 115.195 422.304C114.707 421.736 114.463 420.94 114.463 419.916C114.463 419.404 114.527 418.948 114.655 418.548C114.783 418.14 114.963 417.8 115.195 417.528C115.435 417.248 115.723 417.036 116.059 416.892C116.395 416.74 116.767 416.664 117.175 416.664C117.591 416.664 117.963 416.74 118.291 416.892C118.619 417.036 118.895 417.244 119.119 417.516C119.351 417.788 119.527 418.112 119.647 418.488C119.767 418.864 119.827 419.28 119.827 419.736V420.036H115.183V420.336C115.183 421 115.363 421.536 115.723 421.944C116.083 422.344 116.587 422.544 117.235 422.544C117.691 422.544 118.079 422.44 118.399 422.232C118.727 422.024 118.979 421.716 119.155 421.308L119.671 421.632C119.487 422.088 119.187 422.456 118.771 422.736C118.355 423.008 117.843 423.144 117.235 423.144ZM117.175 417.24C116.871 417.24 116.595 417.296 116.347 417.408C116.107 417.512 115.899 417.66 115.723 417.852C115.555 418.044 115.423 418.276 115.327 418.548C115.231 418.82 115.183 419.12 115.183 419.448V419.52H119.095V419.424C119.095 418.752 118.923 418.22 118.579 417.828C118.243 417.436 117.775 417.24 117.175 417.24ZM131.386 423.144C130.226 423.144 129.382 422.764 128.854 422.004L129.358 421.596C129.782 422.228 130.462 422.544 131.398 422.544C131.974 422.544 132.414 422.44 132.718 422.232C133.022 422.024 133.174 421.748 133.174 421.404V421.212C133.174 420.852 133.042 420.576 132.778 420.384C132.514 420.184 132.142 420.084 131.662 420.084H130.09V419.496H131.578C132.034 419.496 132.39 419.404 132.646 419.22C132.902 419.036 133.03 418.784 133.03 418.464V418.284C133.03 417.98 132.898 417.736 132.634 417.552C132.37 417.36 131.962 417.264 131.41 417.264C130.922 417.264 130.526 417.344 130.222 417.504C129.918 417.656 129.678 417.868 129.502 418.14L129.01 417.804C129.25 417.436 129.57 417.156 129.97 416.964C130.37 416.764 130.87 416.664 131.47 416.664C132.214 416.664 132.782 416.812 133.174 417.108C133.566 417.396 133.762 417.796 133.762 418.308C133.762 418.716 133.646 419.036 133.414 419.268C133.19 419.492 132.882 419.648 132.49 419.736V419.772C132.946 419.836 133.294 420 133.534 420.264C133.782 420.52 133.906 420.86 133.906 421.284C133.906 421.86 133.686 422.316 133.246 422.652C132.806 422.98 132.186 423.144 131.386 423.144ZM140.873 423C140.593 423 140.393 422.932 140.273 422.796C140.153 422.66 140.085 422.476 140.069 422.244V422.028H140.009C139.873 422.356 139.649 422.624 139.337 422.832C139.025 423.04 138.601 423.144 138.065 423.144C137.417 423.144 136.905 422.988 136.529 422.676C136.161 422.356 135.977 421.908 135.977 421.332C135.977 421.06 136.021 420.816 136.109 420.6C136.205 420.376 136.353 420.188 136.553 420.036C136.761 419.884 137.025 419.768 137.345 419.688C137.665 419.6 138.057 419.556 138.521 419.556H140.033V418.8C140.033 418.28 139.889 417.892 139.601 417.636C139.321 417.38 138.929 417.252 138.425 417.252C137.577 417.252 136.985 417.592 136.649 418.272L136.181 417.936C136.341 417.576 136.609 417.276 136.985 417.036C137.369 416.788 137.861 416.664 138.461 416.664C139.165 416.664 139.717 416.848 140.117 417.216C140.517 417.576 140.717 418.08 140.717 418.728V422.4H141.641V423H140.873ZM138.173 422.568C138.437 422.568 138.681 422.536 138.905 422.472C139.129 422.408 139.325 422.32 139.493 422.208C139.661 422.088 139.793 421.944 139.889 421.776C139.985 421.608 140.033 421.42 140.033 421.212V420.072H138.521C137.873 420.072 137.405 420.172 137.117 420.372C136.837 420.564 136.697 420.828 136.697 421.164V421.476C136.697 421.836 136.829 422.108 137.093 422.292C137.365 422.476 137.725 422.568 138.173 422.568ZM143.604 416.808H148.236V423H147.552V417.396H144.288V423H143.604V416.808ZM150.8 416.808H151.484V417.792H151.52C151.696 417.456 151.94 417.184 152.252 416.976C152.572 416.768 152.968 416.664 153.44 416.664C154.216 416.664 154.82 416.944 155.252 417.504C155.684 418.056 155.9 418.856 155.9 419.904C155.9 420.952 155.684 421.756 155.252 422.316C154.82 422.868 154.216 423.144 153.44 423.144C152.968 423.144 152.572 423.04 152.252 422.832C151.94 422.624 151.696 422.352 151.52 422.016H151.484V425.4H150.8V416.808ZM153.212 422.532C153.836 422.532 154.316 422.336 154.652 421.944C154.996 421.552 155.168 421.016 155.168 420.336V419.472C155.168 418.792 154.996 418.256 154.652 417.864C154.316 417.472 153.836 417.276 153.212 417.276C152.98 417.276 152.76 417.308 152.552 417.372C152.344 417.436 152.16 417.528 152 417.648C151.84 417.768 151.712 417.916 151.616 418.092C151.528 418.268 151.484 418.464 151.484 418.68V421.128C151.484 421.344 151.528 421.54 151.616 421.716C151.712 421.892 151.84 422.04 152 422.16C152.16 422.28 152.344 422.372 152.552 422.436C152.76 422.5 152.98 422.532 153.212 422.532ZM162.459 423C162.179 423 161.979 422.932 161.859 422.796C161.739 422.66 161.671 422.476 161.655 422.244V422.028H161.595C161.459 422.356 161.235 422.624 160.923 422.832C160.611 423.04 160.187 423.144 159.651 423.144C159.003 423.144 158.491 422.988 158.115 422.676C157.747 422.356 157.563 421.908 157.563 421.332C157.563 421.06 157.607 420.816 157.695 420.6C157.791 420.376 157.939 420.188 158.139 420.036C158.347 419.884 158.611 419.768 158.931 419.688C159.251 419.6 159.643 419.556 160.107 419.556H161.619V418.8C161.619 418.28 161.475 417.892 161.187 417.636C160.907 417.38 160.515 417.252 160.011 417.252C159.163 417.252 158.571 417.592 158.235 418.272L157.767 417.936C157.927 417.576 158.195 417.276 158.571 417.036C158.955 416.788 159.447 416.664 160.047 416.664C160.751 416.664 161.303 416.848 161.703 417.216C162.103 417.576 162.303 418.08 162.303 418.728V422.4H163.227V423H162.459ZM159.759 422.568C160.023 422.568 160.267 422.536 160.491 422.472C160.715 422.408 160.911 422.32 161.079 422.208C161.247 422.088 161.379 421.944 161.475 421.776C161.571 421.608 161.619 421.42 161.619 421.212V420.072H160.107C159.459 420.072 158.991 420.172 158.703 420.372C158.423 420.564 158.283 420.828 158.283 421.164V421.476C158.283 421.836 158.415 422.108 158.679 422.292C158.951 422.476 159.311 422.568 159.759 422.568ZM164.65 416.808H165.286V422.424H167.194V416.808H167.83V422.424H169.738V416.808H170.374V423H164.65V416.808ZM172.35 416.808H173.034V420.66L172.95 422.004H172.986L173.694 420.912L176.406 416.808H177.054V423H176.37V419.148L176.454 417.804H176.418L175.71 418.896L172.998 423H172.35V416.808ZM179.689 416.808H182.653C183.157 416.808 183.553 416.944 183.841 417.216C184.137 417.488 184.285 417.872 184.285 418.368C184.285 418.768 184.181 419.08 183.973 419.304C183.773 419.528 183.489 419.668 183.121 419.724V419.76C183.569 419.808 183.909 419.964 184.141 420.228C184.373 420.484 184.489 420.82 184.489 421.236C184.489 421.756 184.333 422.18 184.021 422.508C183.709 422.836 183.269 423 182.701 423H179.689V416.808ZM182.557 422.448C182.941 422.448 183.237 422.356 183.445 422.172C183.653 421.988 183.757 421.728 183.757 421.392V421.116C183.757 420.78 183.653 420.52 183.445 420.336C183.237 420.152 182.953 420.06 182.593 420.06H180.373V422.448H182.557ZM182.509 419.52C182.837 419.52 183.093 419.436 183.277 419.268C183.461 419.1 183.553 418.868 183.553 418.572V418.308C183.553 418.012 183.461 417.78 183.277 417.612C183.093 417.444 182.837 417.36 182.509 417.36H180.373V419.52H182.509ZM191.24 423C190.96 423 190.76 422.932 190.64 422.796C190.52 422.66 190.452 422.476 190.436 422.244V422.028H190.376C190.24 422.356 190.016 422.624 189.704 422.832C189.392 423.04 188.968 423.144 188.432 423.144C187.784 423.144 187.272 422.988 186.896 422.676C186.528 422.356 186.344 421.908 186.344 421.332C186.344 421.06 186.388 420.816 186.476 420.6C186.572 420.376 186.72 420.188 186.92 420.036C187.128 419.884 187.392 419.768 187.712 419.688C188.032 419.6 188.424 419.556 188.888 419.556H190.4V418.8C190.4 418.28 190.256 417.892 189.968 417.636C189.688 417.38 189.296 417.252 188.792 417.252C187.944 417.252 187.352 417.592 187.016 418.272L186.548 417.936C186.708 417.576 186.976 417.276 187.352 417.036C187.736 416.788 188.228 416.664 188.828 416.664C189.532 416.664 190.084 416.848 190.484 417.216C190.884 417.576 191.084 418.08 191.084 418.728V422.4H192.008V423H191.24ZM188.54 422.568C188.804 422.568 189.048 422.536 189.272 422.472C189.496 422.408 189.692 422.32 189.86 422.208C190.028 422.088 190.16 421.944 190.256 421.776C190.352 421.608 190.4 421.42 190.4 421.212V420.072H188.888C188.24 420.072 187.772 420.172 187.484 420.372C187.204 420.564 187.064 420.828 187.064 421.164V421.476C187.064 421.836 187.196 422.108 187.46 422.292C187.732 422.476 188.092 422.568 188.54 422.568ZM196.384 423.144C195.52 423.144 194.84 422.864 194.344 422.304C193.856 421.736 193.612 420.94 193.612 419.916C193.612 419.404 193.676 418.948 193.804 418.548C193.932 418.14 194.112 417.8 194.344 417.528C194.584 417.248 194.872 417.036 195.208 416.892C195.544 416.74 195.916 416.664 196.324 416.664C196.74 416.664 197.112 416.74 197.44 416.892C197.768 417.036 198.044 417.244 198.268 417.516C198.5 417.788 198.676 418.112 198.796 418.488C198.916 418.864 198.976 419.28 198.976 419.736V420.036H194.332V420.336C194.332 421 194.512 421.536 194.872 421.944C195.232 422.344 195.736 422.544 196.384 422.544C196.84 422.544 197.228 422.44 197.548 422.232C197.876 422.024 198.128 421.716 198.304 421.308L198.82 421.632C198.636 422.088 198.336 422.456 197.92 422.736C197.504 423.008 196.992 423.144 196.384 423.144ZM196.324 417.24C196.02 417.24 195.744 417.296 195.496 417.408C195.256 417.512 195.048 417.66 194.872 417.852C194.704 418.044 194.572 418.276 194.476 418.548C194.38 418.82 194.332 419.12 194.332 419.448V419.52H198.244V419.424C198.244 418.752 198.072 418.22 197.728 417.828C197.392 417.436 196.924 417.24 196.324 417.24ZM203.135 417.396H200.771V416.808H206.183V417.396H203.819V423H203.135V417.396ZM215.557 416.808H220.189V423H219.505V417.396H216.241V423H215.557V416.808ZM227.217 423C226.937 423 226.737 422.932 226.617 422.796C226.497 422.66 226.429 422.476 226.413 422.244V422.028H226.353C226.217 422.356 225.993 422.624 225.681 422.832C225.369 423.04 224.945 423.144 224.409 423.144C223.761 423.144 223.249 422.988 222.873 422.676C222.505 422.356 222.321 421.908 222.321 421.332C222.321 421.06 222.365 420.816 222.453 420.6C222.549 420.376 222.697 420.188 222.897 420.036C223.105 419.884 223.369 419.768 223.689 419.688C224.009 419.6 224.401 419.556 224.865 419.556H226.377V418.8C226.377 418.28 226.233 417.892 225.945 417.636C225.665 417.38 225.273 417.252 224.769 417.252C223.921 417.252 223.329 417.592 222.993 418.272L222.525 417.936C222.685 417.576 222.953 417.276 223.329 417.036C223.713 416.788 224.205 416.664 224.805 416.664C225.509 416.664 226.061 416.848 226.461 417.216C226.861 417.576 227.061 418.08 227.061 418.728V422.4H227.985V423H227.217ZM224.517 422.568C224.781 422.568 225.025 422.536 225.249 422.472C225.473 422.408 225.669 422.32 225.837 422.208C226.005 422.088 226.137 421.944 226.233 421.776C226.329 421.608 226.377 421.42 226.377 421.212V420.072H224.865C224.217 420.072 223.749 420.172 223.461 420.372C223.181 420.564 223.041 420.828 223.041 421.164V421.476C223.041 421.836 223.173 422.108 223.437 422.292C223.709 422.476 224.069 422.568 224.517 422.568ZM229.948 416.808H230.632V417.792H230.668C230.844 417.456 231.088 417.184 231.4 416.976C231.72 416.768 232.116 416.664 232.588 416.664C233.364 416.664 233.968 416.944 234.4 417.504C234.832 418.056 235.048 418.856 235.048 419.904C235.048 420.952 234.832 421.756 234.4 422.316C233.968 422.868 233.364 423.144 232.588 423.144C232.116 423.144 231.72 423.04 231.4 422.832C231.088 422.624 230.844 422.352 230.668 422.016H230.632V425.4H229.948V416.808ZM232.36 422.532C232.984 422.532 233.464 422.336 233.8 421.944C234.144 421.552 234.316 421.016 234.316 420.336V419.472C234.316 418.792 234.144 418.256 233.8 417.864C233.464 417.472 232.984 417.276 232.36 417.276C232.128 417.276 231.908 417.308 231.7 417.372C231.492 417.436 231.308 417.528 231.148 417.648C230.988 417.768 230.86 417.916 230.764 418.092C230.676 418.268 230.632 418.464 230.632 418.68V421.128C230.632 421.344 230.676 421.54 230.764 421.716C230.86 421.892 230.988 422.04 231.148 422.16C231.308 422.28 231.492 422.372 231.7 422.436C231.908 422.5 232.128 422.532 232.36 422.532ZM239.459 423.144C238.611 423.144 237.947 422.86 237.467 422.292C236.995 421.724 236.759 420.928 236.759 419.904C236.759 418.88 236.995 418.084 237.467 417.516C237.947 416.948 238.611 416.664 239.459 416.664C240.307 416.664 240.967 416.948 241.439 417.516C241.919 418.084 242.159 418.88 242.159 419.904C242.159 420.928 241.919 421.724 241.439 422.292C240.967 422.86 240.307 423.144 239.459 423.144ZM239.459 422.544C240.067 422.544 240.547 422.352 240.899 421.968C241.251 421.584 241.427 421.024 241.427 420.288V419.52C241.427 418.784 241.251 418.224 240.899 417.84C240.547 417.456 240.067 417.264 239.459 417.264C238.851 417.264 238.371 417.456 238.019 417.84C237.667 418.224 237.491 418.784 237.491 419.52V420.288C237.491 421.024 237.667 421.584 238.019 421.968C238.371 422.352 238.851 422.544 239.459 422.544ZM243.355 422.412H244.087C244.215 422.268 244.331 422.092 244.435 421.884C244.539 421.668 244.627 421.412 244.699 421.116C244.779 420.812 244.839 420.456 244.879 420.048C244.919 419.64 244.939 419.168 244.939 418.632V416.808H248.827V423H248.143V417.396H245.611V418.656C245.611 419.792 245.519 420.684 245.335 421.332C245.159 421.972 244.935 422.424 244.663 422.688C244.551 422.8 244.423 422.88 244.279 422.928C244.135 422.976 243.971 423 243.787 423H243.355V422.412ZM251.678 416.808H252.362V419.208H254.462C255.062 419.208 255.534 419.372 255.878 419.7C256.222 420.02 256.394 420.488 256.394 421.104C256.394 421.72 256.222 422.192 255.878 422.52C255.534 422.84 255.062 423 254.462 423H251.678V416.808ZM254.378 422.412C254.786 422.412 255.102 422.32 255.326 422.136C255.55 421.952 255.662 421.68 255.662 421.32V420.888C255.662 420.528 255.55 420.256 255.326 420.072C255.102 419.888 254.786 419.796 254.378 419.796H252.362V422.412H254.378ZM261.045 423.084C260.789 423.084 260.609 423.032 260.505 422.928C260.401 422.824 260.349 422.688 260.349 422.52V422.352C260.349 422.192 260.401 422.06 260.505 421.956C260.609 421.844 260.789 421.788 261.045 421.788C261.301 421.788 261.481 421.844 261.585 421.956C261.689 422.06 261.741 422.192 261.741 422.352V422.52C261.741 422.688 261.689 422.824 261.585 422.928C261.481 423.032 261.301 423.084 261.045 423.084Z" fill="#707070" fill-opacity="0.5"/>
<path d="M23.876 454.144C22.852 454.144 22.088 453.772 21.584 453.028C21.088 452.284 20.84 451.212 20.84 449.812C20.84 448.412 21.088 447.34 21.584 446.596C22.088 445.852 22.852 445.48 23.876 445.48C24.26 445.48 24.592 445.532 24.872 445.636C25.152 445.74 25.392 445.88 25.592 446.056C25.792 446.232 25.96 446.432 26.096 446.656C26.232 446.872 26.352 447.092 26.456 447.316L25.592 447.712C25.52 447.528 25.436 447.356 25.34 447.196C25.244 447.028 25.128 446.884 24.992 446.764C24.864 446.636 24.708 446.536 24.524 446.464C24.348 446.392 24.132 446.356 23.876 446.356C23.212 446.356 22.716 446.608 22.388 447.112C22.068 447.616 21.908 448.288 21.908 449.128V450.496C21.908 451.336 22.068 452.008 22.388 452.512C22.716 453.016 23.212 453.268 23.876 453.268C24.132 453.268 24.348 453.232 24.524 453.16C24.708 453.088 24.864 452.992 24.992 452.872C25.128 452.744 25.244 452.6 25.34 452.44C25.436 452.272 25.52 452.096 25.592 451.912L26.456 452.308C26.352 452.54 26.232 452.764 26.096 452.98C25.96 453.196 25.792 453.392 25.592 453.568C25.392 453.744 25.152 453.884 24.872 453.988C24.592 454.092 24.26 454.144 23.876 454.144ZM29.6793 447.808H30.6393V450.4H31.9593L33.6273 447.808H34.6233L33.1113 450.16C32.9753 450.368 32.8553 450.516 32.7513 450.604C32.6473 450.684 32.5233 450.744 32.3793 450.784V450.832C32.5393 450.856 32.6753 450.912 32.7873 451C32.8993 451.08 33.0153 451.224 33.1353 451.432L34.1433 453.184H34.8393V454H34.1433C33.9353 454 33.7553 453.944 33.6033 453.832C33.4513 453.72 33.2993 453.536 33.1473 453.28L31.9593 451.216H30.6393V454H29.6793V447.808ZM40.3906 454.144C39.9586 454.144 39.5666 454.068 39.2146 453.916C38.8706 453.764 38.5746 453.548 38.3266 453.268C38.0866 452.98 37.9026 452.64 37.7746 452.248C37.6466 451.848 37.5826 451.4 37.5826 450.904C37.5826 450.416 37.6466 449.972 37.7746 449.572C37.9026 449.172 38.0866 448.832 38.3266 448.552C38.5746 448.264 38.8706 448.044 39.2146 447.892C39.5666 447.74 39.9586 447.664 40.3906 447.664C40.8226 447.664 41.2106 447.74 41.5546 447.892C41.9066 448.044 42.2026 448.264 42.4426 448.552C42.6906 448.832 42.8786 449.172 43.0066 449.572C43.1346 449.972 43.1986 450.416 43.1986 450.904C43.1986 451.4 43.1346 451.848 43.0066 452.248C42.8786 452.64 42.6906 452.98 42.4426 453.268C42.2026 453.548 41.9066 453.764 41.5546 453.916C41.2106 454.068 40.8226 454.144 40.3906 454.144ZM40.3906 453.316C40.9266 453.316 41.3586 453.156 41.6866 452.836C42.0146 452.516 42.1786 452.02 42.1786 451.348V450.46C42.1786 449.788 42.0146 449.292 41.6866 448.972C41.3586 448.652 40.9266 448.492 40.3906 448.492C39.8546 448.492 39.4226 448.652 39.0946 448.972C38.7666 449.292 38.6026 449.788 38.6026 450.46V451.348C38.6026 452.02 38.7666 452.516 39.0946 452.836C39.4226 453.156 39.8546 453.316 40.3906 453.316ZM46.3259 447.808H47.2859V448.816H47.3339C47.7339 448.048 48.3699 447.664 49.2419 447.664C50.0019 447.664 50.5939 447.948 51.0179 448.516C51.4499 449.084 51.6659 449.88 51.6659 450.904C51.6659 451.928 51.4499 452.724 51.0179 453.292C50.5939 453.86 50.0019 454.144 49.2419 454.144C48.3699 454.144 47.7339 453.76 47.3339 452.992H47.2859V456.4H46.3259V447.808ZM48.8699 453.292C49.4299 453.292 49.8619 453.124 50.1659 452.788C50.4779 452.444 50.6339 451.992 50.6339 451.432V450.376C50.6339 449.816 50.4779 449.368 50.1659 449.032C49.8619 448.688 49.4299 448.516 48.8699 448.516C48.6539 448.516 48.4499 448.544 48.2579 448.6C48.0659 448.656 47.8979 448.74 47.7539 448.852C47.6099 448.956 47.4939 449.088 47.4059 449.248C47.3259 449.4 47.2859 449.58 47.2859 449.788V452.02C47.2859 452.228 47.3259 452.412 47.4059 452.572C47.4939 452.724 47.6099 452.856 47.7539 452.968C47.8979 453.072 48.0659 453.152 48.2579 453.208C48.4499 453.264 48.6539 453.292 48.8699 453.292ZM57.1812 454.144C56.7492 454.144 56.3572 454.068 56.0052 453.916C55.6612 453.764 55.3652 453.548 55.1172 453.268C54.8772 452.98 54.6932 452.64 54.5652 452.248C54.4372 451.848 54.3732 451.4 54.3732 450.904C54.3732 450.416 54.4372 449.972 54.5652 449.572C54.6932 449.172 54.8772 448.832 55.1172 448.552C55.3652 448.264 55.6612 448.044 56.0052 447.892C56.3572 447.74 56.7492 447.664 57.1812 447.664C57.6132 447.664 58.0012 447.74 58.3452 447.892C58.6972 448.044 58.9932 448.264 59.2332 448.552C59.4812 448.832 59.6692 449.172 59.7972 449.572C59.9252 449.972 59.9892 450.416 59.9892 450.904C59.9892 451.4 59.9252 451.848 59.7972 452.248C59.6692 452.64 59.4812 452.98 59.2332 453.268C58.9932 453.548 58.6972 453.764 58.3452 453.916C58.0012 454.068 57.6132 454.144 57.1812 454.144ZM57.1812 453.316C57.7172 453.316 58.1492 453.156 58.4772 452.836C58.8052 452.516 58.9692 452.02 58.9692 451.348V450.46C58.9692 449.788 58.8052 449.292 58.4772 448.972C58.1492 448.652 57.7172 448.492 57.1812 448.492C56.6452 448.492 56.2132 448.652 55.8852 448.972C55.5572 449.292 55.3932 449.788 55.3932 450.46V451.348C55.3932 452.02 55.5572 452.516 55.8852 452.836C56.2132 453.156 56.6452 453.316 57.1812 453.316ZM65.7926 454.144C65.3446 454.144 64.9446 454.068 64.5926 453.916C64.2486 453.756 63.9566 453.536 63.7166 453.256C63.4766 452.976 63.2926 452.636 63.1646 452.236C63.0446 451.836 62.9846 451.392 62.9846 450.904C62.9846 450.416 63.0486 449.972 63.1766 449.572C63.3046 449.172 63.4886 448.832 63.7286 448.552C63.9686 448.264 64.2606 448.044 64.6046 447.892C64.9486 447.74 65.3406 447.664 65.7806 447.664C66.3806 447.664 66.8686 447.796 67.2446 448.06C67.6206 448.324 67.8966 448.668 68.0726 449.092L67.3046 449.5C67.1926 449.18 67.0046 448.932 66.7406 448.756C66.4846 448.58 66.1646 448.492 65.7806 448.492C65.5006 448.492 65.2486 448.54 65.0246 448.636C64.8086 448.724 64.6246 448.852 64.4726 449.02C64.3206 449.188 64.2046 449.388 64.1246 449.62C64.0526 449.852 64.0166 450.104 64.0166 450.376V451.432C64.0166 451.704 64.0526 451.956 64.1246 452.188C64.2046 452.42 64.3206 452.62 64.4726 452.788C64.6246 452.956 64.8126 453.088 65.0366 453.184C65.2606 453.272 65.5166 453.316 65.8046 453.316C66.2206 453.316 66.5646 453.22 66.8366 453.028C67.1086 452.836 67.3246 452.572 67.4846 452.236L68.1686 452.704C67.9846 453.12 67.6966 453.464 67.3046 453.736C66.9206 454.008 66.4166 454.144 65.7926 454.144ZM73.4919 448.624H71.2119V447.808H76.7319V448.624H74.4519V454H73.4919V448.624ZM80.0992 447.808H81.0592V450.052H82.9792C83.6032 450.052 84.0992 450.228 84.4672 450.58C84.8352 450.932 85.0192 451.416 85.0192 452.032C85.0192 452.656 84.8392 453.14 84.4792 453.484C84.1192 453.828 83.6232 454 82.9912 454H80.0992V447.808ZM82.8472 453.184C83.2072 453.184 83.4872 453.112 83.6872 452.968C83.8952 452.824 83.9992 452.592 83.9992 452.272V451.768C83.9992 451.448 83.8952 451.22 83.6872 451.084C83.4872 450.94 83.2072 450.868 82.8472 450.868H81.0592V453.184H82.8472ZM98.9058 454.144C98.2658 454.144 97.7338 454.04 97.3098 453.832C96.8938 453.624 96.5538 453.328 96.2898 452.944L96.9978 452.368C97.1898 452.672 97.4418 452.908 97.7538 453.076C98.0658 453.236 98.4498 453.316 98.9058 453.316C99.4818 453.316 99.8978 453.224 100.154 453.04C100.41 452.856 100.538 452.62 100.538 452.332V452.164C100.538 451.852 100.434 451.616 100.226 451.456C100.026 451.288 99.7338 451.204 99.3498 451.204H97.6818V450.4H99.2298C100.014 450.4 100.406 450.108 100.406 449.524V449.38C100.406 449.116 100.294 448.904 100.07 448.744C99.8538 448.576 99.4738 448.492 98.9298 448.492C98.4498 448.492 98.0618 448.572 97.7658 448.732C97.4778 448.892 97.2418 449.116 97.0578 449.404L96.3858 448.948C96.6658 448.54 97.0058 448.224 97.4058 448C97.8058 447.776 98.3298 447.664 98.9778 447.664C99.8018 447.664 100.414 447.812 100.814 448.108C101.222 448.404 101.426 448.812 101.426 449.332C101.426 449.716 101.326 450.02 101.126 450.244C100.926 450.468 100.646 450.624 100.286 450.712V450.76C100.702 450.824 101.018 450.984 101.234 451.24C101.45 451.488 101.558 451.808 101.558 452.2C101.558 452.8 101.326 453.276 100.862 453.628C100.406 453.972 99.7538 454.144 98.9058 454.144ZM109.893 454C109.517 454 109.249 453.904 109.089 453.712C108.929 453.52 108.829 453.28 108.789 452.992H108.729C108.593 453.352 108.373 453.636 108.069 453.844C107.773 454.044 107.373 454.144 106.869 454.144C106.221 454.144 105.705 453.976 105.321 453.64C104.937 453.304 104.745 452.844 104.745 452.26C104.745 451.684 104.953 451.24 105.369 450.928C105.793 450.616 106.473 450.46 107.409 450.46H108.729V449.848C108.729 449.392 108.601 449.052 108.345 448.828C108.089 448.596 107.725 448.48 107.253 448.48C106.837 448.48 106.497 448.564 106.233 448.732C105.969 448.892 105.757 449.112 105.597 449.392L104.949 448.912C105.029 448.752 105.137 448.596 105.273 448.444C105.409 448.292 105.577 448.16 105.777 448.048C105.977 447.928 106.205 447.836 106.461 447.772C106.717 447.7 107.001 447.664 107.313 447.664C108.041 447.664 108.617 447.848 109.041 448.216C109.473 448.584 109.689 449.096 109.689 449.752V453.16H110.553V454H109.893ZM107.037 453.34C107.285 453.34 107.509 453.312 107.709 453.256C107.917 453.192 108.097 453.112 108.249 453.016C108.401 452.912 108.517 452.792 108.597 452.656C108.685 452.512 108.729 452.36 108.729 452.2V451.18H107.409C106.833 451.18 106.413 451.26 106.149 451.42C105.885 451.58 105.753 451.812 105.753 452.116V452.368C105.753 452.688 105.865 452.932 106.089 453.1C106.321 453.26 106.637 453.34 107.037 453.34ZM113.968 447.808H118.408V448.624H114.928V454H113.968V447.808ZM121.884 447.808H122.844V448.816H122.892C123.292 448.048 123.928 447.664 124.8 447.664C125.56 447.664 126.152 447.948 126.576 448.516C127.008 449.084 127.224 449.88 127.224 450.904C127.224 451.928 127.008 452.724 126.576 453.292C126.152 453.86 125.56 454.144 124.8 454.144C123.928 454.144 123.292 453.76 122.892 452.992H122.844V456.4H121.884V447.808ZM124.428 453.292C124.988 453.292 125.42 453.124 125.724 452.788C126.036 452.444 126.192 451.992 126.192 451.432V450.376C126.192 449.816 126.036 449.368 125.724 449.032C125.42 448.688 124.988 448.516 124.428 448.516C124.212 448.516 124.008 448.544 123.816 448.6C123.624 448.656 123.456 448.74 123.312 448.852C123.168 448.956 123.052 449.088 122.964 449.248C122.884 449.4 122.844 449.58 122.844 449.788V452.02C122.844 452.228 122.884 452.412 122.964 452.572C123.052 452.724 123.168 452.856 123.312 452.968C123.456 453.072 123.624 453.152 123.816 453.208C124.008 453.264 124.212 453.292 124.428 453.292ZM134.743 447.808H135.703L132.631 455.356C132.559 455.532 132.479 455.684 132.391 455.812C132.303 455.948 132.199 456.056 132.079 456.136C131.959 456.224 131.815 456.288 131.647 456.328C131.479 456.376 131.279 456.4 131.047 456.4H130.135V455.584H131.575L132.271 453.88L129.775 447.808H130.759L131.803 450.4L132.727 452.752H132.775L133.699 450.4L134.743 447.808ZM140.882 454.144C140.242 454.144 139.71 454.04 139.286 453.832C138.87 453.624 138.53 453.328 138.266 452.944L138.974 452.368C139.166 452.672 139.418 452.908 139.73 453.076C140.042 453.236 140.426 453.316 140.882 453.316C141.458 453.316 141.874 453.224 142.13 453.04C142.386 452.856 142.514 452.62 142.514 452.332V452.164C142.514 451.852 142.41 451.616 142.202 451.456C142.002 451.288 141.71 451.204 141.326 451.204H139.658V450.4H141.206C141.99 450.4 142.382 450.108 142.382 449.524V449.38C142.382 449.116 142.27 448.904 142.046 448.744C141.83 448.576 141.45 448.492 140.906 448.492C140.426 448.492 140.038 448.572 139.742 448.732C139.454 448.892 139.218 449.116 139.034 449.404L138.362 448.948C138.642 448.54 138.982 448.224 139.382 448C139.782 447.776 140.306 447.664 140.954 447.664C141.778 447.664 142.39 447.812 142.79 448.108C143.198 448.404 143.402 448.812 143.402 449.332C143.402 449.716 143.302 450.02 143.102 450.244C142.902 450.468 142.622 450.624 142.262 450.712V450.76C142.678 450.824 142.994 450.984 143.21 451.24C143.426 451.488 143.534 451.808 143.534 452.2C143.534 452.8 143.302 453.276 142.838 453.628C142.382 453.972 141.73 454.144 140.882 454.144ZM147.214 447.808H148.174V450.4H149.494L151.162 447.808H152.158L150.646 450.16C150.51 450.368 150.39 450.516 150.286 450.604C150.182 450.684 150.058 450.744 149.914 450.784V450.832C150.074 450.856 150.21 450.912 150.322 451C150.434 451.08 150.55 451.224 150.67 451.432L151.678 453.184H152.374V454H151.678C151.47 454 151.29 453.944 151.138 453.832C150.986 453.72 150.834 453.536 150.682 453.28L149.494 451.216H148.174V454H147.214V447.808ZM155.465 447.808H156.425V450.964L156.329 452.548H156.377L159.485 447.808H160.385V454H159.425V450.844L159.521 449.26H159.473L156.365 454H155.465V447.808Z" fill="#B4B4B4"/>
<rect x="371.5" y="442" width="14" height="14" rx="7" stroke="#707070"/>
<path d="M378.42 451.905C378.974 451.953 379.323 451.431 379.684 451.097C379.759 451.081 379.752 451.201 379.732 451.247C379.665 451.408 379.118 452.177 378.979 452.313C378.32 452.966 376.469 453.536 376.663 452.128C376.741 451.562 378.064 448.402 377.914 448.266C377.384 448.24 376.914 448.629 376.549 448.973C376.494 448.568 377.237 447.919 377.608 447.707C378.288 447.317 379.99 446.95 379.815 448.188C379.737 448.742 378.239 451.723 378.42 451.905Z" fill="#707070"/>
<path d="M379 445.056C380.748 444.606 380.945 446.994 379.456 447.133C378.228 447.247 377.913 445.336 379 445.056Z" fill="#707070"/>
<rect x="20" y="465" width="366" height="36" rx="10" fill="#262626" fill-opacity="0.2"/>
<rect x="20.5" y="465.5" width="365" height="35" rx="9.5" stroke="url(#paint2_linear_5403_3890)" stroke-opacity="0.3"/>
<path d="M34.338 488.18C33.478 488.18 32.752 487.99 32.16 487.61C31.568 487.226 31.12 486.696 30.816 486.02C30.512 485.344 30.36 484.564 30.36 483.68C30.36 482.796 30.512 482.016 30.816 481.34C31.12 480.664 31.568 480.136 32.16 479.756C32.752 479.372 33.478 479.18 34.338 479.18C35.342 479.18 36.162 479.438 36.798 479.954C37.434 480.466 37.87 481.154 38.106 482.018L37.206 482.252C37.022 481.568 36.692 481.026 36.216 480.626C35.74 480.226 35.114 480.026 34.338 480.026C33.662 480.026 33.1 480.18 32.652 480.488C32.204 480.796 31.866 481.226 31.638 481.778C31.414 482.326 31.298 482.96 31.29 483.68C31.286 484.4 31.396 485.034 31.62 485.582C31.848 486.13 32.188 486.56 32.64 486.872C33.096 487.18 33.662 487.334 34.338 487.334C35.114 487.334 35.74 487.134 36.216 486.734C36.692 486.33 37.022 485.788 37.206 485.108L38.106 485.342C37.87 486.206 37.434 486.896 36.798 487.412C36.162 487.924 35.342 488.18 34.338 488.18ZM43.2278 488.186C42.6238 488.182 42.1058 488.05 41.6738 487.79C41.2418 487.53 40.9058 487.142 40.6658 486.626C40.4298 486.11 40.3018 485.466 40.2818 484.694C40.2698 484.354 40.2778 483.984 40.3058 483.584C40.3338 483.18 40.3778 482.796 40.4378 482.432C40.4978 482.068 40.5698 481.772 40.6538 481.544C40.7578 481.248 40.9058 480.972 41.0978 480.716C41.2938 480.456 41.5198 480.244 41.7758 480.08C42.0238 479.912 42.3038 479.782 42.6158 479.69C42.9318 479.594 43.2598 479.52 43.5998 479.468C43.9438 479.416 44.2838 479.37 44.6198 479.33C44.9598 479.29 45.2738 479.24 45.5618 479.18L45.6578 479.978C45.4378 480.022 45.1778 480.062 44.8778 480.098C44.5778 480.134 44.2638 480.178 43.9358 480.23C43.6078 480.278 43.2938 480.344 42.9938 480.428C42.6938 480.512 42.4378 480.622 42.2258 480.758C41.9018 480.954 41.6518 481.25 41.4758 481.646C41.3038 482.042 41.1978 482.496 41.1578 483.008C41.4058 482.62 41.7338 482.328 42.1418 482.132C42.5538 481.936 42.9998 481.838 43.4798 481.838C44.0638 481.838 44.5658 481.972 44.9858 482.24C45.4098 482.508 45.7358 482.88 45.9638 483.356C46.1918 483.832 46.3058 484.378 46.3058 484.994C46.3058 485.638 46.1798 486.2 45.9278 486.68C45.6798 487.16 45.3258 487.532 44.8658 487.796C44.4058 488.056 43.8598 488.186 43.2278 488.186ZM43.2938 487.34C43.9738 487.34 44.4898 487.128 44.8418 486.704C45.1978 486.28 45.3758 485.716 45.3758 485.012C45.3758 484.292 45.1918 483.724 44.8238 483.308C44.4598 482.892 43.9458 482.684 43.2818 482.684C42.6178 482.684 42.1078 482.892 41.7518 483.308C41.3958 483.724 41.2178 484.292 41.2178 485.012C41.2178 485.732 41.3958 486.3 41.7518 486.716C42.1078 487.132 42.6218 487.34 43.2938 487.34ZM50.6799 488.18C50.1919 488.18 49.7819 488.092 49.4499 487.916C49.1219 487.74 48.8759 487.506 48.7119 487.214C48.5479 486.922 48.4659 486.604 48.4659 486.26C48.4659 485.908 48.5359 485.608 48.6759 485.36C48.8199 485.108 49.0139 484.902 49.2579 484.742C49.5059 484.582 49.7919 484.46 50.1159 484.376C50.4439 484.296 50.8059 484.226 51.2019 484.166C51.6019 484.102 51.9919 484.048 52.3719 484.004C52.7559 483.956 53.0919 483.91 53.3799 483.866L53.0679 484.058C53.0799 483.418 52.9559 482.944 52.6959 482.636C52.4359 482.328 51.9839 482.174 51.3399 482.174C50.8959 482.174 50.5199 482.274 50.2119 482.474C49.9079 482.674 49.6939 482.99 49.5699 483.422L48.7119 483.17C48.8599 482.59 49.1579 482.14 49.6059 481.82C50.0539 481.5 50.6359 481.34 51.3519 481.34C51.9439 481.34 52.4459 481.452 52.8579 481.676C53.2739 481.896 53.5679 482.216 53.7399 482.636C53.8199 482.824 53.8719 483.034 53.8959 483.266C53.9199 483.498 53.9319 483.734 53.9319 483.974V488H53.1459V486.374L53.3739 486.47C53.1539 487.026 52.8119 487.45 52.3479 487.742C51.8839 488.034 51.3279 488.18 50.6799 488.18ZM50.7819 487.418C51.1939 487.418 51.5539 487.344 51.8619 487.196C52.1699 487.048 52.4179 486.846 52.6059 486.59C52.7939 486.33 52.9159 486.038 52.9719 485.714C53.0199 485.506 53.0459 485.278 53.0499 485.03C53.0539 484.778 53.0559 484.59 53.0559 484.466L53.3919 484.64C53.0919 484.68 52.7659 484.72 52.4139 484.76C52.0659 484.8 51.7219 484.846 51.3819 484.898C51.0459 484.95 50.7419 485.012 50.4699 485.084C50.2859 485.136 50.1079 485.21 49.9359 485.306C49.7639 485.398 49.6219 485.522 49.5099 485.678C49.4019 485.834 49.3479 486.028 49.3479 486.26C49.3479 486.448 49.3939 486.63 49.4859 486.806C49.5819 486.982 49.7339 487.128 49.9419 487.244C50.1539 487.36 50.4339 487.418 50.7819 487.418ZM56.0939 488V487.226C56.3339 487.27 56.5159 487.26 56.6399 487.196C56.7679 487.128 56.8619 487.016 56.9219 486.86C56.9819 486.7 57.0319 486.502 57.0719 486.266C57.1359 485.874 57.1939 485.442 57.2459 484.97C57.2979 484.498 57.3439 483.978 57.3839 483.41C57.4279 482.838 57.4719 482.208 57.5159 481.52H61.9199V488H61.0439V482.366H58.3319C58.3039 482.79 58.2719 483.212 58.2359 483.632C58.1999 484.052 58.1619 484.456 58.1219 484.844C58.0859 485.228 58.0459 485.582 58.0019 485.906C57.9579 486.23 57.9119 486.51 57.8639 486.746C57.7919 487.102 57.6959 487.386 57.5759 487.598C57.4599 487.81 57.2859 487.95 57.0539 488.018C56.8219 488.086 56.5019 488.08 56.0939 488ZM66.6502 488.18C66.1622 488.18 65.7522 488.092 65.4202 487.916C65.0922 487.74 64.8462 487.506 64.6822 487.214C64.5182 486.922 64.4362 486.604 64.4362 486.26C64.4362 485.908 64.5062 485.608 64.6462 485.36C64.7902 485.108 64.9842 484.902 65.2282 484.742C65.4762 484.582 65.7622 484.46 66.0862 484.376C66.4142 484.296 66.7762 484.226 67.1722 484.166C67.5722 484.102 67.9622 484.048 68.3422 484.004C68.7262 483.956 69.0622 483.91 69.3502 483.866L69.0382 484.058C69.0502 483.418 68.9262 482.944 68.6662 482.636C68.4062 482.328 67.9542 482.174 67.3102 482.174C66.8662 482.174 66.4902 482.274 66.1822 482.474C65.8782 482.674 65.6642 482.99 65.5402 483.422L64.6822 483.17C64.8302 482.59 65.1282 482.14 65.5762 481.82C66.0242 481.5 66.6062 481.34 67.3222 481.34C67.9142 481.34 68.4162 481.452 68.8282 481.676C69.2442 481.896 69.5382 482.216 69.7102 482.636C69.7902 482.824 69.8422 483.034 69.8662 483.266C69.8902 483.498 69.9022 483.734 69.9022 483.974V488H69.1162V486.374L69.3442 486.47C69.1242 487.026 68.7822 487.45 68.3182 487.742C67.8542 488.034 67.2982 488.18 66.6502 488.18ZM66.7522 487.418C67.1642 487.418 67.5242 487.344 67.8322 487.196C68.1402 487.048 68.3882 486.846 68.5762 486.59C68.7642 486.33 68.8862 486.038 68.9422 485.714C68.9902 485.506 69.0162 485.278 69.0202 485.03C69.0242 484.778 69.0262 484.59 69.0262 484.466L69.3622 484.64C69.0622 484.68 68.7362 484.72 68.3842 484.76C68.0362 484.8 67.6922 484.846 67.3522 484.898C67.0162 484.95 66.7122 485.012 66.4402 485.084C66.2562 485.136 66.0782 485.21 65.9062 485.306C65.7342 485.398 65.5922 485.522 65.4802 485.678C65.3722 485.834 65.3182 486.028 65.3182 486.26C65.3182 486.448 65.3642 486.63 65.4562 486.806C65.5522 486.982 65.7042 487.128 65.9122 487.244C66.1242 487.36 66.4042 487.418 66.7522 487.418ZM72.6582 488V481.52H73.5402V484.334H77.1942V481.52H78.0762V488H77.1942V485.18H73.5402V488H72.6582ZM83.6421 488.18C82.9901 488.18 82.4381 488.034 81.9861 487.742C81.5341 487.45 81.1901 487.048 80.9541 486.536C80.7221 486.02 80.6021 485.428 80.5941 484.76C80.6021 484.08 80.7261 483.484 80.9661 482.972C81.2061 482.456 81.5521 482.056 82.0041 481.772C82.4561 481.484 83.0041 481.34 83.6481 481.34C84.3041 481.34 84.8741 481.5 85.3581 481.82C85.8461 482.14 86.1801 482.578 86.3601 483.134L85.4961 483.41C85.3441 483.022 85.1021 482.722 84.7701 482.51C84.4421 482.294 84.0661 482.186 83.6421 482.186C83.1661 482.186 82.7721 482.296 82.4601 482.516C82.1481 482.732 81.9161 483.034 81.7641 483.422C81.6121 483.81 81.5341 484.256 81.5301 484.76C81.5381 485.536 81.7181 486.16 82.0701 486.632C82.4221 487.1 82.9461 487.334 83.6421 487.334C84.0821 487.334 84.4561 487.234 84.7641 487.034C85.0761 486.83 85.3121 486.534 85.4721 486.146L86.3601 486.41C86.1201 486.986 85.7681 487.426 85.3041 487.73C84.8401 488.03 84.2861 488.18 83.6421 488.18ZM93.9466 481.52V488H93.0886V482.954L89.5366 488H88.7926V481.52H89.6506V486.524L93.2086 481.52H93.9466ZM99.7406 488.18C99.1446 488.18 98.6406 488.03 98.2286 487.73C97.8166 487.426 97.5046 487.016 97.2926 486.5C97.0806 485.98 96.9746 485.398 96.9746 484.754C96.9746 484.098 97.0806 483.514 97.2926 483.002C97.5086 482.486 97.8246 482.08 98.2406 481.784C98.6566 481.488 99.1686 481.34 99.7766 481.34C100.369 481.34 100.877 481.49 101.301 481.79C101.725 482.09 102.049 482.498 102.273 483.014C102.501 483.53 102.615 484.11 102.615 484.754C102.615 485.402 102.501 485.984 102.273 486.5C102.045 487.016 101.717 487.426 101.289 487.73C100.861 488.03 100.345 488.18 99.7406 488.18ZM96.8246 490.88V481.52H97.6166V486.398H97.7126V490.88H96.8246ZM99.6506 487.358C100.103 487.358 100.479 487.244 100.779 487.016C101.079 486.788 101.303 486.478 101.451 486.086C101.603 485.69 101.679 485.246 101.679 484.754C101.679 484.266 101.605 483.826 101.457 483.434C101.309 483.042 101.083 482.732 100.779 482.504C100.479 482.276 100.097 482.162 99.6326 482.162C99.1806 482.162 98.8046 482.272 98.5046 482.492C98.2086 482.712 97.9866 483.018 97.8386 483.41C97.6906 483.798 97.6166 484.246 97.6166 484.754C97.6166 485.254 97.6906 485.702 97.8386 486.098C97.9866 486.49 98.2106 486.798 98.5106 487.022C98.8106 487.246 99.1906 487.358 99.6506 487.358ZM107.838 488.18C107.194 488.18 106.644 488.034 106.188 487.742C105.732 487.45 105.382 487.046 105.138 486.53C104.894 486.014 104.772 485.422 104.772 484.754C104.772 484.074 104.896 483.478 105.144 482.966C105.392 482.454 105.744 482.056 106.2 481.772C106.66 481.484 107.206 481.34 107.838 481.34C108.486 481.34 109.038 481.486 109.494 481.778C109.954 482.066 110.304 482.468 110.544 482.984C110.788 483.496 110.91 484.086 110.91 484.754C110.91 485.434 110.788 486.032 110.544 486.548C110.3 487.06 109.948 487.46 109.488 487.748C109.028 488.036 108.478 488.18 107.838 488.18ZM107.838 487.334C108.558 487.334 109.094 487.096 109.446 486.62C109.798 486.14 109.974 485.518 109.974 484.754C109.974 483.97 109.796 483.346 109.44 482.882C109.088 482.418 108.554 482.186 107.838 482.186C107.354 482.186 106.954 482.296 106.638 482.516C106.326 482.732 106.092 483.034 105.936 483.422C105.784 483.806 105.708 484.25 105.708 484.754C105.708 485.534 105.888 486.16 106.248 486.632C106.608 487.1 107.138 487.334 107.838 487.334ZM113.428 488V481.52H116.098C116.234 481.52 116.398 481.528 116.59 481.544C116.786 481.56 116.968 481.59 117.136 481.634C117.5 481.73 117.792 481.926 118.012 482.222C118.236 482.518 118.348 482.874 118.348 483.29C118.348 483.522 118.312 483.73 118.24 483.914C118.172 484.094 118.074 484.25 117.946 484.382C117.886 484.45 117.82 484.51 117.748 484.562C117.676 484.61 117.606 484.65 117.538 484.682C117.666 484.706 117.804 484.762 117.952 484.85C118.184 484.986 118.36 485.17 118.48 485.402C118.6 485.63 118.66 485.908 118.66 486.236C118.66 486.68 118.554 487.042 118.342 487.322C118.13 487.602 117.846 487.794 117.49 487.898C117.33 487.942 117.156 487.97 116.968 487.982C116.784 487.994 116.61 488 116.446 488H113.428ZM114.316 487.25H116.404C116.488 487.25 116.594 487.244 116.722 487.232C116.85 487.216 116.964 487.196 117.064 487.172C117.3 487.112 117.472 486.992 117.58 486.812C117.692 486.628 117.748 486.428 117.748 486.212C117.748 485.928 117.664 485.696 117.496 485.516C117.332 485.332 117.112 485.22 116.836 485.18C116.744 485.16 116.648 485.148 116.548 485.144C116.448 485.14 116.358 485.138 116.278 485.138H114.316V487.25ZM114.316 484.382H116.128C116.232 484.382 116.348 484.376 116.476 484.364C116.608 484.348 116.722 484.322 116.818 484.286C117.026 484.214 117.178 484.09 117.274 483.914C117.374 483.738 117.424 483.546 117.424 483.338C117.424 483.11 117.37 482.91 117.262 482.738C117.158 482.566 117 482.446 116.788 482.378C116.644 482.326 116.488 482.296 116.32 482.288C116.156 482.28 116.052 482.276 116.008 482.276H114.316V484.382ZM122.91 488.18C122.422 488.18 122.012 488.092 121.68 487.916C121.352 487.74 121.106 487.506 120.942 487.214C120.778 486.922 120.696 486.604 120.696 486.26C120.696 485.908 120.766 485.608 120.906 485.36C121.05 485.108 121.244 484.902 121.488 484.742C121.736 484.582 122.022 484.46 122.346 484.376C122.674 484.296 123.036 484.226 123.432 484.166C123.832 484.102 124.222 484.048 124.602 484.004C124.986 483.956 125.322 483.91 125.61 483.866L125.298 484.058C125.31 483.418 125.186 482.944 124.926 482.636C124.666 482.328 124.214 482.174 123.57 482.174C123.126 482.174 122.75 482.274 122.442 482.474C122.138 482.674 121.924 482.99 121.8 483.422L120.942 483.17C121.09 482.59 121.388 482.14 121.836 481.82C122.284 481.5 122.866 481.34 123.582 481.34C124.174 481.34 124.676 481.452 125.088 481.676C125.504 481.896 125.798 482.216 125.97 482.636C126.05 482.824 126.102 483.034 126.126 483.266C126.15 483.498 126.162 483.734 126.162 483.974V488H125.376V486.374L125.604 486.47C125.384 487.026 125.042 487.45 124.578 487.742C124.114 488.034 123.558 488.18 122.91 488.18ZM123.012 487.418C123.424 487.418 123.784 487.344 124.092 487.196C124.4 487.048 124.648 486.846 124.836 486.59C125.024 486.33 125.146 486.038 125.202 485.714C125.25 485.506 125.276 485.278 125.28 485.03C125.284 484.778 125.286 484.59 125.286 484.466L125.622 484.64C125.322 484.68 124.996 484.72 124.644 484.76C124.296 484.8 123.952 484.846 123.612 484.898C123.276 484.95 122.972 485.012 122.7 485.084C122.516 485.136 122.338 485.21 122.166 485.306C121.994 485.398 121.852 485.522 121.74 485.678C121.632 485.834 121.578 486.028 121.578 486.26C121.578 486.448 121.624 486.63 121.716 486.806C121.812 486.982 121.964 487.128 122.172 487.244C122.384 487.36 122.664 487.418 123.012 487.418ZM128.918 488V481.52H129.8V484.334H133.454V481.52H134.336V488H133.454V485.18H129.8V488H128.918ZM137.207 488V481.52H138.089V484.334H141.743V481.52H142.625V488H141.743V485.18H138.089V488H137.207ZM147.357 488.18C146.869 488.18 146.459 488.092 146.127 487.916C145.799 487.74 145.553 487.506 145.389 487.214C145.225 486.922 145.143 486.604 145.143 486.26C145.143 485.908 145.213 485.608 145.353 485.36C145.497 485.108 145.691 484.902 145.935 484.742C146.183 484.582 146.469 484.46 146.793 484.376C147.121 484.296 147.483 484.226 147.879 484.166C148.279 484.102 148.669 484.048 149.049 484.004C149.433 483.956 149.769 483.91 150.057 483.866L149.745 484.058C149.757 483.418 149.633 482.944 149.373 482.636C149.113 482.328 148.661 482.174 148.017 482.174C147.573 482.174 147.197 482.274 146.889 482.474C146.585 482.674 146.371 482.99 146.247 483.422L145.389 483.17C145.537 482.59 145.835 482.14 146.283 481.82C146.731 481.5 147.313 481.34 148.029 481.34C148.621 481.34 149.123 481.452 149.535 481.676C149.951 481.896 150.245 482.216 150.417 482.636C150.497 482.824 150.549 483.034 150.573 483.266C150.597 483.498 150.609 483.734 150.609 483.974V488H149.823V486.374L150.051 486.47C149.831 487.026 149.489 487.45 149.025 487.742C148.561 488.034 148.005 488.18 147.357 488.18ZM147.459 487.418C147.871 487.418 148.231 487.344 148.539 487.196C148.847 487.048 149.095 486.846 149.283 486.59C149.471 486.33 149.593 486.038 149.649 485.714C149.697 485.506 149.723 485.278 149.727 485.03C149.731 484.778 149.733 484.59 149.733 484.466L150.069 484.64C149.769 484.68 149.443 484.72 149.091 484.76C148.743 484.8 148.399 484.846 148.059 484.898C147.723 484.95 147.419 485.012 147.147 485.084C146.963 485.136 146.785 485.21 146.613 485.306C146.441 485.398 146.299 485.522 146.187 485.678C146.079 485.834 146.025 486.028 146.025 486.26C146.025 486.448 146.071 486.63 146.163 486.806C146.259 486.982 146.411 487.128 146.619 487.244C146.831 487.36 147.111 487.418 147.459 487.418ZM157.433 488V485.558H155.921C155.745 485.558 155.563 485.552 155.375 485.54C155.191 485.524 155.019 485.502 154.859 485.474C154.403 485.386 154.015 485.186 153.695 484.874C153.379 484.558 153.221 484.122 153.221 483.566C153.221 483.022 153.369 482.586 153.665 482.258C153.961 481.926 154.319 481.71 154.739 481.61C154.931 481.566 155.125 481.54 155.321 481.532C155.521 481.524 155.693 481.52 155.837 481.52H158.315L158.321 488H157.433ZM153.011 488L154.817 485.282H155.795L153.977 488H153.011ZM155.873 484.802H157.433V482.276H155.873C155.777 482.276 155.643 482.28 155.471 482.288C155.299 482.296 155.137 482.322 154.985 482.366C154.853 482.406 154.721 482.476 154.589 482.576C154.461 482.672 154.353 482.802 154.265 482.966C154.177 483.126 154.133 483.322 154.133 483.554C154.133 483.878 154.221 484.138 154.397 484.334C154.577 484.526 154.801 484.658 155.069 484.73C155.213 484.762 155.357 484.782 155.501 484.79C155.645 484.798 155.769 484.802 155.873 484.802Z" fill="#B4B4B4"/>
<path d="M166.99 479.36H167.896L165.592 488H164.686L166.99 479.36ZM174.261 488V479.36H179.595V480.206H175.143V482.72H177.597C177.681 482.72 177.775 482.724 177.879 482.732C177.987 482.736 178.095 482.746 178.203 482.762C178.647 482.822 179.025 482.974 179.337 483.218C179.653 483.462 179.893 483.77 180.057 484.142C180.225 484.514 180.309 484.92 180.309 485.36C180.309 485.8 180.225 486.206 180.057 486.578C179.893 486.95 179.653 487.258 179.337 487.502C179.025 487.746 178.647 487.898 178.203 487.958C178.095 487.97 177.987 487.98 177.879 487.988C177.775 487.996 177.681 488 177.597 488H174.261ZM175.143 487.154H177.573C177.645 487.154 177.729 487.15 177.825 487.142C177.921 487.134 178.015 487.122 178.107 487.106C178.551 487.018 178.877 486.806 179.085 486.47C179.297 486.13 179.403 485.76 179.403 485.36C179.403 484.956 179.297 484.586 179.085 484.25C178.877 483.914 178.551 483.702 178.107 483.614C178.015 483.594 177.921 483.582 177.825 483.578C177.729 483.57 177.645 483.566 177.573 483.566H175.143V487.154ZM182.709 488L182.697 481.52H183.585V483.962H184.713C184.901 483.962 185.085 483.966 185.265 483.974C185.445 483.982 185.607 483.998 185.751 484.022C186.071 484.086 186.355 484.194 186.603 484.346C186.851 484.498 187.047 484.708 187.191 484.976C187.335 485.24 187.407 485.574 187.407 485.978C187.407 486.534 187.263 486.972 186.975 487.292C186.687 487.612 186.325 487.82 185.889 487.916C185.725 487.952 185.547 487.976 185.355 487.988C185.163 487.996 184.975 488 184.791 488H182.709ZM183.585 487.244H184.755C184.887 487.244 185.037 487.24 185.205 487.232C185.373 487.224 185.521 487.202 185.649 487.166C185.865 487.106 186.059 486.986 186.231 486.806C186.407 486.622 186.495 486.346 186.495 485.978C186.495 485.614 186.411 485.34 186.243 485.156C186.075 484.968 185.851 484.844 185.571 484.784C185.443 484.756 185.307 484.738 185.163 484.73C185.023 484.722 184.887 484.718 184.755 484.718H183.585V487.244ZM188.181 488V481.52H189.063V488H188.181ZM194.63 488.18C193.978 488.18 193.426 488.034 192.974 487.742C192.522 487.45 192.178 487.048 191.942 486.536C191.71 486.02 191.59 485.428 191.582 484.76C191.59 484.08 191.714 483.484 191.954 482.972C192.194 482.456 192.54 482.056 192.992 481.772C193.444 481.484 193.992 481.34 194.636 481.34C195.292 481.34 195.862 481.5 196.346 481.82C196.834 482.14 197.168 482.578 197.348 483.134L196.484 483.41C196.332 483.022 196.09 482.722 195.758 482.51C195.43 482.294 195.054 482.186 194.63 482.186C194.154 482.186 193.76 482.296 193.448 482.516C193.136 482.732 192.904 483.034 192.752 483.422C192.6 483.81 192.522 484.256 192.518 484.76C192.526 485.536 192.706 486.16 193.058 486.632C193.41 487.1 193.934 487.334 194.63 487.334C195.07 487.334 195.444 487.234 195.752 487.034C196.064 486.83 196.3 486.534 196.46 486.146L197.348 486.41C197.108 486.986 196.756 487.426 196.292 487.73C195.828 488.03 195.274 488.18 194.63 488.18ZM201.381 488V482.336H199.083V481.52H204.561V482.336H202.263V488H201.381ZM209.815 488.18C209.219 488.18 208.715 488.03 208.303 487.73C207.891 487.426 207.579 487.016 207.367 486.5C207.155 485.98 207.049 485.398 207.049 484.754C207.049 484.098 207.155 483.514 207.367 483.002C207.583 482.486 207.899 482.08 208.315 481.784C208.731 481.488 209.243 481.34 209.851 481.34C210.443 481.34 210.951 481.49 211.375 481.79C211.799 482.09 212.123 482.498 212.347 483.014C212.575 483.53 212.689 484.11 212.689 484.754C212.689 485.402 212.575 485.984 212.347 486.5C212.119 487.016 211.791 487.426 211.363 487.73C210.935 488.03 210.419 488.18 209.815 488.18ZM206.899 490.88V481.52H207.691V486.398H207.787V490.88H206.899ZM209.725 487.358C210.177 487.358 210.553 487.244 210.853 487.016C211.153 486.788 211.377 486.478 211.525 486.086C211.677 485.69 211.753 485.246 211.753 484.754C211.753 484.266 211.679 483.826 211.531 483.434C211.383 483.042 211.157 482.732 210.853 482.504C210.553 482.276 210.171 482.162 209.707 482.162C209.255 482.162 208.879 482.272 208.579 482.492C208.283 482.712 208.061 483.018 207.913 483.41C207.765 483.798 207.691 484.246 207.691 484.754C207.691 485.254 207.765 485.702 207.913 486.098C208.061 486.49 208.285 486.798 208.585 487.022C208.885 487.246 209.265 487.358 209.725 487.358ZM217.948 488.18C217.316 488.18 216.768 488.04 216.304 487.76C215.844 487.48 215.486 487.086 215.23 486.578C214.974 486.07 214.846 485.474 214.846 484.79C214.846 484.082 214.972 483.47 215.224 482.954C215.476 482.438 215.83 482.04 216.286 481.76C216.746 481.48 217.288 481.34 217.912 481.34C218.552 481.34 219.098 481.488 219.55 481.784C220.002 482.076 220.344 482.496 220.576 483.044C220.808 483.592 220.914 484.246 220.894 485.006H219.994V484.694C219.978 483.854 219.796 483.22 219.448 482.792C219.104 482.364 218.6 482.15 217.936 482.15C217.24 482.15 216.706 482.376 216.334 482.828C215.966 483.28 215.782 483.924 215.782 484.76C215.782 485.576 215.966 486.21 216.334 486.662C216.706 487.11 217.232 487.334 217.912 487.334C218.376 487.334 218.78 487.228 219.124 487.016C219.472 486.8 219.746 486.49 219.946 486.086L220.768 486.404C220.512 486.968 220.134 487.406 219.634 487.718C219.138 488.026 218.576 488.18 217.948 488.18ZM215.47 485.006V484.268H220.42V485.006H215.47ZM226.168 488.18C225.536 488.18 224.988 488.04 224.524 487.76C224.064 487.48 223.706 487.086 223.45 486.578C223.194 486.07 223.066 485.474 223.066 484.79C223.066 484.082 223.192 483.47 223.444 482.954C223.696 482.438 224.05 482.04 224.506 481.76C224.966 481.48 225.508 481.34 226.132 481.34C226.772 481.34 227.318 481.488 227.77 481.784C228.222 482.076 228.564 482.496 228.796 483.044C229.028 483.592 229.134 484.246 229.114 485.006H228.214V484.694C228.198 483.854 228.016 483.22 227.668 482.792C227.324 482.364 226.82 482.15 226.156 482.15C225.46 482.15 224.926 482.376 224.554 482.828C224.186 483.28 224.002 483.924 224.002 484.76C224.002 485.576 224.186 486.21 224.554 486.662C224.926 487.11 225.452 487.334 226.132 487.334C226.596 487.334 227 487.228 227.344 487.016C227.692 486.8 227.966 486.49 228.166 486.086L228.988 486.404C228.732 486.968 228.354 487.406 227.854 487.718C227.358 488.026 226.796 488.18 226.168 488.18ZM223.69 485.006V484.268H228.64V485.006H223.69ZM237.936 488.18C237.284 488.18 236.732 488.034 236.28 487.742C235.828 487.45 235.484 487.048 235.248 486.536C235.016 486.02 234.896 485.428 234.888 484.76C234.896 484.08 235.02 483.484 235.26 482.972C235.5 482.456 235.846 482.056 236.298 481.772C236.75 481.484 237.298 481.34 237.942 481.34C238.598 481.34 239.168 481.5 239.652 481.82C240.14 482.14 240.474 482.578 240.654 483.134L239.79 483.41C239.638 483.022 239.396 482.722 239.064 482.51C238.736 482.294 238.36 482.186 237.936 482.186C237.46 482.186 237.066 482.296 236.754 482.516C236.442 482.732 236.21 483.034 236.058 483.422C235.906 483.81 235.828 484.256 235.824 484.76C235.832 485.536 236.012 486.16 236.364 486.632C236.716 487.1 237.24 487.334 237.936 487.334C238.376 487.334 238.75 487.234 239.058 487.034C239.37 486.83 239.606 486.534 239.766 486.146L240.654 486.41C240.414 486.986 240.062 487.426 239.598 487.73C239.134 488.03 238.58 488.18 237.936 488.18ZM244.686 488V482.336H242.388V481.52H247.866V482.336H245.568V488H244.686ZM251.83 488.18C251.342 488.18 250.932 488.092 250.6 487.916C250.272 487.74 250.026 487.506 249.862 487.214C249.698 486.922 249.616 486.604 249.616 486.26C249.616 485.908 249.686 485.608 249.826 485.36C249.97 485.108 250.164 484.902 250.408 484.742C250.656 484.582 250.942 484.46 251.266 484.376C251.594 484.296 251.956 484.226 252.352 484.166C252.752 484.102 253.142 484.048 253.522 484.004C253.906 483.956 254.242 483.91 254.53 483.866L254.218 484.058C254.23 483.418 254.106 482.944 253.846 482.636C253.586 482.328 253.134 482.174 252.49 482.174C252.046 482.174 251.67 482.274 251.362 482.474C251.058 482.674 250.844 482.99 250.72 483.422L249.862 483.17C250.01 482.59 250.308 482.14 250.756 481.82C251.204 481.5 251.786 481.34 252.502 481.34C253.094 481.34 253.596 481.452 254.008 481.676C254.424 481.896 254.718 482.216 254.89 482.636C254.97 482.824 255.022 483.034 255.046 483.266C255.07 483.498 255.082 483.734 255.082 483.974V488H254.296V486.374L254.524 486.47C254.304 487.026 253.962 487.45 253.498 487.742C253.034 488.034 252.478 488.18 251.83 488.18ZM251.932 487.418C252.344 487.418 252.704 487.344 253.012 487.196C253.32 487.048 253.568 486.846 253.756 486.59C253.944 486.33 254.066 486.038 254.122 485.714C254.17 485.506 254.196 485.278 254.2 485.03C254.204 484.778 254.206 484.59 254.206 484.466L254.542 484.64C254.242 484.68 253.916 484.72 253.564 484.76C253.216 484.8 252.872 484.846 252.532 484.898C252.196 484.95 251.892 485.012 251.62 485.084C251.436 485.136 251.258 485.21 251.086 485.306C250.914 485.398 250.772 485.522 250.66 485.678C250.552 485.834 250.498 486.028 250.498 486.26C250.498 486.448 250.544 486.63 250.636 486.806C250.732 486.982 250.884 487.128 251.092 487.244C251.304 487.36 251.584 487.418 251.932 487.418ZM257.838 488V481.52H258.72V484.334H262.374V481.52H263.256V488H262.374V485.18H258.72V488H257.838ZM265.654 489.44V487.244C266.022 487.244 266.286 487.126 266.446 486.89C266.606 486.65 266.736 486.268 266.836 485.744C266.904 485.404 266.96 485.038 267.004 484.646C267.048 484.254 267.086 483.806 267.118 483.302C267.15 482.794 267.18 482.2 267.208 481.52H271.492V487.244H272.116V489.44H271.264V488H266.5V489.44H265.654ZM267.148 487.244H270.616V482.276H268.024C268.012 482.58 267.994 482.902 267.97 483.242C267.95 483.582 267.924 483.922 267.892 484.262C267.864 484.602 267.83 484.922 267.79 485.222C267.754 485.518 267.71 485.778 267.658 486.002C267.598 486.29 267.532 486.536 267.46 486.74C267.392 486.944 267.288 487.112 267.148 487.244ZM276.371 488.18C275.883 488.18 275.473 488.092 275.141 487.916C274.813 487.74 274.567 487.506 274.403 487.214C274.239 486.922 274.157 486.604 274.157 486.26C274.157 485.908 274.227 485.608 274.367 485.36C274.511 485.108 274.705 484.902 274.949 484.742C275.197 484.582 275.483 484.46 275.807 484.376C276.135 484.296 276.497 484.226 276.893 484.166C277.293 484.102 277.683 484.048 278.063 484.004C278.447 483.956 278.783 483.91 279.071 483.866L278.759 484.058C278.771 483.418 278.647 482.944 278.387 482.636C278.127 482.328 277.675 482.174 277.031 482.174C276.587 482.174 276.211 482.274 275.903 482.474C275.599 482.674 275.385 482.99 275.261 483.422L274.403 483.17C274.551 482.59 274.849 482.14 275.297 481.82C275.745 481.5 276.327 481.34 277.043 481.34C277.635 481.34 278.137 481.452 278.549 481.676C278.965 481.896 279.259 482.216 279.431 482.636C279.511 482.824 279.563 483.034 279.587 483.266C279.611 483.498 279.623 483.734 279.623 483.974V488H278.837V486.374L279.065 486.47C278.845 487.026 278.503 487.45 278.039 487.742C277.575 488.034 277.019 488.18 276.371 488.18ZM276.473 487.418C276.885 487.418 277.245 487.344 277.553 487.196C277.861 487.048 278.109 486.846 278.297 486.59C278.485 486.33 278.607 486.038 278.663 485.714C278.711 485.506 278.737 485.278 278.741 485.03C278.745 484.778 278.747 484.59 278.747 484.466L279.083 484.64C278.783 484.68 278.457 484.72 278.105 484.76C277.757 484.8 277.413 484.846 277.073 484.898C276.737 484.95 276.433 485.012 276.161 485.084C275.977 485.136 275.799 485.21 275.627 485.306C275.455 485.398 275.313 485.522 275.201 485.678C275.093 485.834 275.039 486.028 275.039 486.26C275.039 486.448 275.085 486.63 275.177 486.806C275.273 486.982 275.425 487.128 275.633 487.244C275.845 487.36 276.125 487.418 276.473 487.418ZM285.295 488.18C284.699 488.18 284.195 488.03 283.783 487.73C283.371 487.426 283.059 487.016 282.847 486.5C282.635 485.98 282.529 485.398 282.529 484.754C282.529 484.098 282.635 483.514 282.847 483.002C283.063 482.486 283.379 482.08 283.795 481.784C284.211 481.488 284.723 481.34 285.331 481.34C285.923 481.34 286.431 481.49 286.855 481.79C287.279 482.09 287.603 482.498 287.827 483.014C288.055 483.53 288.169 484.11 288.169 484.754C288.169 485.402 288.055 485.984 287.827 486.5C287.599 487.016 287.271 487.426 286.843 487.73C286.415 488.03 285.899 488.18 285.295 488.18ZM282.379 490.88V481.52H283.171V486.398H283.267V490.88H282.379ZM285.205 487.358C285.657 487.358 286.033 487.244 286.333 487.016C286.633 486.788 286.857 486.478 287.005 486.086C287.157 485.69 287.233 485.246 287.233 484.754C287.233 484.266 287.159 483.826 287.011 483.434C286.863 483.042 286.637 482.732 286.333 482.504C286.033 482.276 285.651 482.162 285.187 482.162C284.735 482.162 284.359 482.272 284.059 482.492C283.763 482.712 283.541 483.018 283.393 483.41C283.245 483.798 283.171 484.246 283.171 484.754C283.171 485.254 283.245 485.702 283.393 486.098C283.541 486.49 283.765 486.798 284.065 487.022C284.365 487.246 284.745 487.358 285.205 487.358ZM292.445 488V482.336H290.147V481.52H295.625V482.336H293.327V488H292.445ZM297.963 488V481.52H298.845V484.334H302.499V481.52H303.381V488H302.499V485.18H298.845V488H297.963ZM308.965 488.18C308.321 488.18 307.771 488.034 307.315 487.742C306.859 487.45 306.509 487.046 306.265 486.53C306.021 486.014 305.899 485.422 305.899 484.754C305.899 484.074 306.023 483.478 306.271 482.966C306.519 482.454 306.871 482.056 307.327 481.772C307.787 481.484 308.333 481.34 308.965 481.34C309.613 481.34 310.165 481.486 310.621 481.778C311.081 482.066 311.431 482.468 311.671 482.984C311.915 483.496 312.037 484.086 312.037 484.754C312.037 485.434 311.915 486.032 311.671 486.548C311.427 487.06 311.075 487.46 310.615 487.748C310.155 488.036 309.605 488.18 308.965 488.18ZM308.965 487.334C309.685 487.334 310.221 487.096 310.573 486.62C310.925 486.14 311.101 485.518 311.101 484.754C311.101 483.97 310.923 483.346 310.567 482.882C310.215 482.418 309.681 482.186 308.965 482.186C308.481 482.186 308.081 482.296 307.765 482.516C307.453 482.732 307.219 483.034 307.063 483.422C306.911 483.806 306.835 484.25 306.835 484.754C306.835 485.534 307.015 486.16 307.375 486.632C307.735 487.1 308.265 487.334 308.965 487.334ZM317.248 480.752C316.964 480.752 316.704 480.682 316.468 480.542C316.232 480.402 316.044 480.216 315.904 479.984C315.768 479.748 315.7 479.488 315.7 479.204H316.432C316.432 479.428 316.512 479.62 316.672 479.78C316.832 479.94 317.024 480.02 317.248 480.02C317.476 480.02 317.668 479.94 317.824 479.78C317.984 479.62 318.064 479.428 318.064 479.204H318.796C318.796 479.488 318.726 479.748 318.586 479.984C318.45 480.216 318.264 480.402 318.028 480.542C317.792 480.682 317.532 480.752 317.248 480.752ZM319.708 481.52V488H318.85V482.954L315.298 488H314.554V481.52H315.412V486.524L318.97 481.52H319.708Z" fill="#707070"/>
<path d="M366 480.5L371 485.5L376 480.5" stroke="#707070" stroke-linecap="round" stroke-linejoin="round"/>
<line x1="20.5" y1="520.5" x2="385.5" y2="520.5" stroke="#212121" stroke-linecap="round" stroke-dasharray="6 6"/>
<path d="M21.1465 549.372C21.8279 549.372 22.3365 549.223 22.6725 548.924C23.0179 548.616 23.1905 548.224 23.1905 547.748V547.65C23.1905 547.127 23.0225 546.735 22.6865 546.474C22.3599 546.213 21.9305 546.082 21.3985 546.082C20.8759 546.082 20.4512 546.199 20.1245 546.432C19.8072 546.656 19.5459 546.955 19.3405 547.328L18.4585 546.656C18.5799 546.46 18.7292 546.269 18.9065 546.082C19.0839 545.886 19.2892 545.713 19.5225 545.564C19.7652 545.415 20.0405 545.293 20.3485 545.2C20.6659 545.107 21.0252 545.06 21.4265 545.06C21.8465 545.06 22.2385 545.116 22.6025 545.228C22.9665 545.331 23.2839 545.489 23.5545 545.704C23.8252 545.909 24.0352 546.166 24.1845 546.474C24.3432 546.782 24.4225 547.132 24.4225 547.524C24.4225 547.841 24.3712 548.126 24.2685 548.378C24.1752 548.63 24.0399 548.849 23.8625 549.036C23.6945 549.223 23.4939 549.381 23.2605 549.512C23.0272 549.643 22.7799 549.741 22.5185 549.806V549.862C22.7892 549.918 23.0505 550.011 23.3025 550.142C23.5545 550.263 23.7785 550.427 23.9745 550.632C24.1705 550.828 24.3245 551.071 24.4365 551.36C24.5579 551.64 24.6185 551.962 24.6185 552.326C24.6185 552.746 24.5345 553.133 24.3665 553.488C24.2079 553.833 23.9792 554.132 23.6805 554.384C23.3912 554.627 23.0365 554.818 22.6165 554.958C22.2059 555.098 21.7485 555.168 21.2445 555.168C20.8152 555.168 20.4325 555.121 20.0965 555.028C19.7699 554.935 19.4759 554.809 19.2145 554.65C18.9625 554.491 18.7385 554.314 18.5425 554.118C18.3559 553.922 18.1879 553.717 18.0385 553.502L18.9205 552.83C19.0512 553.026 19.1865 553.203 19.3265 553.362C19.4665 553.521 19.6252 553.661 19.8025 553.782C19.9892 553.894 20.1992 553.983 20.4325 554.048C20.6659 554.113 20.9365 554.146 21.2445 554.146C21.9352 554.146 22.4625 553.987 22.8265 553.67C23.1999 553.353 23.3865 552.9 23.3865 552.312V552.2C23.3865 551.621 23.2045 551.173 22.8405 550.856C22.4859 550.539 21.9492 550.38 21.2305 550.38H20.0685V549.372H21.1465ZM29.9611 555.126C29.5784 555.126 29.3077 555.047 29.1491 554.888C28.9997 554.729 28.9251 554.529 28.9251 554.286V554.034C28.9251 553.791 28.9997 553.591 29.1491 553.432C29.3077 553.273 29.5784 553.194 29.9611 553.194C30.3437 553.194 30.6097 553.273 30.7591 553.432C30.9177 553.591 30.9971 553.791 30.9971 554.034V554.286C30.9971 554.529 30.9177 554.729 30.7591 554.888C30.6097 555.047 30.3437 555.126 29.9611 555.126ZM42.988 546.25V555H41.812V546.25H38.55V545.228H46.25V546.25H42.988ZM49.1145 545.228H50.2905V550.156L50.0945 552.984H50.1645L54.1545 545.228H55.2745V555H54.0985V550.072L54.2945 547.244H54.2245L50.2345 555H49.1145V545.228ZM58.9511 545.228H65.0271V555H63.8511V546.25H60.1271V555H58.9511V545.228ZM78.5401 545.228H84.6161V555H83.4401V546.25H79.7161V555H78.5401V545.228ZM91.3727 555.168C90.7753 555.168 90.262 555.056 89.8327 554.832C89.4033 554.599 89.0487 554.267 88.7687 553.838C88.4887 553.409 88.2833 552.881 88.1527 552.256C88.022 551.631 87.9567 550.917 87.9567 550.114C87.9567 549.321 88.022 548.611 88.1527 547.986C88.2833 547.351 88.4887 546.819 88.7687 546.39C89.0487 545.961 89.4033 545.634 89.8327 545.41C90.262 545.177 90.7753 545.06 91.3727 545.06C91.97 545.06 92.4833 545.177 92.9127 545.41C93.342 545.634 93.6967 545.961 93.9767 546.39C94.2567 546.819 94.462 547.351 94.5927 547.986C94.7233 548.611 94.7887 549.321 94.7887 550.114C94.7887 550.917 94.7233 551.631 94.5927 552.256C94.462 552.881 94.2567 553.409 93.9767 553.838C93.6967 554.267 93.342 554.599 92.9127 554.832C92.4833 555.056 91.97 555.168 91.3727 555.168ZM91.3727 554.146C91.7647 554.146 92.096 554.071 92.3667 553.922C92.6373 553.763 92.8613 553.544 93.0387 553.264C93.216 552.984 93.342 552.648 93.4167 552.256C93.5007 551.855 93.5427 551.407 93.5427 550.912V549.316C93.5427 548.831 93.5007 548.387 93.4167 547.986C93.342 547.585 93.216 547.244 93.0387 546.964C92.8613 546.684 92.6373 546.469 92.3667 546.32C92.096 546.161 91.7647 546.082 91.3727 546.082C90.9807 546.082 90.6493 546.161 90.3787 546.32C90.108 546.469 89.884 546.684 89.7067 546.964C89.5293 547.244 89.3987 547.585 89.3147 547.986C89.24 548.387 89.2027 548.831 89.2027 549.316V550.912C89.2027 551.407 89.24 551.855 89.3147 552.256C89.3987 552.648 89.5293 552.984 89.7067 553.264C89.884 553.544 90.108 553.763 90.3787 553.922C90.6493 554.071 90.9807 554.146 91.3727 554.146ZM98.0872 545.228H99.2632V550.156L99.0672 552.984H99.1372L103.127 545.228H104.247V555H103.071V550.072L103.267 547.244H103.197L99.2072 555H98.0872V545.228ZM111.284 555.168C110.089 555.168 109.198 554.734 108.61 553.866C108.031 552.998 107.742 551.747 107.742 550.114C107.742 548.481 108.031 547.23 108.61 546.362C109.198 545.494 110.089 545.06 111.284 545.06C111.732 545.06 112.119 545.121 112.446 545.242C112.772 545.363 113.052 545.527 113.286 545.732C113.519 545.937 113.715 546.171 113.874 546.432C114.032 546.684 114.172 546.941 114.294 547.202L113.286 547.664C113.202 547.449 113.104 547.249 112.992 547.062C112.88 546.866 112.744 546.698 112.586 546.558C112.436 546.409 112.254 546.292 112.04 546.208C111.834 546.124 111.582 546.082 111.284 546.082C110.509 546.082 109.93 546.376 109.548 546.964C109.174 547.552 108.988 548.336 108.988 549.316V550.912C108.988 551.892 109.174 552.676 109.548 553.264C109.93 553.852 110.509 554.146 111.284 554.146C111.582 554.146 111.834 554.104 112.04 554.02C112.254 553.936 112.436 553.824 112.586 553.684C112.744 553.535 112.88 553.367 112.992 553.18C113.104 552.984 113.202 552.779 113.286 552.564L114.294 553.026C114.172 553.297 114.032 553.558 113.874 553.81C113.715 554.062 113.519 554.291 113.286 554.496C113.052 554.701 112.772 554.865 112.446 554.986C112.119 555.107 111.732 555.168 111.284 555.168ZM117.676 545.228H118.852V549.54H120.574L122.646 545.228H123.892L122.03 549.092C121.872 549.419 121.722 549.647 121.582 549.778C121.442 549.899 121.288 549.974 121.12 550.002V550.072C121.326 550.119 121.498 550.217 121.638 550.366C121.778 550.506 121.932 550.767 122.1 551.15L123.36 553.978H124.27V555H123.388C123.108 555 122.861 554.921 122.646 554.762C122.432 554.594 122.245 554.328 122.086 553.964L120.574 550.548H118.852V555H117.676V545.228ZM133.085 555L132.259 552.214H128.829L128.003 555H126.785L129.781 545.228H131.335L134.331 555H133.085ZM130.607 546.474H130.481L129.109 551.192H131.979L130.607 546.474Z" fill="#707070"/>
<rect x="20" y="581" width="12" height="12" rx="6" fill="#707070" fill-opacity="0.3"/>
<path d="M40.84 592V583.36H41.722V587.254H46.498V583.36H47.374V592H46.498V588.1H41.722V592H40.84ZM52.1088 592.18C51.6208 592.18 51.2108 592.092 50.8788 591.916C50.5508 591.74 50.3048 591.506 50.1408 591.214C49.9768 590.922 49.8948 590.604 49.8948 590.26C49.8948 589.908 49.9648 589.608 50.1048 589.36C50.2488 589.108 50.4428 588.902 50.6868 588.742C50.9348 588.582 51.2208 588.46 51.5448 588.376C51.8728 588.296 52.2348 588.226 52.6308 588.166C53.0308 588.102 53.4208 588.048 53.8008 588.004C54.1848 587.956 54.5208 587.91 54.8088 587.866L54.4968 588.058C54.5088 587.418 54.3848 586.944 54.1248 586.636C53.8648 586.328 53.4128 586.174 52.7688 586.174C52.3248 586.174 51.9488 586.274 51.6408 586.474C51.3368 586.674 51.1228 586.99 50.9988 587.422L50.1408 587.17C50.2888 586.59 50.5868 586.14 51.0348 585.82C51.4828 585.5 52.0648 585.34 52.7808 585.34C53.3728 585.34 53.8748 585.452 54.2868 585.676C54.7028 585.896 54.9968 586.216 55.1688 586.636C55.2488 586.824 55.3008 587.034 55.3248 587.266C55.3488 587.498 55.3608 587.734 55.3608 587.974V592H54.5748V590.374L54.8028 590.47C54.5828 591.026 54.2408 591.45 53.7768 591.742C53.3128 592.034 52.7568 592.18 52.1088 592.18ZM52.2108 591.418C52.6228 591.418 52.9828 591.344 53.2908 591.196C53.5988 591.048 53.8468 590.846 54.0348 590.59C54.2228 590.33 54.3448 590.038 54.4008 589.714C54.4488 589.506 54.4748 589.278 54.4788 589.03C54.4828 588.778 54.4848 588.59 54.4848 588.466L54.8208 588.64C54.5208 588.68 54.1948 588.72 53.8428 588.76C53.4948 588.8 53.1508 588.846 52.8108 588.898C52.4748 588.95 52.1708 589.012 51.8988 589.084C51.7148 589.136 51.5368 589.21 51.3648 589.306C51.1928 589.398 51.0508 589.522 50.9388 589.678C50.8308 589.834 50.7768 590.028 50.7768 590.26C50.7768 590.448 50.8228 590.63 50.9148 590.806C51.0108 590.982 51.1628 591.128 51.3708 591.244C51.5828 591.36 51.8628 591.418 52.2108 591.418ZM60.8108 584.752C60.5268 584.752 60.2668 584.682 60.0308 584.542C59.7948 584.402 59.6068 584.216 59.4668 583.984C59.3308 583.748 59.2628 583.488 59.2628 583.204H59.9948C59.9948 583.428 60.0748 583.62 60.2348 583.78C60.3948 583.94 60.5868 584.02 60.8108 584.02C61.0388 584.02 61.2308 583.94 61.3868 583.78C61.5468 583.62 61.6268 583.428 61.6268 583.204H62.3588C62.3588 583.488 62.2888 583.748 62.1488 583.984C62.0128 584.216 61.8268 584.402 61.5908 584.542C61.3548 584.682 61.0948 584.752 60.8108 584.752ZM63.2708 585.52V592H62.4128V586.954L58.8608 592H58.1168V585.52H58.9748V590.524L62.5328 585.52H63.2708ZM67.9128 592V586.336H65.6148V585.52H71.0928V586.336H68.7948V592H67.9128ZM78.5849 585.52V592H77.7269V586.954L74.1749 592H73.4309V585.52H74.2889V590.524L77.8469 585.52H78.5849ZM86.8293 592V586.336H84.5313V585.52H90.0093V586.336H87.7113V592H86.8293ZM94.9421 592.18C94.2981 592.18 93.7481 592.034 93.2921 591.742C92.8361 591.45 92.4861 591.046 92.2421 590.53C91.9981 590.014 91.8761 589.422 91.8761 588.754C91.8761 588.074 92.0001 587.478 92.2481 586.966C92.4961 586.454 92.8481 586.056 93.3041 585.772C93.7641 585.484 94.3101 585.34 94.9421 585.34C95.5901 585.34 96.1421 585.486 96.5981 585.778C97.0581 586.066 97.4081 586.468 97.6481 586.984C97.8921 587.496 98.0141 588.086 98.0141 588.754C98.0141 589.434 97.8921 590.032 97.6481 590.548C97.4041 591.06 97.0521 591.46 96.5921 591.748C96.1321 592.036 95.5821 592.18 94.9421 592.18ZM94.9421 591.334C95.6621 591.334 96.1981 591.096 96.5501 590.62C96.9021 590.14 97.0781 589.518 97.0781 588.754C97.0781 587.97 96.9001 587.346 96.5441 586.882C96.1921 586.418 95.6581 586.186 94.9421 586.186C94.4581 586.186 94.0581 586.296 93.7421 586.516C93.4301 586.732 93.1961 587.034 93.0401 587.422C92.8881 587.806 92.8121 588.25 92.8121 588.754C92.8121 589.534 92.9921 590.16 93.3521 590.632C93.7121 591.1 94.2421 591.334 94.9421 591.334ZM99.9377 592V591.226C100.178 591.27 100.36 591.26 100.484 591.196C100.612 591.128 100.706 591.016 100.766 590.86C100.826 590.7 100.876 590.502 100.916 590.266C100.98 589.874 101.038 589.442 101.09 588.97C101.142 588.498 101.188 587.978 101.228 587.41C101.272 586.838 101.316 586.208 101.36 585.52H105.764V592H104.888V586.366H102.176C102.148 586.79 102.116 587.212 102.08 587.632C102.044 588.052 102.006 588.456 101.966 588.844C101.93 589.228 101.89 589.582 101.846 589.906C101.802 590.23 101.756 590.51 101.708 590.746C101.636 591.102 101.54 591.386 101.42 591.598C101.304 591.81 101.13 591.95 100.898 592.018C100.666 592.086 100.346 592.08 99.9377 592ZM108.646 592L108.634 585.52H109.522V587.962H111.04C111.228 587.962 111.412 587.966 111.592 587.974C111.776 587.982 111.938 587.998 112.078 588.022C112.398 588.082 112.682 588.188 112.93 588.34C113.182 588.492 113.378 588.702 113.518 588.97C113.662 589.238 113.734 589.574 113.734 589.978C113.734 590.534 113.59 590.972 113.302 591.292C113.018 591.612 112.658 591.82 112.222 591.916C112.058 591.952 111.88 591.976 111.688 591.988C111.496 591.996 111.306 592 111.118 592H108.646ZM109.522 591.244H111.082C111.218 591.244 111.37 591.24 111.538 591.232C111.706 591.224 111.854 591.202 111.982 591.166C112.194 591.106 112.386 590.986 112.558 590.806C112.734 590.622 112.822 590.346 112.822 589.978C112.822 589.614 112.738 589.34 112.57 589.156C112.402 588.968 112.178 588.844 111.898 588.784C111.774 588.756 111.64 588.738 111.496 588.73C111.352 588.722 111.214 588.718 111.082 588.718H109.522V591.244ZM116.244 592L116.25 585.52H117.138V588.64L120.03 585.52H121.206L118.17 588.76L121.602 592H120.318L117.138 588.88V592H116.244ZM125.992 592.18C125.348 592.18 124.798 592.034 124.342 591.742C123.886 591.45 123.536 591.046 123.292 590.53C123.048 590.014 122.926 589.422 122.926 588.754C122.926 588.074 123.05 587.478 123.298 586.966C123.546 586.454 123.898 586.056 124.354 585.772C124.814 585.484 125.36 585.34 125.992 585.34C126.64 585.34 127.192 585.486 127.648 585.778C128.108 586.066 128.458 586.468 128.698 586.984C128.942 587.496 129.064 588.086 129.064 588.754C129.064 589.434 128.942 590.032 128.698 590.548C128.454 591.06 128.102 591.46 127.642 591.748C127.182 592.036 126.632 592.18 125.992 592.18ZM125.992 591.334C126.712 591.334 127.248 591.096 127.6 590.62C127.952 590.14 128.128 589.518 128.128 588.754C128.128 587.97 127.95 587.346 127.594 586.882C127.242 586.418 126.708 586.186 125.992 586.186C125.508 586.186 125.108 586.296 124.792 586.516C124.48 586.732 124.246 587.034 124.09 587.422C123.938 587.806 123.862 588.25 123.862 588.754C123.862 589.534 124.042 590.16 124.402 590.632C124.762 591.1 125.292 591.334 125.992 591.334ZM135.184 592V585.52H136.066V588.334H139.72V585.52H140.602V592H139.72V589.18H136.066V592H135.184ZM146.186 592.18C145.542 592.18 144.992 592.034 144.536 591.742C144.08 591.45 143.73 591.046 143.486 590.53C143.242 590.014 143.12 589.422 143.12 588.754C143.12 588.074 143.244 587.478 143.492 586.966C143.74 586.454 144.092 586.056 144.548 585.772C145.008 585.484 145.554 585.34 146.186 585.34C146.834 585.34 147.386 585.486 147.842 585.778C148.302 586.066 148.652 586.468 148.892 586.984C149.136 587.496 149.258 588.086 149.258 588.754C149.258 589.434 149.136 590.032 148.892 590.548C148.648 591.06 148.296 591.46 147.836 591.748C147.376 592.036 146.826 592.18 146.186 592.18ZM146.186 591.334C146.906 591.334 147.442 591.096 147.794 590.62C148.146 590.14 148.322 589.518 148.322 588.754C148.322 587.97 148.144 587.346 147.788 586.882C147.436 586.418 146.902 586.186 146.186 586.186C145.702 586.186 145.302 586.296 144.986 586.516C144.674 586.732 144.44 587.034 144.284 587.422C144.132 587.806 144.056 588.25 144.056 588.754C144.056 589.534 144.236 590.16 144.596 590.632C144.956 591.1 145.486 591.334 146.186 591.334ZM151.775 592V585.52H154.445C154.581 585.52 154.745 585.528 154.937 585.544C155.133 585.56 155.315 585.59 155.483 585.634C155.847 585.73 156.139 585.926 156.359 586.222C156.583 586.518 156.695 586.874 156.695 587.29C156.695 587.522 156.659 587.73 156.587 587.914C156.519 588.094 156.421 588.25 156.293 588.382C156.233 588.45 156.167 588.51 156.095 588.562C156.023 588.61 155.953 588.65 155.885 588.682C156.013 588.706 156.151 588.762 156.299 588.85C156.531 588.986 156.707 589.17 156.827 589.402C156.947 589.63 157.007 589.908 157.007 590.236C157.007 590.68 156.901 591.042 156.689 591.322C156.477 591.602 156.193 591.794 155.837 591.898C155.677 591.942 155.503 591.97 155.315 591.982C155.131 591.994 154.957 592 154.793 592H151.775ZM152.663 591.25H154.751C154.835 591.25 154.941 591.244 155.069 591.232C155.197 591.216 155.311 591.196 155.411 591.172C155.647 591.112 155.819 590.992 155.927 590.812C156.039 590.628 156.095 590.428 156.095 590.212C156.095 589.928 156.011 589.696 155.843 589.516C155.679 589.332 155.459 589.22 155.183 589.18C155.091 589.16 154.995 589.148 154.895 589.144C154.795 589.14 154.705 589.138 154.625 589.138H152.663V591.25ZM152.663 588.382H154.475C154.579 588.382 154.695 588.376 154.823 588.364C154.955 588.348 155.069 588.322 155.165 588.286C155.373 588.214 155.525 588.09 155.621 587.914C155.721 587.738 155.771 587.546 155.771 587.338C155.771 587.11 155.717 586.91 155.609 586.738C155.505 586.566 155.347 586.446 155.135 586.378C154.991 586.326 154.835 586.296 154.667 586.288C154.503 586.28 154.399 586.276 154.355 586.276H152.663V588.382ZM159.409 592L159.397 585.52H160.285V587.962H161.413C161.601 587.962 161.785 587.966 161.965 587.974C162.145 587.982 162.307 587.998 162.451 588.022C162.771 588.086 163.055 588.194 163.303 588.346C163.551 588.498 163.747 588.708 163.891 588.976C164.035 589.24 164.107 589.574 164.107 589.978C164.107 590.534 163.963 590.972 163.675 591.292C163.387 591.612 163.025 591.82 162.589 591.916C162.425 591.952 162.247 591.976 162.055 591.988C161.863 591.996 161.675 592 161.491 592H159.409ZM160.285 591.244H161.455C161.587 591.244 161.737 591.24 161.905 591.232C162.073 591.224 162.221 591.202 162.349 591.166C162.565 591.106 162.759 590.986 162.931 590.806C163.107 590.622 163.195 590.346 163.195 589.978C163.195 589.614 163.111 589.34 162.943 589.156C162.775 588.968 162.551 588.844 162.271 588.784C162.143 588.756 162.007 588.738 161.863 588.73C161.723 588.722 161.587 588.718 161.455 588.718H160.285V591.244ZM164.881 592V585.52H165.763V592H164.881ZM171.384 592.18C170.752 592.18 170.204 592.04 169.74 591.76C169.28 591.48 168.922 591.086 168.666 590.578C168.41 590.07 168.282 589.474 168.282 588.79C168.282 588.082 168.408 587.47 168.66 586.954C168.912 586.438 169.266 586.04 169.722 585.76C170.182 585.48 170.724 585.34 171.348 585.34C171.988 585.34 172.534 585.488 172.986 585.784C173.438 586.076 173.78 586.496 174.012 587.044C174.244 587.592 174.35 588.246 174.33 589.006H173.43V588.694C173.414 587.854 173.232 587.22 172.884 586.792C172.54 586.364 172.036 586.15 171.372 586.15C170.676 586.15 170.142 586.376 169.77 586.828C169.402 587.28 169.218 587.924 169.218 588.76C169.218 589.576 169.402 590.21 169.77 590.662C170.142 591.11 170.668 591.334 171.348 591.334C171.812 591.334 172.216 591.228 172.56 591.016C172.908 590.8 173.182 590.49 173.382 590.086L174.204 590.404C173.948 590.968 173.57 591.406 173.07 591.718C172.574 592.026 172.012 592.18 171.384 592.18ZM168.906 589.006V588.268H173.856V589.006H168.906Z" fill="#B4B4B4"/>
<path d="M23.6 613.144C22.632 613.144 21.912 612.784 21.44 612.064C20.976 611.336 20.744 610.252 20.744 608.812C20.744 607.372 20.976 606.292 21.44 605.572C21.912 604.844 22.632 604.48 23.6 604.48C24.568 604.48 25.284 604.844 25.748 605.572C26.22 606.292 26.456 607.372 26.456 608.812C26.456 610.252 26.22 611.336 25.748 612.064C25.284 612.784 24.568 613.144 23.6 613.144ZM23.6 612.52C24.32 612.52 24.848 612.248 25.184 611.704C25.52 611.152 25.688 610.376 25.688 609.376V608.248C25.688 607.256 25.52 606.484 25.184 605.932C24.848 605.38 24.32 605.104 23.6 605.104C22.88 605.104 22.352 605.38 22.016 605.932C21.68 606.484 21.512 607.256 21.512 608.248V609.376C21.512 610.376 21.68 611.152 22.016 611.704C22.352 612.248 22.88 612.52 23.6 612.52ZM31.0353 613.144C30.1713 613.144 29.5033 612.86 29.0313 612.292C28.5593 611.724 28.3233 610.928 28.3233 609.904C28.3233 608.88 28.5593 608.084 29.0313 607.516C29.5113 606.948 30.1753 606.664 31.0233 606.664C31.5993 606.664 32.0713 606.796 32.4393 607.06C32.8073 607.316 33.0713 607.648 33.2313 608.056L32.6793 608.332C32.5513 607.988 32.3473 607.724 32.0673 607.54C31.7873 607.356 31.4393 607.264 31.0233 607.264C30.3913 607.264 29.9033 607.468 29.5593 607.876C29.2233 608.276 29.0553 608.808 29.0553 609.472V610.336C29.0553 611 29.2233 611.536 29.5593 611.944C29.9033 612.344 30.3953 612.544 31.0353 612.544C31.4753 612.544 31.8433 612.444 32.1393 612.244C32.4353 612.044 32.6633 611.764 32.8233 611.404L33.3273 611.728C33.1513 612.136 32.8753 612.476 32.4993 612.748C32.1233 613.012 31.6353 613.144 31.0353 613.144ZM35.6386 606.808H36.3226V609.496H39.6586V606.808H40.3426V613H39.6586V610.084H36.3226V613H35.6386V606.808ZM45.1859 613.144C44.3379 613.144 43.6739 612.86 43.1939 612.292C42.7219 611.724 42.4859 610.928 42.4859 609.904C42.4859 608.88 42.7219 608.084 43.1939 607.516C43.6739 606.948 44.3379 606.664 45.1859 606.664C46.0339 606.664 46.6939 606.948 47.1659 607.516C47.6459 608.084 47.8859 608.88 47.8859 609.904C47.8859 610.928 47.6459 611.724 47.1659 612.292C46.6939 612.86 46.0339 613.144 45.1859 613.144ZM45.1859 612.544C45.7939 612.544 46.2739 612.352 46.6259 611.968C46.9779 611.584 47.1539 611.024 47.1539 610.288V609.52C47.1539 608.784 46.9779 608.224 46.6259 607.84C46.2739 607.456 45.7939 607.264 45.1859 607.264C44.5779 607.264 44.0979 607.456 43.7459 607.84C43.3939 608.224 43.2179 608.784 43.2179 609.52V610.288C43.2179 611.024 43.3939 611.584 43.7459 611.968C44.0979 612.352 44.5779 612.544 45.1859 612.544ZM50.1733 606.808H53.1373C53.6413 606.808 54.0373 606.944 54.3253 607.216C54.6213 607.488 54.7693 607.872 54.7693 608.368C54.7693 608.768 54.6653 609.08 54.4573 609.304C54.2573 609.528 53.9733 609.668 53.6053 609.724V609.76C54.0533 609.808 54.3933 609.964 54.6253 610.228C54.8573 610.484 54.9733 610.82 54.9733 611.236C54.9733 611.756 54.8173 612.18 54.5053 612.508C54.1933 612.836 53.7533 613 53.1853 613H50.1733V606.808ZM53.0413 612.448C53.4253 612.448 53.7213 612.356 53.9293 612.172C54.1373 611.988 54.2413 611.728 54.2413 611.392V611.116C54.2413 610.78 54.1373 610.52 53.9293 610.336C53.7213 610.152 53.4373 610.06 53.0773 610.06H50.8573V612.448H53.0413ZM52.9933 609.52C53.3213 609.52 53.5773 609.436 53.7613 609.268C53.9453 609.1 54.0373 608.868 54.0373 608.572V608.308C54.0373 608.012 53.9453 607.78 53.7613 607.612C53.5773 607.444 53.3213 607.36 52.9933 607.36H50.8573V609.52H52.9933ZM57.2246 606.808H57.9086V609.496H61.2446V606.808H61.9286V613H61.2446V610.084H57.9086V613H57.2246V606.808ZM66.7719 613.144C65.9239 613.144 65.2599 612.86 64.7799 612.292C64.3079 611.724 64.0719 610.928 64.0719 609.904C64.0719 608.88 64.3079 608.084 64.7799 607.516C65.2599 606.948 65.9239 606.664 66.7719 606.664C67.6199 606.664 68.2799 606.948 68.7519 607.516C69.2319 608.084 69.4719 608.88 69.4719 609.904C69.4719 610.928 69.2319 611.724 68.7519 612.292C68.2799 612.86 67.6199 613.144 66.7719 613.144ZM66.7719 612.544C67.3799 612.544 67.8599 612.352 68.2119 611.968C68.5639 611.584 68.7399 611.024 68.7399 610.288V609.52C68.7399 608.784 68.5639 608.224 68.2119 607.84C67.8599 607.456 67.3799 607.264 66.7719 607.264C66.1639 607.264 65.6839 607.456 65.3319 607.84C64.9799 608.224 64.8039 608.784 64.8039 609.52V610.288C64.8039 611.024 64.9799 611.584 65.3319 611.968C65.6839 612.352 66.1639 612.544 66.7719 612.544ZM71.6152 606.808H72.2992V610.66L72.2152 612.004H72.2512L72.9592 610.912L75.6712 606.808H76.3192V613H75.6352V609.148L75.7192 607.804H75.6832L74.9752 608.896L72.2632 613H71.6152V606.808ZM73.9552 605.812C73.5792 605.812 73.2712 605.728 73.0312 605.56C72.7992 605.384 72.5912 605.112 72.4072 604.744L72.0592 604.06L72.6712 603.856L73.1872 605.044C73.2832 605.132 73.3992 605.196 73.5352 605.236C73.6792 605.268 73.8192 605.284 73.9552 605.284C74.0912 605.284 74.2272 605.268 74.3632 605.236C74.5072 605.196 74.6272 605.132 74.7232 605.044L75.2392 603.856L75.8512 604.06L75.5032 604.744C75.3192 605.112 75.1072 605.384 74.8672 605.56C74.6352 605.728 74.3312 605.812 73.9552 605.812ZM86.0418 606.808H86.7258V607.792H86.7618C86.9378 607.456 87.1818 607.184 87.4938 606.976C87.8138 606.768 88.2098 606.664 88.6818 606.664C89.4578 606.664 90.0618 606.944 90.4938 607.504C90.9258 608.056 91.1418 608.856 91.1418 609.904C91.1418 610.952 90.9258 611.756 90.4938 612.316C90.0618 612.868 89.4578 613.144 88.6818 613.144C88.2098 613.144 87.8138 613.04 87.4938 612.832C87.1818 612.624 86.9378 612.352 86.7618 612.016H86.7258V615.4H86.0418V606.808ZM88.4538 612.532C89.0778 612.532 89.5578 612.336 89.8938 611.944C90.2378 611.552 90.4098 611.016 90.4098 610.336V609.472C90.4098 608.792 90.2378 608.256 89.8938 607.864C89.5578 607.472 89.0778 607.276 88.4538 607.276C88.2218 607.276 88.0018 607.308 87.7938 607.372C87.5858 607.436 87.4018 607.528 87.2418 607.648C87.0818 607.768 86.9538 607.916 86.8578 608.092C86.7698 608.268 86.7258 608.464 86.7258 608.68V611.128C86.7258 611.344 86.7698 611.54 86.8578 611.716C86.9538 611.892 87.0818 612.04 87.2418 612.16C87.4018 612.28 87.5858 612.372 87.7938 612.436C88.0018 612.5 88.2218 612.532 88.4538 612.532ZM95.6491 613.144C94.7851 613.144 94.1051 612.864 93.6091 612.304C93.1211 611.736 92.8771 610.94 92.8771 609.916C92.8771 609.404 92.9411 608.948 93.0691 608.548C93.1971 608.14 93.3771 607.8 93.6091 607.528C93.8491 607.248 94.1371 607.036 94.4731 606.892C94.8091 606.74 95.1811 606.664 95.5891 606.664C96.0051 606.664 96.3771 606.74 96.7051 606.892C97.0331 607.036 97.3091 607.244 97.5331 607.516C97.7651 607.788 97.9411 608.112 98.0611 608.488C98.1811 608.864 98.2411 609.28 98.2411 609.736V610.036H93.5971V610.336C93.5971 611 93.7771 611.536 94.1371 611.944C94.4971 612.344 95.0011 612.544 95.6491 612.544C96.1051 612.544 96.4931 612.44 96.8131 612.232C97.1411 612.024 97.3931 611.716 97.5691 611.308L98.0851 611.632C97.9011 612.088 97.6011 612.456 97.1851 612.736C96.7691 613.008 96.2571 613.144 95.6491 613.144ZM95.5891 607.24C95.2851 607.24 95.0091 607.296 94.7611 607.408C94.5211 607.512 94.3131 607.66 94.1371 607.852C93.9691 608.044 93.8371 608.276 93.7411 608.548C93.6451 608.82 93.5971 609.12 93.5971 609.448V609.52H97.5091V609.424C97.5091 608.752 97.3371 608.22 96.9931 607.828C96.6571 607.436 96.1891 607.24 95.5891 607.24ZM102.424 610.072H101.14L100.252 613H99.5684L100.348 610.432C100.412 610.232 100.484 610.084 100.564 609.988C100.644 609.892 100.752 609.832 100.888 609.808V609.76C100.656 609.712 100.484 609.512 100.372 609.16L99.6404 606.808H100.3L101.14 609.508H102.424V606.808H103.072V609.508H104.356L105.196 606.808H105.856L105.124 609.16C105.012 609.512 104.84 609.712 104.608 609.76V609.808C104.744 609.832 104.852 609.892 104.932 609.988C105.012 610.084 105.084 610.232 105.148 610.432L105.928 613H105.244L104.356 610.072H103.072V613H102.424V610.072ZM107.592 606.808H108.276V610.66L108.192 612.004H108.228L108.936 610.912L111.648 606.808H112.296V613H111.612V609.148L111.696 607.804H111.66L110.952 608.896L108.24 613H107.592V606.808ZM114.463 606.808H115.423L117.139 610.372H117.199L118.915 606.808H119.815V613H119.155V608.896L119.179 607.672H119.119L117.139 611.8L115.159 607.672H115.099L115.123 608.896V613H114.463V606.808ZM124.334 613.084C124.078 613.084 123.898 613.032 123.794 612.928C123.69 612.824 123.638 612.688 123.638 612.52V612.352C123.638 612.192 123.69 612.06 123.794 611.956C123.898 611.844 124.078 611.788 124.334 611.788C124.59 611.788 124.77 611.844 124.874 611.956C124.978 612.06 125.03 612.192 125.03 612.352V612.52C125.03 612.688 124.978 612.824 124.874 612.928C124.77 613.032 124.59 613.084 124.334 613.084ZM136.217 604.624H141.233V613H140.513V605.248H136.937V613H136.217V604.624ZM143.604 606.808H144.288V607.792H144.324C144.5 607.456 144.744 607.184 145.056 606.976C145.376 606.768 145.772 606.664 146.244 606.664C147.02 606.664 147.624 606.944 148.056 607.504C148.488 608.056 148.704 608.856 148.704 609.904C148.704 610.952 148.488 611.756 148.056 612.316C147.624 612.868 147.02 613.144 146.244 613.144C145.772 613.144 145.376 613.04 145.056 612.832C144.744 612.624 144.5 612.352 144.324 612.016H144.288V615.4H143.604V606.808ZM146.016 612.532C146.64 612.532 147.12 612.336 147.456 611.944C147.8 611.552 147.972 611.016 147.972 610.336V609.472C147.972 608.792 147.8 608.256 147.456 607.864C147.12 607.472 146.64 607.276 146.016 607.276C145.784 607.276 145.564 607.308 145.356 607.372C145.148 607.436 144.964 607.528 144.804 607.648C144.644 607.768 144.516 607.916 144.42 608.092C144.332 608.268 144.288 608.464 144.288 608.68V611.128C144.288 611.344 144.332 611.54 144.42 611.716C144.516 611.892 144.644 612.04 144.804 612.16C144.964 612.28 145.148 612.372 145.356 612.436C145.564 612.5 145.784 612.532 146.016 612.532ZM153.116 613.144C152.268 613.144 151.604 612.86 151.124 612.292C150.652 611.724 150.416 610.928 150.416 609.904C150.416 608.88 150.652 608.084 151.124 607.516C151.604 606.948 152.268 606.664 153.116 606.664C153.964 606.664 154.624 606.948 155.096 607.516C155.576 608.084 155.816 608.88 155.816 609.904C155.816 610.928 155.576 611.724 155.096 612.292C154.624 612.86 153.964 613.144 153.116 613.144ZM153.116 612.544C153.724 612.544 154.204 612.352 154.556 611.968C154.908 611.584 155.084 611.024 155.084 610.288V609.52C155.084 608.784 154.908 608.224 154.556 607.84C154.204 607.456 153.724 607.264 153.116 607.264C152.508 607.264 152.028 607.456 151.676 607.84C151.324 608.224 151.148 608.784 151.148 609.52V610.288C151.148 611.024 151.324 611.584 151.676 611.968C152.028 612.352 152.508 612.544 153.116 612.544ZM158.379 606.808H162.747V607.396H159.063V613H158.379V606.808ZM165.19 606.808H165.874V607.792H165.91C166.086 607.456 166.33 607.184 166.642 606.976C166.962 606.768 167.358 606.664 167.83 606.664C168.606 606.664 169.21 606.944 169.642 607.504C170.074 608.056 170.29 608.856 170.29 609.904C170.29 610.952 170.074 611.756 169.642 612.316C169.21 612.868 168.606 613.144 167.83 613.144C167.358 613.144 166.962 613.04 166.642 612.832C166.33 612.624 166.086 612.352 165.91 612.016H165.874V615.4H165.19V606.808ZM167.602 612.532C168.226 612.532 168.706 612.336 169.042 611.944C169.386 611.552 169.558 611.016 169.558 610.336V609.472C169.558 608.792 169.386 608.256 169.042 607.864C168.706 607.472 168.226 607.276 167.602 607.276C167.37 607.276 167.15 607.308 166.942 607.372C166.734 607.436 166.55 607.528 166.39 607.648C166.23 607.768 166.102 607.916 166.006 608.092C165.918 608.268 165.874 608.464 165.874 608.68V611.128C165.874 611.344 165.918 611.54 166.006 611.716C166.102 611.892 166.23 612.04 166.39 612.16C166.55 612.28 166.734 612.372 166.942 612.436C167.15 612.5 167.37 612.532 167.602 612.532ZM176.85 613C176.57 613 176.37 612.932 176.25 612.796C176.13 612.66 176.062 612.476 176.046 612.244V612.028H175.986C175.85 612.356 175.626 612.624 175.314 612.832C175.002 613.04 174.578 613.144 174.042 613.144C173.394 613.144 172.882 612.988 172.506 612.676C172.138 612.356 171.954 611.908 171.954 611.332C171.954 611.06 171.998 610.816 172.086 610.6C172.182 610.376 172.33 610.188 172.53 610.036C172.738 609.884 173.002 609.768 173.322 609.688C173.642 609.6 174.034 609.556 174.498 609.556H176.01V608.8C176.01 608.28 175.866 607.892 175.578 607.636C175.298 607.38 174.906 607.252 174.402 607.252C173.554 607.252 172.962 607.592 172.626 608.272L172.158 607.936C172.318 607.576 172.586 607.276 172.962 607.036C173.346 606.788 173.838 606.664 174.438 606.664C175.142 606.664 175.694 606.848 176.094 607.216C176.494 607.576 176.694 608.08 176.694 608.728V612.4H177.618V613H176.85ZM174.15 612.568C174.414 612.568 174.658 612.536 174.882 612.472C175.106 612.408 175.302 612.32 175.47 612.208C175.638 612.088 175.77 611.944 175.866 611.776C175.962 611.608 176.01 611.42 176.01 611.212V610.072H174.498C173.85 610.072 173.382 610.172 173.094 610.372C172.814 610.564 172.674 610.828 172.674 611.164V611.476C172.674 611.836 172.806 612.108 173.07 612.292C173.342 612.476 173.702 612.568 174.15 612.568ZM179.221 606.808H180.181L181.897 610.372H181.957L183.673 606.808H184.573V613H183.913V608.896L183.937 607.672H183.877L181.897 611.8L179.917 607.672H179.857L179.881 608.896V613H179.221V606.808ZM186.416 606.808H187.376L189.092 610.372H189.152L190.868 606.808H191.768V613H191.108V608.896L191.132 607.672H191.072L189.092 611.8L187.112 607.672H187.052L187.076 608.896V613H186.416V606.808ZM198.436 613C198.156 613 197.956 612.932 197.836 612.796C197.716 612.66 197.648 612.476 197.632 612.244V612.028H197.572C197.436 612.356 197.212 612.624 196.9 612.832C196.588 613.04 196.164 613.144 195.628 613.144C194.98 613.144 194.468 612.988 194.092 612.676C193.724 612.356 193.54 611.908 193.54 611.332C193.54 611.06 193.584 610.816 193.672 610.6C193.768 610.376 193.916 610.188 194.116 610.036C194.324 609.884 194.588 609.768 194.908 609.688C195.228 609.6 195.62 609.556 196.084 609.556H197.596V608.8C197.596 608.28 197.452 607.892 197.164 607.636C196.884 607.38 196.492 607.252 195.988 607.252C195.14 607.252 194.548 607.592 194.212 608.272L193.744 607.936C193.904 607.576 194.172 607.276 194.548 607.036C194.932 606.788 195.424 606.664 196.024 606.664C196.728 606.664 197.28 606.848 197.68 607.216C198.08 607.576 198.28 608.08 198.28 608.728V612.4H199.204V613H198.436ZM195.736 612.568C196 612.568 196.244 612.536 196.468 612.472C196.692 612.408 196.888 612.32 197.056 612.208C197.224 612.088 197.356 611.944 197.452 611.776C197.548 611.608 197.596 611.42 197.596 611.212V610.072H196.084C195.436 610.072 194.968 610.172 194.68 610.372C194.4 610.564 194.26 610.828 194.26 611.164V611.476C194.26 611.836 194.392 612.108 194.656 612.292C194.928 612.476 195.288 612.568 195.736 612.568ZM208.326 606.808H209.01V610.66L208.926 612.004H208.962L209.67 610.912L212.382 606.808H213.03V613H212.346V609.148L212.43 607.804H212.394L211.686 608.896L208.974 613H208.326V606.808ZM214.585 612.412H215.269C215.525 612.06 215.741 611.592 215.917 611.008C216.093 610.424 216.181 609.676 216.181 608.764V606.808H219.961V612.412H221.029V614.68H220.393V613H215.221V614.68H214.585V612.412ZM219.277 612.412V607.396H216.853V608.788C216.853 609.244 216.833 609.656 216.793 610.024C216.753 610.384 216.697 610.712 216.625 611.008C216.553 611.304 216.469 611.568 216.373 611.8C216.277 612.024 216.169 612.228 216.049 612.412H219.277ZM225.165 613.144C224.301 613.144 223.621 612.864 223.125 612.304C222.637 611.736 222.393 610.94 222.393 609.916C222.393 609.404 222.457 608.948 222.585 608.548C222.713 608.14 222.893 607.8 223.125 607.528C223.365 607.248 223.653 607.036 223.989 606.892C224.325 606.74 224.697 606.664 225.105 606.664C225.521 606.664 225.893 606.74 226.221 606.892C226.549 607.036 226.825 607.244 227.049 607.516C227.281 607.788 227.457 608.112 227.577 608.488C227.697 608.864 227.757 609.28 227.757 609.736V610.036H223.113V610.336C223.113 611 223.293 611.536 223.653 611.944C224.013 612.344 224.517 612.544 225.165 612.544C225.621 612.544 226.009 612.44 226.329 612.232C226.657 612.024 226.909 611.716 227.085 611.308L227.601 611.632C227.417 612.088 227.117 612.456 226.701 612.736C226.285 613.008 225.773 613.144 225.165 613.144ZM225.105 607.24C224.801 607.24 224.525 607.296 224.277 607.408C224.037 607.512 223.829 607.66 223.653 607.852C223.485 608.044 223.353 608.276 223.257 608.548C223.161 608.82 223.113 609.12 223.113 609.448V609.52H227.025V609.424C227.025 608.752 226.853 608.22 226.509 607.828C226.173 607.436 225.705 607.24 225.105 607.24ZM223.989 605.44C223.789 605.44 223.645 605.4 223.557 605.32C223.477 605.232 223.437 605.124 223.437 604.996V604.852C223.437 604.724 223.477 604.62 223.557 604.54C223.645 604.452 223.789 604.408 223.989 604.408C224.189 604.408 224.329 604.452 224.409 604.54C224.497 604.62 224.541 604.724 224.541 604.852V604.996C224.541 605.124 224.497 605.232 224.409 605.32C224.329 605.4 224.189 605.44 223.989 605.44ZM226.197 605.44C225.997 605.44 225.853 605.4 225.765 605.32C225.685 605.232 225.645 605.124 225.645 604.996V604.852C225.645 604.724 225.685 604.62 225.765 604.54C225.853 604.452 225.997 604.408 226.197 604.408C226.397 604.408 226.537 604.452 226.617 604.54C226.705 604.62 226.749 604.724 226.749 604.852V604.996C226.749 605.124 226.705 605.232 226.617 605.32C226.537 605.4 226.397 605.44 226.197 605.44ZM231.916 607.396H229.552V606.808H234.964V607.396H232.6V613H231.916V607.396ZM246.655 613.144C245.807 613.144 245.143 612.86 244.663 612.292C244.191 611.724 243.955 610.928 243.955 609.904C243.955 608.88 244.191 608.084 244.663 607.516C245.143 606.948 245.807 606.664 246.655 606.664C247.503 606.664 248.163 606.948 248.635 607.516C249.115 608.084 249.355 608.88 249.355 609.904C249.355 610.928 249.115 611.724 248.635 612.292C248.163 612.86 247.503 613.144 246.655 613.144ZM246.655 612.544C247.263 612.544 247.743 612.352 248.095 611.968C248.447 611.584 248.623 611.024 248.623 610.288V609.52C248.623 608.784 248.447 608.224 248.095 607.84C247.743 607.456 247.263 607.264 246.655 607.264C246.047 607.264 245.567 607.456 245.215 607.84C244.863 608.224 244.687 608.784 244.687 609.52V610.288C244.687 611.024 244.863 611.584 245.215 611.968C245.567 612.352 246.047 612.544 246.655 612.544ZM253.502 607.396H251.138V606.808H256.55V607.396H254.186V613H253.502V607.396ZM265.889 606.808H266.573V609.496H269.909V606.808H270.593V613H269.909V610.084H266.573V613H265.889V606.808ZM275.436 613.144C274.588 613.144 273.924 612.86 273.444 612.292C272.972 611.724 272.736 610.928 272.736 609.904C272.736 608.88 272.972 608.084 273.444 607.516C273.924 606.948 274.588 606.664 275.436 606.664C276.284 606.664 276.944 606.948 277.416 607.516C277.896 608.084 278.136 608.88 278.136 609.904C278.136 610.928 277.896 611.724 277.416 612.292C276.944 612.86 276.284 613.144 275.436 613.144ZM275.436 612.544C276.044 612.544 276.524 612.352 276.876 611.968C277.228 611.584 277.404 611.024 277.404 610.288V609.52C277.404 608.784 277.228 608.224 276.876 607.84C276.524 607.456 276.044 607.264 275.436 607.264C274.828 607.264 274.348 607.456 273.996 607.84C273.644 608.224 273.468 608.784 273.468 609.52V610.288C273.468 611.024 273.644 611.584 273.996 611.968C274.348 612.352 274.828 612.544 275.436 612.544ZM280.423 606.808H283.387C283.891 606.808 284.287 606.944 284.575 607.216C284.871 607.488 285.019 607.872 285.019 608.368C285.019 608.768 284.915 609.08 284.707 609.304C284.507 609.528 284.223 609.668 283.855 609.724V609.76C284.303 609.808 284.643 609.964 284.875 610.228C285.107 610.484 285.223 610.82 285.223 611.236C285.223 611.756 285.067 612.18 284.755 612.508C284.443 612.836 284.003 613 283.435 613H280.423V606.808ZM283.291 612.448C283.675 612.448 283.971 612.356 284.179 612.172C284.387 611.988 284.491 611.728 284.491 611.392V611.116C284.491 610.78 284.387 610.52 284.179 610.336C283.971 610.152 283.687 610.06 283.327 610.06H281.107V612.448H283.291ZM283.243 609.52C283.571 609.52 283.827 609.436 284.011 609.268C284.195 609.1 284.287 608.868 284.287 608.572V608.308C284.287 608.012 284.195 607.78 284.011 607.612C283.827 607.444 283.571 607.36 283.243 607.36H281.107V609.52H283.243ZM286.971 606.808H287.655V609.208H288.987C289.587 609.208 290.059 609.372 290.403 609.7C290.747 610.02 290.919 610.488 290.919 611.104C290.919 611.72 290.747 612.192 290.403 612.52C290.059 612.84 289.587 613 288.987 613H286.971V606.808ZM288.903 612.412C289.311 612.412 289.627 612.32 289.851 612.136C290.075 611.952 290.187 611.68 290.187 611.32V610.888C290.187 610.528 290.075 610.256 289.851 610.072C289.627 609.888 289.311 609.796 288.903 609.796H287.655V612.412H288.903ZM292.011 606.808H292.695V613H292.011V606.808ZM294.286 613L296.614 609.868L294.334 606.808H295.162L297.034 609.352H297.07L298.93 606.808H299.71L297.418 609.856L299.77 613H298.942L297.01 610.372H296.974L295.078 613H294.286ZM309.097 606.808H313.729V613H313.045V607.396H309.781V613H309.097V606.808ZM320.744 606.808H321.428L318.2 614.68C318.096 614.928 317.964 615.108 317.804 615.22C317.652 615.34 317.412 615.4 317.084 615.4H316.052V614.812H317.456L318.272 612.832L315.788 606.808H316.496L318.596 612.004H318.644L320.744 606.808ZM325.815 613.144C324.991 613.144 324.335 612.852 323.847 612.268C323.367 611.676 323.127 610.784 323.127 609.592C323.127 608.608 323.187 607.776 323.307 607.096C323.427 606.416 323.611 605.864 323.859 605.44C324.115 605.016 324.443 604.704 324.843 604.504C325.243 604.296 325.727 604.176 326.295 604.144L328.083 604.036V604.708L326.235 604.828C325.819 604.852 325.471 604.932 325.191 605.068C324.911 605.204 324.679 605.408 324.495 605.68C324.311 605.952 324.167 606.304 324.063 606.736C323.967 607.168 323.895 607.692 323.847 608.308H323.907C324.091 607.78 324.351 607.4 324.687 607.168C325.031 606.928 325.431 606.808 325.887 606.808C326.687 606.808 327.323 607.084 327.795 607.636C328.267 608.188 328.503 608.972 328.503 609.988C328.503 610.468 328.439 610.904 328.311 611.296C328.183 611.688 328.003 612.02 327.771 612.292C327.539 612.564 327.255 612.776 326.919 612.928C326.591 613.072 326.223 613.144 325.815 613.144ZM325.815 612.544C326.399 612.544 326.871 612.356 327.231 611.98C327.591 611.596 327.771 611.044 327.771 610.324V609.616C327.771 608.896 327.591 608.348 327.231 607.972C326.871 607.588 326.399 607.396 325.815 607.396C325.231 607.396 324.759 607.588 324.399 607.972C324.039 608.348 323.859 608.896 323.859 609.616V610.324C323.859 611.044 324.039 611.596 324.399 611.98C324.759 612.356 325.231 612.544 325.815 612.544ZM329.698 612.412H330.43C330.558 612.268 330.674 612.092 330.778 611.884C330.882 611.668 330.97 611.412 331.042 611.116C331.122 610.812 331.182 610.456 331.222 610.048C331.262 609.64 331.282 609.168 331.282 608.632V606.808H335.17V613H334.486V607.396H331.954V608.656C331.954 609.792 331.862 610.684 331.678 611.332C331.502 611.972 331.278 612.424 331.006 612.688C330.894 612.8 330.766 612.88 330.622 612.928C330.478 612.976 330.314 613 330.13 613H329.698V612.412ZM337.842 606.808H338.526V610.66L338.442 612.004H338.478L339.186 610.912L341.898 606.808H342.546V613H341.862V609.148L341.946 607.804H341.91L341.202 608.896L338.49 613H337.842V606.808ZM345.217 606.808H345.901V609.496H347.365L349.189 606.808H349.921L348.265 609.244C348.153 609.42 348.053 609.544 347.965 609.616C347.885 609.688 347.785 609.736 347.665 609.76V609.808C347.793 609.832 347.901 609.88 347.989 609.952C348.077 610.024 348.173 610.144 348.277 610.312L349.525 612.412H350.197V613H349.549C349.389 613 349.249 612.96 349.129 612.88C349.017 612.792 348.905 612.656 348.793 612.472L347.365 610.084H345.901V613H345.217V606.808ZM356.732 613C356.452 613 356.252 612.932 356.132 612.796C356.012 612.66 355.944 612.476 355.928 612.244V612.028H355.868C355.732 612.356 355.508 612.624 355.196 612.832C354.884 613.04 354.46 613.144 353.924 613.144C353.276 613.144 352.764 612.988 352.388 612.676C352.02 612.356 351.836 611.908 351.836 611.332C351.836 611.06 351.88 610.816 351.968 610.6C352.064 610.376 352.212 610.188 352.412 610.036C352.62 609.884 352.884 609.768 353.204 609.688C353.524 609.6 353.916 609.556 354.38 609.556H355.892V608.8C355.892 608.28 355.748 607.892 355.46 607.636C355.18 607.38 354.788 607.252 354.284 607.252C353.436 607.252 352.844 607.592 352.508 608.272L352.04 607.936C352.2 607.576 352.468 607.276 352.844 607.036C353.228 606.788 353.72 606.664 354.32 606.664C355.024 606.664 355.576 606.848 355.976 607.216C356.376 607.576 356.576 608.08 356.576 608.728V612.4H357.5V613H356.732ZM354.032 612.568C354.296 612.568 354.54 612.536 354.764 612.472C354.988 612.408 355.184 612.32 355.352 612.208C355.52 612.088 355.652 611.944 355.748 611.776C355.844 611.608 355.892 611.42 355.892 611.212V610.072H354.38C353.732 610.072 353.264 610.172 352.976 610.372C352.696 610.564 352.556 610.828 352.556 611.164V611.476C352.556 611.836 352.688 612.108 352.952 612.292C353.224 612.476 353.584 612.568 354.032 612.568ZM364.336 613H359.308V606.808H359.992V612.412H363.22V606.808H363.904V612.412H364.972V614.68H364.336V613ZM366.623 606.808H367.307V610.66L367.223 612.004H367.259L367.967 610.912L370.679 606.808H371.327V613H370.643V609.148L370.727 607.804H370.691L369.983 608.896L367.271 613H366.623V606.808ZM373.818 606.808H374.502V610.66L374.418 612.004H374.454L375.162 610.912L377.874 606.808H378.522V613H377.838V609.148L377.922 607.804H377.886L377.178 608.896L374.466 613H373.818V606.808ZM376.158 605.812C375.782 605.812 375.474 605.728 375.234 605.56C375.002 605.384 374.794 605.112 374.61 604.744L374.262 604.06L374.874 603.856L375.39 605.044C375.486 605.132 375.602 605.196 375.738 605.236C375.882 605.268 376.022 605.284 376.158 605.284C376.294 605.284 376.43 605.268 376.566 605.236C376.71 605.196 376.83 605.132 376.926 605.044L377.442 603.856L378.054 604.06L377.706 604.744C377.522 605.112 377.31 605.384 377.07 605.56C376.838 605.728 376.534 605.812 376.158 605.812ZM21.428 622.808H22.112V625.496H23.576L25.4 622.808H26.132L24.476 625.244C24.364 625.42 24.264 625.544 24.176 625.616C24.096 625.688 23.996 625.736 23.876 625.76V625.808C24.004 625.832 24.112 625.88 24.2 625.952C24.288 626.024 24.384 626.144 24.488 626.312L25.736 628.412H26.408V629H25.76C25.6 629 25.46 628.96 25.34 628.88C25.228 628.792 25.116 628.656 25.004 628.472L23.576 626.084H22.112V629H21.428V622.808ZM38.2306 629.144C37.3666 629.144 36.6986 628.86 36.2266 628.292C35.7546 627.724 35.5186 626.928 35.5186 625.904C35.5186 624.88 35.7546 624.084 36.2266 623.516C36.7066 622.948 37.3706 622.664 38.2186 622.664C38.7946 622.664 39.2666 622.796 39.6346 623.06C40.0026 623.316 40.2666 623.648 40.4266 624.056L39.8746 624.332C39.7466 623.988 39.5426 623.724 39.2626 623.54C38.9826 623.356 38.6346 623.264 38.2186 623.264C37.5866 623.264 37.0986 623.468 36.7546 623.876C36.4186 624.276 36.2506 624.808 36.2506 625.472V626.336C36.2506 627 36.4186 627.536 36.7546 627.944C37.0986 628.344 37.5906 628.544 38.2306 628.544C38.6706 628.544 39.0386 628.444 39.3346 628.244C39.6306 628.044 39.8586 627.764 40.0186 627.404L40.5226 627.728C40.3466 628.136 40.0706 628.476 39.6946 628.748C39.3186 629.012 38.8306 629.144 38.2306 629.144ZM44.8379 623.396H42.4739V622.808H47.8859V623.396H45.5219V629H44.8379V623.396ZM54.5293 629C54.2493 629 54.0493 628.932 53.9293 628.796C53.8093 628.66 53.7413 628.476 53.7253 628.244V628.028H53.6653C53.5293 628.356 53.3053 628.624 52.9933 628.832C52.6813 629.04 52.2573 629.144 51.7213 629.144C51.0733 629.144 50.5613 628.988 50.1853 628.676C49.8173 628.356 49.6333 627.908 49.6333 627.332C49.6333 627.06 49.6773 626.816 49.7653 626.6C49.8613 626.376 50.0093 626.188 50.2093 626.036C50.4173 625.884 50.6813 625.768 51.0013 625.688C51.3213 625.6 51.7133 625.556 52.1773 625.556H53.6893V624.8C53.6893 624.28 53.5453 623.892 53.2573 623.636C52.9773 623.38 52.5853 623.252 52.0813 623.252C51.2333 623.252 50.6413 623.592 50.3053 624.272L49.8373 623.936C49.9973 623.576 50.2653 623.276 50.6413 623.036C51.0253 622.788 51.5173 622.664 52.1173 622.664C52.8213 622.664 53.3733 622.848 53.7733 623.216C54.1733 623.576 54.3733 624.08 54.3733 624.728V628.4H55.2973V629H54.5293ZM51.8293 628.568C52.0933 628.568 52.3373 628.536 52.5613 628.472C52.7853 628.408 52.9813 628.32 53.1493 628.208C53.3173 628.088 53.4493 627.944 53.5453 627.776C53.6413 627.608 53.6893 627.42 53.6893 627.212V626.072H52.1773C51.5293 626.072 51.0613 626.172 50.7733 626.372C50.4933 626.564 50.3533 626.828 50.3533 627.164V627.476C50.3533 627.836 50.4853 628.108 50.7493 628.292C51.0213 628.476 51.3813 628.568 51.8293 628.568ZM57.2606 622.808H57.9446V623.792H57.9806C58.1566 623.456 58.4006 623.184 58.7126 622.976C59.0326 622.768 59.4286 622.664 59.9006 622.664C60.6766 622.664 61.2806 622.944 61.7126 623.504C62.1446 624.056 62.3606 624.856 62.3606 625.904C62.3606 626.952 62.1446 627.756 61.7126 628.316C61.2806 628.868 60.6766 629.144 59.9006 629.144C59.4286 629.144 59.0326 629.04 58.7126 628.832C58.4006 628.624 58.1566 628.352 57.9806 628.016H57.9446V631.4H57.2606V622.808ZM59.6726 628.532C60.2966 628.532 60.7766 628.336 61.1126 627.944C61.4566 627.552 61.6286 627.016 61.6286 626.336V625.472C61.6286 624.792 61.4566 624.256 61.1126 623.864C60.7766 623.472 60.2966 623.276 59.6726 623.276C59.4406 623.276 59.2206 623.308 59.0126 623.372C58.8046 623.436 58.6206 623.528 58.4606 623.648C58.3006 623.768 58.1726 623.916 58.0766 624.092C57.9886 624.268 57.9446 624.464 57.9446 624.68V627.128C57.9446 627.344 57.9886 627.54 58.0766 627.716C58.1726 627.892 58.3006 628.04 58.4606 628.16C58.6206 628.28 58.8046 628.372 59.0126 628.436C59.2206 628.5 59.4406 628.532 59.6726 628.532ZM63.9159 622.808H64.5999V625.208H65.9319C66.5319 625.208 67.0039 625.372 67.3479 625.7C67.6919 626.02 67.8639 626.488 67.8639 627.104C67.8639 627.72 67.6919 628.192 67.3479 628.52C67.0039 628.84 66.5319 629 65.9319 629H63.9159V622.808ZM65.8479 628.412C66.2559 628.412 66.5719 628.32 66.7959 628.136C67.0199 627.952 67.1319 627.68 67.1319 627.32V626.888C67.1319 626.528 67.0199 626.256 66.7959 626.072C66.5719 625.888 66.2559 625.796 65.8479 625.796H64.5999V628.412H65.8479ZM68.9559 622.808H69.6399V629H68.9559V622.808ZM71.2912 622.808H72.2512L73.9672 626.372H74.0272L75.7432 622.808H76.6432V629H75.9832V624.896L76.0072 623.672H75.9472L73.9672 627.8L71.9872 623.672H71.9272L71.9512 624.896V629H71.2912V622.808ZM86.0058 622.808H86.6898V626.66L86.6058 628.004H86.6418L87.3498 626.912L90.0618 622.808H90.7098V629H90.0258V625.148L90.1098 623.804H90.0738L89.3658 624.896L86.6538 629H86.0058V622.808ZM100.396 622.808H101.08V626.66L100.996 628.004H101.032L101.74 626.912L104.452 622.808H105.1V629H104.416V625.148L104.5 623.804H104.464L103.756 624.896L101.044 629H100.396V622.808ZM112.944 629H107.088V622.808H107.724V628.424H109.632V622.808H110.268V628.424H112.176V622.808H112.812V628.412H113.556V630.68H112.944V629ZM117.235 629.144C116.371 629.144 115.691 628.864 115.195 628.304C114.707 627.736 114.463 626.94 114.463 625.916C114.463 625.404 114.527 624.948 114.655 624.548C114.783 624.14 114.963 623.8 115.195 623.528C115.435 623.248 115.723 623.036 116.059 622.892C116.395 622.74 116.767 622.664 117.175 622.664C117.591 622.664 117.963 622.74 118.291 622.892C118.619 623.036 118.895 623.244 119.119 623.516C119.351 623.788 119.527 624.112 119.647 624.488C119.767 624.864 119.827 625.28 119.827 625.736V626.036H115.183V626.336C115.183 627 115.363 627.536 115.723 627.944C116.083 628.344 116.587 628.544 117.235 628.544C117.691 628.544 118.079 628.44 118.399 628.232C118.727 628.024 118.979 627.716 119.155 627.308L119.671 627.632C119.487 628.088 119.187 628.456 118.771 628.736C118.355 629.008 117.843 629.144 117.235 629.144ZM117.175 623.24C116.871 623.24 116.595 623.296 116.347 623.408C116.107 623.512 115.899 623.66 115.723 623.852C115.555 624.044 115.423 624.276 115.327 624.548C115.231 624.82 115.183 625.12 115.183 625.448V625.52H119.095V625.424C119.095 624.752 118.923 624.22 118.579 623.828C118.243 623.436 117.775 623.24 117.175 623.24ZM123.986 623.396H121.622V622.808H127.034V623.396H124.67V629H123.986V623.396ZM136.793 622.808H141.161V623.396H137.477V629H136.793V622.808ZM143.604 622.808H144.288V623.792H144.324C144.5 623.456 144.744 623.184 145.056 622.976C145.376 622.768 145.772 622.664 146.244 622.664C147.02 622.664 147.624 622.944 148.056 623.504C148.488 624.056 148.704 624.856 148.704 625.904C148.704 626.952 148.488 627.756 148.056 628.316C147.624 628.868 147.02 629.144 146.244 629.144C145.772 629.144 145.376 629.04 145.056 628.832C144.744 628.624 144.5 628.352 144.324 628.016H144.288V631.4H143.604V622.808ZM146.016 628.532C146.64 628.532 147.12 628.336 147.456 627.944C147.8 627.552 147.972 627.016 147.972 626.336V625.472C147.972 624.792 147.8 624.256 147.456 623.864C147.12 623.472 146.64 623.276 146.016 623.276C145.784 623.276 145.564 623.308 145.356 623.372C145.148 623.436 144.964 623.528 144.804 623.648C144.644 623.768 144.516 623.916 144.42 624.092C144.332 624.268 144.288 624.464 144.288 624.68V627.128C144.288 627.344 144.332 627.54 144.42 627.716C144.516 627.892 144.644 628.04 144.804 628.16C144.964 628.28 145.148 628.372 145.356 628.436C145.564 628.5 145.784 628.532 146.016 628.532ZM155.264 629C154.984 629 154.784 628.932 154.664 628.796C154.544 628.66 154.476 628.476 154.46 628.244V628.028H154.4C154.264 628.356 154.04 628.624 153.728 628.832C153.416 629.04 152.992 629.144 152.456 629.144C151.808 629.144 151.296 628.988 150.92 628.676C150.552 628.356 150.368 627.908 150.368 627.332C150.368 627.06 150.412 626.816 150.5 626.6C150.596 626.376 150.744 626.188 150.944 626.036C151.152 625.884 151.416 625.768 151.736 625.688C152.056 625.6 152.448 625.556 152.912 625.556H154.424V624.8C154.424 624.28 154.28 623.892 153.992 623.636C153.712 623.38 153.32 623.252 152.816 623.252C151.968 623.252 151.376 623.592 151.04 624.272L150.572 623.936C150.732 623.576 151 623.276 151.376 623.036C151.76 622.788 152.252 622.664 152.852 622.664C153.556 622.664 154.108 622.848 154.508 623.216C154.908 623.576 155.108 624.08 155.108 624.728V628.4H156.032V629H155.264ZM152.564 628.568C152.828 628.568 153.072 628.536 153.296 628.472C153.52 628.408 153.716 628.32 153.884 628.208C154.052 628.088 154.184 627.944 154.28 627.776C154.376 627.608 154.424 627.42 154.424 627.212V626.072H152.912C152.264 626.072 151.796 626.172 151.508 626.372C151.228 626.564 151.088 626.828 151.088 627.164V627.476C151.088 627.836 151.22 628.108 151.484 628.292C151.756 628.476 152.116 628.568 152.564 628.568ZM157.959 622.808H158.643V625.496H161.979V622.808H162.663V629H161.979V626.084H158.643V629H157.959V622.808ZM165.154 622.808H165.838V626.66L165.754 628.004H165.79L166.498 626.912L169.21 622.808H169.858V629H169.174V625.148L169.258 623.804H169.222L168.514 624.896L165.802 629H165.154V622.808ZM177.258 629H172.23V622.808H172.914V628.412H176.142V622.808H176.826V628.412H177.894V630.68H177.258V629ZM184.033 622.808H184.717L181.489 630.68C181.385 630.928 181.253 631.108 181.093 631.22C180.941 631.34 180.701 631.4 180.373 631.4H179.341V630.812H180.745L181.561 628.832L179.077 622.808H179.785L181.885 628.004H181.933L184.033 622.808ZM193.972 622.808H198.604V629H197.92V623.396H194.656V629H193.972V622.808ZM201.167 622.808H201.851V623.792H201.887C202.063 623.456 202.307 623.184 202.619 622.976C202.939 622.768 203.335 622.664 203.807 622.664C204.583 622.664 205.187 622.944 205.619 623.504C206.051 624.056 206.267 624.856 206.267 625.904C206.267 626.952 206.051 627.756 205.619 628.316C205.187 628.868 204.583 629.144 203.807 629.144C203.335 629.144 202.939 629.04 202.619 628.832C202.307 628.624 202.063 628.352 201.887 628.016H201.851V631.4H201.167V622.808ZM203.579 628.532C204.203 628.532 204.683 628.336 205.019 627.944C205.363 627.552 205.535 627.016 205.535 626.336V625.472C205.535 624.792 205.363 624.256 205.019 623.864C204.683 623.472 204.203 623.276 203.579 623.276C203.347 623.276 203.127 623.308 202.919 623.372C202.711 623.436 202.527 623.528 202.367 623.648C202.207 623.768 202.079 623.916 201.983 624.092C201.895 624.268 201.851 624.464 201.851 624.68V627.128C201.851 627.344 201.895 627.54 201.983 627.716C202.079 627.892 202.207 628.04 202.367 628.16C202.527 628.28 202.711 628.372 202.919 628.436C203.127 628.5 203.347 628.532 203.579 628.532ZM210.774 629.144C209.91 629.144 209.23 628.864 208.734 628.304C208.246 627.736 208.002 626.94 208.002 625.916C208.002 625.404 208.066 624.948 208.194 624.548C208.322 624.14 208.502 623.8 208.734 623.528C208.974 623.248 209.262 623.036 209.598 622.892C209.934 622.74 210.306 622.664 210.714 622.664C211.13 622.664 211.502 622.74 211.83 622.892C212.158 623.036 212.434 623.244 212.658 623.516C212.89 623.788 213.066 624.112 213.186 624.488C213.306 624.864 213.366 625.28 213.366 625.736V626.036H208.722V626.336C208.722 627 208.902 627.536 209.262 627.944C209.622 628.344 210.126 628.544 210.774 628.544C211.23 628.544 211.618 628.44 211.938 628.232C212.266 628.024 212.518 627.716 212.694 627.308L213.21 627.632C213.026 628.088 212.726 628.456 212.31 628.736C211.894 629.008 211.382 629.144 210.774 629.144ZM210.714 623.24C210.41 623.24 210.134 623.296 209.886 623.408C209.646 623.512 209.438 623.66 209.262 623.852C209.094 624.044 208.962 624.276 208.866 624.548C208.77 624.82 208.722 625.12 208.722 625.448V625.52H212.634V625.424C212.634 624.752 212.462 624.22 212.118 623.828C211.782 623.436 211.314 623.24 210.714 623.24ZM214.585 628.412H215.269C215.525 628.06 215.741 627.592 215.917 627.008C216.093 626.424 216.181 625.676 216.181 624.764V622.808H219.961V628.412H221.029V630.68H220.393V629H215.221V630.68H214.585V628.412ZM219.277 628.412V623.396H216.853V624.788C216.853 625.244 216.833 625.656 216.793 626.024C216.753 626.384 216.697 626.712 216.625 627.008C216.553 627.304 216.469 627.568 216.373 627.8C216.277 628.024 216.169 628.228 216.049 628.412H219.277ZM222.213 622.808H222.897V625.208H224.229C224.829 625.208 225.301 625.372 225.645 625.7C225.989 626.02 226.161 626.488 226.161 627.104C226.161 627.72 225.989 628.192 225.645 628.52C225.301 628.84 224.829 629 224.229 629H222.213V622.808ZM224.145 628.412C224.553 628.412 224.869 628.32 225.093 628.136C225.317 627.952 225.429 627.68 225.429 627.32V626.888C225.429 626.528 225.317 626.256 225.093 626.072C224.869 625.888 224.553 625.796 224.145 625.796H222.897V628.412H224.145ZM227.253 622.808H227.937V629H227.253V622.808ZM228.976 628.412H229.66C229.916 628.06 230.132 627.592 230.308 627.008C230.484 626.424 230.572 625.676 230.572 624.764V622.808H234.352V628.412H235.42V630.68H234.784V629H229.612V630.68H228.976V628.412ZM233.668 628.412V623.396H231.244V624.788C231.244 625.244 231.224 625.656 231.184 626.024C231.144 626.384 231.088 626.712 231.016 627.008C230.944 627.304 230.86 627.568 230.764 627.8C230.668 628.024 230.56 628.228 230.44 628.412H233.668ZM241.595 622.808H242.279L239.051 630.68C238.947 630.928 238.815 631.108 238.655 631.22C238.503 631.34 238.263 631.4 237.935 631.4H236.903V630.812H238.307L239.123 628.832L236.639 622.808H237.347L239.447 628.004H239.495L241.595 622.808ZM249.655 629H243.799V622.808H244.435V628.424H246.343V622.808H246.979V628.424H248.887V622.808H249.523V628.412H250.267V630.68H249.655V629ZM253.946 629.144C253.082 629.144 252.402 628.864 251.906 628.304C251.418 627.736 251.174 626.94 251.174 625.916C251.174 625.404 251.238 624.948 251.366 624.548C251.494 624.14 251.674 623.8 251.906 623.528C252.146 623.248 252.434 623.036 252.77 622.892C253.106 622.74 253.478 622.664 253.886 622.664C254.302 622.664 254.674 622.74 255.002 622.892C255.33 623.036 255.606 623.244 255.83 623.516C256.062 623.788 256.238 624.112 256.358 624.488C256.478 624.864 256.538 625.28 256.538 625.736V626.036H251.894V626.336C251.894 627 252.074 627.536 252.434 627.944C252.794 628.344 253.298 628.544 253.946 628.544C254.402 628.544 254.79 628.44 255.11 628.232C255.438 628.024 255.69 627.716 255.866 627.308L256.382 627.632C256.198 628.088 255.898 628.456 255.482 628.736C255.066 629.008 254.554 629.144 253.946 629.144ZM253.886 623.24C253.582 623.24 253.306 623.296 253.058 623.408C252.818 623.512 252.61 623.66 252.434 623.852C252.266 624.044 252.134 624.276 252.038 624.548C251.942 624.82 251.894 625.12 251.894 625.448V625.52H255.806V625.424C255.806 624.752 255.634 624.22 255.29 623.828C254.954 623.436 254.486 623.24 253.886 623.24ZM258.693 622.808H259.377V626.66L259.293 628.004H259.329L260.037 626.912L262.749 622.808H263.397V629H262.713V625.148L262.797 623.804H262.761L262.053 624.896L259.341 629H258.693V622.808ZM261.033 621.812C260.657 621.812 260.349 621.728 260.109 621.56C259.877 621.384 259.669 621.112 259.485 620.744L259.137 620.06L259.749 619.856L260.265 621.044C260.361 621.132 260.477 621.196 260.613 621.236C260.757 621.268 260.897 621.284 261.033 621.284C261.169 621.284 261.305 621.268 261.441 621.236C261.585 621.196 261.705 621.132 261.801 621.044L262.317 619.856L262.929 620.06L262.581 620.744C262.397 621.112 262.185 621.384 261.945 621.56C261.713 621.728 261.409 621.812 261.033 621.812ZM275.676 629.144C274.812 629.144 274.144 628.86 273.672 628.292C273.2 627.724 272.964 626.928 272.964 625.904C272.964 624.88 273.2 624.084 273.672 623.516C274.152 622.948 274.816 622.664 275.664 622.664C276.24 622.664 276.712 622.796 277.08 623.06C277.448 623.316 277.712 623.648 277.872 624.056L277.32 624.332C277.192 623.988 276.988 623.724 276.708 623.54C276.428 623.356 276.08 623.264 275.664 623.264C275.032 623.264 274.544 623.468 274.2 623.876C273.864 624.276 273.696 624.808 273.696 625.472V626.336C273.696 627 273.864 627.536 274.2 627.944C274.544 628.344 275.036 628.544 275.676 628.544C276.116 628.544 276.484 628.444 276.78 628.244C277.076 628.044 277.304 627.764 277.464 627.404L277.968 627.728C277.792 628.136 277.516 628.476 277.14 628.748C276.764 629.012 276.276 629.144 275.676 629.144ZM280.279 622.808H280.963V626.66L280.879 628.004H280.915L281.623 626.912L284.335 622.808H284.983V629H284.299V625.148L284.383 623.804H284.347L283.639 624.896L280.927 629H280.279V622.808ZM287.475 622.808H288.159V625.496H291.495V622.808H292.179V629H291.495V626.084H288.159V629H287.475V622.808ZM294.286 629L296.614 625.868L294.334 622.808H295.162L297.034 625.352H297.07L298.93 622.808H299.71L297.418 625.856L299.77 629H298.942L297.01 626.372H296.974L295.078 629H294.286ZM301.901 622.808H302.585V623.792H302.621C302.797 623.456 303.041 623.184 303.353 622.976C303.673 622.768 304.069 622.664 304.541 622.664C305.317 622.664 305.921 622.944 306.353 623.504C306.785 624.056 307.001 624.856 307.001 625.904C307.001 626.952 306.785 627.756 306.353 628.316C305.921 628.868 305.317 629.144 304.541 629.144C304.069 629.144 303.673 629.04 303.353 628.832C303.041 628.624 302.797 628.352 302.621 628.016H302.585V631.4H301.901V622.808ZM304.313 628.532C304.937 628.532 305.417 628.336 305.753 627.944C306.097 627.552 306.269 627.016 306.269 626.336V625.472C306.269 624.792 306.097 624.256 305.753 623.864C305.417 623.472 304.937 623.276 304.313 623.276C304.081 623.276 303.861 623.308 303.653 623.372C303.445 623.436 303.261 623.528 303.101 623.648C302.941 623.768 302.813 623.916 302.717 624.092C302.629 624.268 302.585 624.464 302.585 624.68V627.128C302.585 627.344 302.629 627.54 302.717 627.716C302.813 627.892 302.941 628.04 303.101 628.16C303.261 628.28 303.445 628.372 303.653 628.436C303.861 628.5 304.081 628.532 304.313 628.532ZM311.413 629.144C310.565 629.144 309.901 628.86 309.421 628.292C308.949 627.724 308.713 626.928 308.713 625.904C308.713 624.88 308.949 624.084 309.421 623.516C309.901 622.948 310.565 622.664 311.413 622.664C312.261 622.664 312.921 622.948 313.393 623.516C313.873 624.084 314.113 624.88 314.113 625.904C314.113 626.928 313.873 627.724 313.393 628.292C312.921 628.86 312.261 629.144 311.413 629.144ZM311.413 628.544C312.021 628.544 312.501 628.352 312.853 627.968C313.205 627.584 313.381 627.024 313.381 626.288V625.52C313.381 624.784 313.205 624.224 312.853 623.84C312.501 623.456 312.021 623.264 311.413 623.264C310.805 623.264 310.325 623.456 309.973 623.84C309.621 624.224 309.445 624.784 309.445 625.52V626.288C309.445 627.024 309.621 627.584 309.973 627.968C310.325 628.352 310.805 628.544 311.413 628.544ZM316.256 622.808H316.94V625.496H320.276V622.808H320.96V629H320.276V626.084H316.94V629H316.256V622.808ZM323.451 622.808H324.135V626.66L324.051 628.004H324.087L324.795 626.912L327.507 622.808H328.155V629H327.471V625.148L327.555 623.804H327.519L326.811 624.896L324.099 629H323.451V622.808ZM332.854 629.144C331.694 629.144 330.85 628.764 330.322 628.004L330.826 627.596C331.25 628.228 331.93 628.544 332.866 628.544C333.442 628.544 333.882 628.44 334.186 628.232C334.49 628.024 334.642 627.748 334.642 627.404V627.212C334.642 626.852 334.51 626.576 334.246 626.384C333.982 626.184 333.61 626.084 333.13 626.084H331.558V625.496H333.046C333.502 625.496 333.858 625.404 334.114 625.22C334.37 625.036 334.498 624.784 334.498 624.464V624.284C334.498 623.98 334.366 623.736 334.102 623.552C333.838 623.36 333.43 623.264 332.878 623.264C332.39 623.264 331.994 623.344 331.69 623.504C331.386 623.656 331.146 623.868 330.97 624.14L330.478 623.804C330.718 623.436 331.038 623.156 331.438 622.964C331.838 622.764 332.338 622.664 332.938 622.664C333.682 622.664 334.25 622.812 334.642 623.108C335.034 623.396 335.23 623.796 335.23 624.308C335.23 624.716 335.114 625.036 334.882 625.268C334.658 625.492 334.35 625.648 333.958 625.736V625.772C334.414 625.836 334.762 626 335.002 626.264C335.25 626.52 335.374 626.86 335.374 627.284C335.374 627.86 335.154 628.316 334.714 628.652C334.274 628.98 333.654 629.144 332.854 629.144ZM342.342 629C342.062 629 341.862 628.932 341.742 628.796C341.622 628.66 341.554 628.476 341.538 628.244V628.028H341.478C341.342 628.356 341.118 628.624 340.806 628.832C340.494 629.04 340.07 629.144 339.534 629.144C338.886 629.144 338.374 628.988 337.998 628.676C337.63 628.356 337.446 627.908 337.446 627.332C337.446 627.06 337.49 626.816 337.578 626.6C337.674 626.376 337.822 626.188 338.022 626.036C338.23 625.884 338.494 625.768 338.814 625.688C339.134 625.6 339.526 625.556 339.99 625.556H341.502V624.8C341.502 624.28 341.358 623.892 341.07 623.636C340.79 623.38 340.398 623.252 339.894 623.252C339.046 623.252 338.454 623.592 338.118 624.272L337.65 623.936C337.81 623.576 338.078 623.276 338.454 623.036C338.838 622.788 339.33 622.664 339.93 622.664C340.634 622.664 341.186 622.848 341.586 623.216C341.986 623.576 342.186 624.08 342.186 624.728V628.4H343.11V629H342.342ZM339.642 628.568C339.906 628.568 340.15 628.536 340.374 628.472C340.598 628.408 340.794 628.32 340.962 628.208C341.13 628.088 341.262 627.944 341.358 627.776C341.454 627.608 341.502 627.42 341.502 627.212V626.072H339.99C339.342 626.072 338.874 626.172 338.586 626.372C338.306 626.564 338.166 626.828 338.166 627.164V627.476C338.166 627.836 338.298 628.108 338.562 628.292C338.834 628.476 339.194 628.568 339.642 628.568ZM349.945 629H344.917V622.808H345.601V628.412H348.829V622.808H349.513V628.412H350.581V630.68H349.945V629ZM352.232 622.808H352.916V626.66L352.832 628.004H352.868L353.576 626.912L356.288 622.808H356.936V629H356.252V625.148L356.336 623.804H356.3L355.592 624.896L352.88 629H352.232V622.808ZM359.428 622.808H360.112V626.66L360.028 628.004H360.064L360.772 626.912L363.484 622.808H364.132V629H363.448V625.148L363.532 623.804H363.496L362.788 624.896L360.076 629H359.428V622.808ZM368.975 629.084C368.719 629.084 368.539 629.032 368.435 628.928C368.331 628.824 368.279 628.688 368.279 628.52V628.352C368.279 628.192 368.331 628.06 368.435 627.956C368.539 627.844 368.719 627.788 368.975 627.788C369.231 627.788 369.411 627.844 369.515 627.956C369.619 628.06 369.671 628.192 369.671 628.352V628.52C369.671 628.688 369.619 628.824 369.515 628.928C369.411 629.032 369.231 629.084 368.975 629.084Z" fill="#707070" fill-opacity="0.5"/>
<rect x="20" y="649" width="12" height="12" rx="6" fill="#707070" fill-opacity="0.3"/>
<path d="M40.84 660V651.36H47.458V660H46.576V652.206H41.722V660H40.84ZM53.2469 660.18C52.6509 660.18 52.1469 660.03 51.7349 659.73C51.3229 659.426 51.0109 659.016 50.7989 658.5C50.5869 657.98 50.4809 657.398 50.4809 656.754C50.4809 656.098 50.5869 655.514 50.7989 655.002C51.0149 654.486 51.3309 654.08 51.7469 653.784C52.1629 653.488 52.6749 653.34 53.2829 653.34C53.8749 653.34 54.3829 653.49 54.8069 653.79C55.2309 654.09 55.5549 654.498 55.7789 655.014C56.0069 655.53 56.1209 656.11 56.1209 656.754C56.1209 657.402 56.0069 657.984 55.7789 658.5C55.5509 659.016 55.2229 659.426 54.7949 659.73C54.3669 660.03 53.8509 660.18 53.2469 660.18ZM50.3309 662.88V653.52H51.1229V658.398H51.2189V662.88H50.3309ZM53.1569 659.358C53.6089 659.358 53.9849 659.244 54.2849 659.016C54.5849 658.788 54.8089 658.478 54.9569 658.086C55.1089 657.69 55.1849 657.246 55.1849 656.754C55.1849 656.266 55.1109 655.826 54.9629 655.434C54.8149 655.042 54.5889 654.732 54.2849 654.504C53.9849 654.276 53.6029 654.162 53.1389 654.162C52.6869 654.162 52.3109 654.272 52.0109 654.492C51.7149 654.712 51.4929 655.018 51.3449 655.41C51.1969 655.798 51.1229 656.246 51.1229 656.754C51.1229 657.254 51.1969 657.702 51.3449 658.098C51.4929 658.49 51.7169 658.798 52.0169 659.022C52.3169 659.246 52.6969 659.358 53.1569 659.358ZM61.3444 660.18C60.7004 660.18 60.1504 660.034 59.6944 659.742C59.2384 659.45 58.8884 659.046 58.6444 658.53C58.4004 658.014 58.2784 657.422 58.2784 656.754C58.2784 656.074 58.4024 655.478 58.6504 654.966C58.8984 654.454 59.2504 654.056 59.7064 653.772C60.1664 653.484 60.7124 653.34 61.3444 653.34C61.9924 653.34 62.5444 653.486 63.0004 653.778C63.4604 654.066 63.8104 654.468 64.0504 654.984C64.2944 655.496 64.4164 656.086 64.4164 656.754C64.4164 657.434 64.2944 658.032 64.0504 658.548C63.8064 659.06 63.4544 659.46 62.9944 659.748C62.5344 660.036 61.9844 660.18 61.3444 660.18ZM61.3444 659.334C62.0644 659.334 62.6004 659.096 62.9524 658.62C63.3044 658.14 63.4804 657.518 63.4804 656.754C63.4804 655.97 63.3024 655.346 62.9464 654.882C62.5944 654.418 62.0604 654.186 61.3444 654.186C60.8604 654.186 60.4604 654.296 60.1444 654.516C59.8324 654.732 59.5984 655.034 59.4424 655.422C59.2904 655.806 59.2144 656.25 59.2144 656.754C59.2144 657.534 59.3944 658.16 59.7544 658.632C60.1144 659.1 60.6444 659.334 61.3444 659.334ZM66.934 660V653.52H69.604C69.74 653.52 69.904 653.528 70.096 653.544C70.292 653.56 70.474 653.59 70.642 653.634C71.006 653.73 71.298 653.926 71.518 654.222C71.742 654.518 71.854 654.874 71.854 655.29C71.854 655.522 71.818 655.73 71.746 655.914C71.678 656.094 71.58 656.25 71.452 656.382C71.392 656.45 71.326 656.51 71.254 656.562C71.182 656.61 71.112 656.65 71.044 656.682C71.172 656.706 71.31 656.762 71.458 656.85C71.69 656.986 71.866 657.17 71.986 657.402C72.106 657.63 72.166 657.908 72.166 658.236C72.166 658.68 72.06 659.042 71.848 659.322C71.636 659.602 71.352 659.794 70.996 659.898C70.836 659.942 70.662 659.97 70.474 659.982C70.29 659.994 70.116 660 69.952 660H66.934ZM67.822 659.25H69.91C69.994 659.25 70.1 659.244 70.228 659.232C70.356 659.216 70.47 659.196 70.57 659.172C70.806 659.112 70.978 658.992 71.086 658.812C71.198 658.628 71.254 658.428 71.254 658.212C71.254 657.928 71.17 657.696 71.002 657.516C70.838 657.332 70.618 657.22 70.342 657.18C70.25 657.16 70.154 657.148 70.054 657.144C69.954 657.14 69.864 657.138 69.784 657.138H67.822V659.25ZM67.822 656.382H69.634C69.738 656.382 69.854 656.376 69.982 656.364C70.114 656.348 70.228 656.322 70.324 656.286C70.532 656.214 70.684 656.09 70.78 655.914C70.88 655.738 70.93 655.546 70.93 655.338C70.93 655.11 70.876 654.91 70.768 654.738C70.664 654.566 70.506 654.446 70.294 654.378C70.15 654.326 69.994 654.296 69.826 654.288C69.662 654.28 69.558 654.276 69.514 654.276H67.822V656.382ZM77.3039 660.18C76.6719 660.18 76.1239 660.04 75.6599 659.76C75.1999 659.48 74.8419 659.086 74.5859 658.578C74.3299 658.07 74.2019 657.474 74.2019 656.79C74.2019 656.082 74.3279 655.47 74.5799 654.954C74.8319 654.438 75.1859 654.04 75.6419 653.76C76.1019 653.48 76.6439 653.34 77.2679 653.34C77.9079 653.34 78.4539 653.488 78.9059 653.784C79.3579 654.076 79.6999 654.496 79.9319 655.044C80.1639 655.592 80.2699 656.246 80.2499 657.006H79.3499V656.694C79.3339 655.854 79.1519 655.22 78.8039 654.792C78.4599 654.364 77.9559 654.15 77.2919 654.15C76.5959 654.15 76.0619 654.376 75.6899 654.828C75.3219 655.28 75.1379 655.924 75.1379 656.76C75.1379 657.576 75.3219 658.21 75.6899 658.662C76.0619 659.11 76.5879 659.334 77.2679 659.334C77.7319 659.334 78.1359 659.228 78.4799 659.016C78.8279 658.8 79.1019 658.49 79.3019 658.086L80.1239 658.404C79.8679 658.968 79.4899 659.406 78.9899 659.718C78.4939 660.026 77.9319 660.18 77.3039 660.18ZM74.8259 657.006V656.268H79.7759V657.006H74.8259ZM85.6914 660.18C85.0954 660.18 84.5914 660.03 84.1794 659.73C83.7674 659.426 83.4554 659.016 83.2434 658.5C83.0314 657.98 82.9254 657.398 82.9254 656.754C82.9254 656.098 83.0314 655.514 83.2434 655.002C83.4594 654.486 83.7754 654.08 84.1914 653.784C84.6074 653.488 85.1194 653.34 85.7274 653.34C86.3194 653.34 86.8274 653.49 87.2514 653.79C87.6754 654.09 87.9994 654.498 88.2234 655.014C88.4514 655.53 88.5654 656.11 88.5654 656.754C88.5654 657.402 88.4514 657.984 88.2234 658.5C87.9954 659.016 87.6674 659.426 87.2394 659.73C86.8114 660.03 86.2954 660.18 85.6914 660.18ZM82.7754 662.88V653.52H83.5674V658.398H83.6634V662.88H82.7754ZM85.6014 659.358C86.0534 659.358 86.4294 659.244 86.7294 659.016C87.0294 658.788 87.2534 658.478 87.4014 658.086C87.5534 657.69 87.6294 657.246 87.6294 656.754C87.6294 656.266 87.5554 655.826 87.4074 655.434C87.2594 655.042 87.0334 654.732 86.7294 654.504C86.4294 654.276 86.0474 654.162 85.5834 654.162C85.1314 654.162 84.7554 654.272 84.4554 654.492C84.1594 654.712 83.9374 655.018 83.7894 655.41C83.6414 655.798 83.5674 656.246 83.5674 656.754C83.5674 657.254 83.6414 657.702 83.7894 658.098C83.9374 658.49 84.1614 658.798 84.4614 659.022C84.7614 659.246 85.1414 659.358 85.6014 659.358ZM96.231 653.52V660H95.373V654.954L91.821 660H91.077V653.52H91.935V658.524L95.493 653.52H96.231ZM100.873 660V654.336H98.575V653.52H104.053V654.336H101.755V660H100.873ZM106.403 660L106.391 653.52H107.279V655.962H108.797C108.985 655.962 109.169 655.966 109.349 655.974C109.533 655.982 109.695 655.998 109.835 656.022C110.155 656.082 110.439 656.188 110.687 656.34C110.939 656.492 111.135 656.702 111.275 656.97C111.419 657.238 111.491 657.574 111.491 657.978C111.491 658.534 111.347 658.972 111.059 659.292C110.775 659.612 110.415 659.82 109.979 659.916C109.815 659.952 109.637 659.976 109.445 659.988C109.253 659.996 109.063 660 108.875 660H106.403ZM107.279 659.244H108.839C108.975 659.244 109.127 659.24 109.295 659.232C109.463 659.224 109.611 659.202 109.739 659.166C109.951 659.106 110.143 658.986 110.315 658.806C110.491 658.622 110.579 658.346 110.579 657.978C110.579 657.614 110.495 657.34 110.327 657.156C110.159 656.968 109.935 656.844 109.655 656.784C109.531 656.756 109.397 656.738 109.253 656.73C109.109 656.722 108.971 656.718 108.839 656.718H107.279V659.244ZM117.604 660V653.52H120.274C120.41 653.52 120.574 653.528 120.766 653.544C120.962 653.56 121.144 653.59 121.312 653.634C121.676 653.73 121.968 653.926 122.188 654.222C122.412 654.518 122.524 654.874 122.524 655.29C122.524 655.522 122.488 655.73 122.416 655.914C122.348 656.094 122.25 656.25 122.122 656.382C122.062 656.45 121.996 656.51 121.924 656.562C121.852 656.61 121.782 656.65 121.714 656.682C121.842 656.706 121.98 656.762 122.128 656.85C122.36 656.986 122.536 657.17 122.656 657.402C122.776 657.63 122.836 657.908 122.836 658.236C122.836 658.68 122.73 659.042 122.518 659.322C122.306 659.602 122.022 659.794 121.666 659.898C121.506 659.942 121.332 659.97 121.144 659.982C120.96 659.994 120.786 660 120.622 660H117.604ZM118.492 659.25H120.58C120.664 659.25 120.77 659.244 120.898 659.232C121.026 659.216 121.14 659.196 121.24 659.172C121.476 659.112 121.648 658.992 121.756 658.812C121.868 658.628 121.924 658.428 121.924 658.212C121.924 657.928 121.84 657.696 121.672 657.516C121.508 657.332 121.288 657.22 121.012 657.18C120.92 657.16 120.824 657.148 120.724 657.144C120.624 657.14 120.534 657.138 120.454 657.138H118.492V659.25ZM118.492 656.382H120.304C120.408 656.382 120.524 656.376 120.652 656.364C120.784 656.348 120.898 656.322 120.994 656.286C121.202 656.214 121.354 656.09 121.45 655.914C121.55 655.738 121.6 655.546 121.6 655.338C121.6 655.11 121.546 654.91 121.438 654.738C121.334 654.566 121.176 654.446 120.964 654.378C120.82 654.326 120.664 654.296 120.496 654.288C120.332 654.28 120.228 654.276 120.184 654.276H118.492V656.382ZM127.919 660.18C127.267 660.18 126.715 660.034 126.263 659.742C125.811 659.45 125.467 659.048 125.231 658.536C124.999 658.02 124.879 657.428 124.871 656.76C124.879 656.08 125.003 655.484 125.243 654.972C125.483 654.456 125.829 654.056 126.281 653.772C126.733 653.484 127.281 653.34 127.925 653.34C128.581 653.34 129.151 653.5 129.635 653.82C130.123 654.14 130.457 654.578 130.637 655.134L129.773 655.41C129.621 655.022 129.379 654.722 129.047 654.51C128.719 654.294 128.343 654.186 127.919 654.186C127.443 654.186 127.049 654.296 126.737 654.516C126.425 654.732 126.193 655.034 126.041 655.422C125.889 655.81 125.811 656.256 125.807 656.76C125.815 657.536 125.995 658.16 126.347 658.632C126.699 659.1 127.223 659.334 127.919 659.334C128.359 659.334 128.733 659.234 129.041 659.034C129.353 658.83 129.589 658.534 129.749 658.146L130.637 658.41C130.397 658.986 130.045 659.426 129.581 659.73C129.117 660.03 128.563 660.18 127.919 660.18ZM135.818 660.18C135.186 660.18 134.638 660.04 134.174 659.76C133.714 659.48 133.356 659.086 133.1 658.578C132.844 658.07 132.716 657.474 132.716 656.79C132.716 656.082 132.842 655.47 133.094 654.954C133.346 654.438 133.7 654.04 134.156 653.76C134.616 653.48 135.158 653.34 135.782 653.34C136.422 653.34 136.968 653.488 137.42 653.784C137.872 654.076 138.214 654.496 138.446 655.044C138.678 655.592 138.784 656.246 138.764 657.006H137.864V656.694C137.848 655.854 137.666 655.22 137.318 654.792C136.974 654.364 136.47 654.15 135.806 654.15C135.11 654.15 134.576 654.376 134.204 654.828C133.836 655.28 133.652 655.924 133.652 656.76C133.652 657.576 133.836 658.21 134.204 658.662C134.576 659.11 135.102 659.334 135.782 659.334C136.246 659.334 136.65 659.228 136.994 659.016C137.342 658.8 137.616 658.49 137.816 658.086L138.638 658.404C138.382 658.968 138.004 659.406 137.504 659.718C137.008 660.026 136.446 660.18 135.818 660.18ZM133.34 657.006V656.268H138.29V657.006H133.34ZM147.586 660.18C146.934 660.18 146.382 660.034 145.93 659.742C145.478 659.45 145.134 659.048 144.898 658.536C144.666 658.02 144.546 657.428 144.538 656.76C144.546 656.08 144.67 655.484 144.91 654.972C145.15 654.456 145.496 654.056 145.948 653.772C146.4 653.484 146.948 653.34 147.592 653.34C148.248 653.34 148.818 653.5 149.302 653.82C149.79 654.14 150.124 654.578 150.304 655.134L149.44 655.41C149.288 655.022 149.046 654.722 148.714 654.51C148.386 654.294 148.01 654.186 147.586 654.186C147.11 654.186 146.716 654.296 146.404 654.516C146.092 654.732 145.86 655.034 145.708 655.422C145.556 655.81 145.478 656.256 145.474 656.76C145.482 657.536 145.662 658.16 146.014 658.632C146.366 659.1 146.89 659.334 147.586 659.334C148.026 659.334 148.4 659.234 148.708 659.034C149.02 658.83 149.256 658.534 149.416 658.146L150.304 658.41C150.064 658.986 149.712 659.426 149.248 659.73C148.784 660.03 148.23 660.18 147.586 660.18ZM155.273 660.18C154.629 660.18 154.079 660.034 153.623 659.742C153.167 659.45 152.817 659.046 152.573 658.53C152.329 658.014 152.207 657.422 152.207 656.754C152.207 656.074 152.331 655.478 152.579 654.966C152.827 654.454 153.179 654.056 153.635 653.772C154.095 653.484 154.641 653.34 155.273 653.34C155.921 653.34 156.473 653.486 156.929 653.778C157.389 654.066 157.739 654.468 157.979 654.984C158.223 655.496 158.345 656.086 158.345 656.754C158.345 657.434 158.223 658.032 157.979 658.548C157.735 659.06 157.383 659.46 156.923 659.748C156.463 660.036 155.913 660.18 155.273 660.18ZM155.273 659.334C155.993 659.334 156.529 659.096 156.881 658.62C157.233 658.14 157.409 657.518 157.409 656.754C157.409 655.97 157.231 655.346 156.875 654.882C156.523 654.418 155.989 654.186 155.273 654.186C154.789 654.186 154.389 654.296 154.073 654.516C153.761 654.732 153.527 655.034 153.371 655.422C153.219 655.806 153.143 656.25 153.143 656.754C153.143 657.534 153.323 658.16 153.683 658.632C154.043 659.1 154.573 659.334 155.273 659.334ZM160.031 660L162.563 656.724L160.085 653.52H161.141L163.079 656.046L164.999 653.52H166.055L163.577 656.724L166.115 660H165.053L163.079 657.402L161.093 660H160.031ZM171.189 660.18C170.593 660.18 170.089 660.03 169.677 659.73C169.265 659.426 168.953 659.016 168.741 658.5C168.529 657.98 168.423 657.398 168.423 656.754C168.423 656.098 168.529 655.514 168.741 655.002C168.957 654.486 169.273 654.08 169.689 653.784C170.105 653.488 170.617 653.34 171.225 653.34C171.817 653.34 172.325 653.49 172.749 653.79C173.173 654.09 173.497 654.498 173.721 655.014C173.949 655.53 174.063 656.11 174.063 656.754C174.063 657.402 173.949 657.984 173.721 658.5C173.493 659.016 173.165 659.426 172.737 659.73C172.309 660.03 171.793 660.18 171.189 660.18ZM168.273 662.88V653.52H169.065V658.398H169.161V662.88H168.273ZM171.099 659.358C171.551 659.358 171.927 659.244 172.227 659.016C172.527 658.788 172.751 658.478 172.899 658.086C173.051 657.69 173.127 657.246 173.127 656.754C173.127 656.266 173.053 655.826 172.905 655.434C172.757 655.042 172.531 654.732 172.227 654.504C171.927 654.276 171.545 654.162 171.081 654.162C170.629 654.162 170.253 654.272 169.953 654.492C169.657 654.712 169.435 655.018 169.287 655.41C169.139 655.798 169.065 656.246 169.065 656.754C169.065 657.254 169.139 657.702 169.287 658.098C169.435 658.49 169.659 658.798 169.959 659.022C170.259 659.246 170.639 659.358 171.099 659.358ZM178.435 660.18C177.947 660.18 177.537 660.092 177.205 659.916C176.877 659.74 176.631 659.506 176.467 659.214C176.303 658.922 176.221 658.604 176.221 658.26C176.221 657.908 176.291 657.608 176.431 657.36C176.575 657.108 176.769 656.902 177.013 656.742C177.261 656.582 177.547 656.46 177.871 656.376C178.199 656.296 178.561 656.226 178.957 656.166C179.357 656.102 179.747 656.048 180.127 656.004C180.511 655.956 180.847 655.91 181.135 655.866L180.823 656.058C180.835 655.418 180.711 654.944 180.451 654.636C180.191 654.328 179.739 654.174 179.095 654.174C178.651 654.174 178.275 654.274 177.967 654.474C177.663 654.674 177.449 654.99 177.325 655.422L176.467 655.17C176.615 654.59 176.913 654.14 177.361 653.82C177.809 653.5 178.391 653.34 179.107 653.34C179.699 653.34 180.201 653.452 180.613 653.676C181.029 653.896 181.323 654.216 181.495 654.636C181.575 654.824 181.627 655.034 181.651 655.266C181.675 655.498 181.687 655.734 181.687 655.974V660H180.901V658.374L181.129 658.47C180.909 659.026 180.567 659.45 180.103 659.742C179.639 660.034 179.083 660.18 178.435 660.18ZM178.537 659.418C178.949 659.418 179.309 659.344 179.617 659.196C179.925 659.048 180.173 658.846 180.361 658.59C180.549 658.33 180.671 658.038 180.727 657.714C180.775 657.506 180.801 657.278 180.805 657.03C180.809 656.778 180.811 656.59 180.811 656.466L181.147 656.64C180.847 656.68 180.521 656.72 180.169 656.76C179.821 656.8 179.477 656.846 179.137 656.898C178.801 656.95 178.497 657.012 178.225 657.084C178.041 657.136 177.863 657.21 177.691 657.306C177.519 657.398 177.377 657.522 177.265 657.678C177.157 657.834 177.103 658.028 177.103 658.26C177.103 658.448 177.149 658.63 177.241 658.806C177.337 658.982 177.489 659.128 177.697 659.244C177.909 659.36 178.189 659.418 178.537 659.418ZM184.443 660V653.52H185.325V656.334H188.979V653.52H189.861V660H188.979V657.18H185.325V660H184.443ZM196.11 652.254V651.294H197.07V652.254H196.11ZM193.824 652.254V651.294H194.784V652.254H193.824ZM195.48 660.18C194.848 660.18 194.3 660.04 193.836 659.76C193.376 659.48 193.018 659.086 192.762 658.578C192.506 658.07 192.378 657.474 192.378 656.79C192.378 656.082 192.504 655.47 192.756 654.954C193.008 654.438 193.362 654.04 193.818 653.76C194.278 653.48 194.82 653.34 195.444 653.34C196.084 653.34 196.63 653.488 197.082 653.784C197.534 654.076 197.876 654.496 198.108 655.044C198.34 655.592 198.446 656.246 198.426 657.006H197.526V656.694C197.51 655.854 197.328 655.22 196.98 654.792C196.636 654.364 196.132 654.15 195.468 654.15C194.772 654.15 194.238 654.376 193.866 654.828C193.498 655.28 193.314 655.924 193.314 656.76C193.314 657.576 193.498 658.21 193.866 658.662C194.238 659.11 194.764 659.334 195.444 659.334C195.908 659.334 196.312 659.228 196.656 659.016C197.004 658.8 197.278 658.49 197.478 658.086L198.3 658.404C198.044 658.968 197.666 659.406 197.166 659.718C196.67 660.026 196.108 660.18 195.48 660.18ZM193.002 657.006V656.268H197.952V657.006H193.002ZM200.952 660V653.52H201.834V656.334H205.488V653.52H206.37V660H205.488V657.18H201.834V660H200.952ZM209.242 660V653.52H210.124V656.334H213.778V653.52H214.66V660H213.778V657.18H210.124V660H209.242ZM217.544 660L217.532 653.52H218.42V655.962H219.548C219.736 655.962 219.92 655.966 220.1 655.974C220.28 655.982 220.442 655.998 220.586 656.022C220.906 656.086 221.19 656.194 221.438 656.346C221.686 656.498 221.882 656.708 222.026 656.976C222.17 657.24 222.242 657.574 222.242 657.978C222.242 658.534 222.098 658.972 221.81 659.292C221.522 659.612 221.16 659.82 220.724 659.916C220.56 659.952 220.382 659.976 220.19 659.988C219.998 659.996 219.81 660 219.626 660H217.544ZM218.42 659.244H219.59C219.722 659.244 219.872 659.24 220.04 659.232C220.208 659.224 220.356 659.202 220.484 659.166C220.7 659.106 220.894 658.986 221.066 658.806C221.242 658.622 221.33 658.346 221.33 657.978C221.33 657.614 221.246 657.34 221.078 657.156C220.91 656.968 220.686 656.844 220.406 656.784C220.278 656.756 220.142 656.738 219.998 656.73C219.858 656.722 219.722 656.718 219.59 656.718H218.42V659.244ZM223.016 660V653.52H223.898V660H223.016ZM229.519 660.18C228.887 660.18 228.339 660.04 227.875 659.76C227.415 659.48 227.057 659.086 226.801 658.578C226.545 658.07 226.417 657.474 226.417 656.79C226.417 656.082 226.543 655.47 226.795 654.954C227.047 654.438 227.401 654.04 227.857 653.76C228.317 653.48 228.859 653.34 229.483 653.34C230.123 653.34 230.669 653.488 231.121 653.784C231.573 654.076 231.915 654.496 232.147 655.044C232.379 655.592 232.485 656.246 232.465 657.006H231.565V656.694C231.549 655.854 231.367 655.22 231.019 654.792C230.675 654.364 230.171 654.15 229.507 654.15C228.811 654.15 228.277 654.376 227.905 654.828C227.537 655.28 227.353 655.924 227.353 656.76C227.353 657.576 227.537 658.21 227.905 658.662C228.277 659.11 228.803 659.334 229.483 659.334C229.947 659.334 230.351 659.228 230.695 659.016C231.043 658.8 231.317 658.49 231.517 658.086L232.339 658.404C232.083 658.968 231.705 659.406 231.205 659.718C230.709 660.026 230.147 660.18 229.519 660.18ZM227.041 657.006V656.268H231.991V657.006H227.041Z" fill="#B4B4B4"/>
<path d="M21.092 672.624H26.108V681H25.388V673.248H21.812V681H21.092V672.624ZM30.7953 681.144C29.9473 681.144 29.2833 680.86 28.8033 680.292C28.3313 679.724 28.0953 678.928 28.0953 677.904C28.0953 676.88 28.3313 676.084 28.8033 675.516C29.2833 674.948 29.9473 674.664 30.7953 674.664C31.6433 674.664 32.3033 674.948 32.7753 675.516C33.2553 676.084 33.4953 676.88 33.4953 677.904C33.4953 678.928 33.2553 679.724 32.7753 680.292C32.3033 680.86 31.6433 681.144 30.7953 681.144ZM30.7953 680.544C31.4033 680.544 31.8833 680.352 32.2353 679.968C32.5873 679.584 32.7633 679.024 32.7633 678.288V677.52C32.7633 676.784 32.5873 676.224 32.2353 675.84C31.8833 675.456 31.4033 675.264 30.7953 675.264C30.1873 675.264 29.7073 675.456 29.3553 675.84C29.0033 676.224 28.8273 676.784 28.8273 677.52V678.288C28.8273 679.024 29.0033 679.584 29.3553 679.968C29.7073 680.352 30.1873 680.544 30.7953 680.544ZM34.6906 680.412H35.4226C35.5506 680.268 35.6666 680.092 35.7706 679.884C35.8746 679.668 35.9626 679.412 36.0346 679.116C36.1146 678.812 36.1746 678.456 36.2146 678.048C36.2546 677.64 36.2746 677.168 36.2746 676.632V674.808H40.1626V681H39.4786V675.396H36.9466V676.656C36.9466 677.792 36.8546 678.684 36.6706 679.332C36.4946 679.972 36.2706 680.424 35.9986 680.688C35.8866 680.8 35.7586 680.88 35.6146 680.928C35.4706 680.976 35.3066 681 35.1226 681H34.6906V680.412ZM42.8339 674.808H43.5179V677.496H46.8539V674.808H47.5379V681H46.8539V678.084H43.5179V681H42.8339V674.808ZM49.5253 674.808H50.2093V677.208H51.5413C52.1413 677.208 52.6133 677.372 52.9573 677.7C53.3013 678.02 53.4733 678.488 53.4733 679.104C53.4733 679.72 53.3013 680.192 52.9573 680.52C52.6133 680.84 52.1413 681 51.5413 681H49.5253V674.808ZM51.4573 680.412C51.8653 680.412 52.1813 680.32 52.4053 680.136C52.6293 679.952 52.7413 679.68 52.7413 679.32V678.888C52.7413 678.528 52.6293 678.256 52.4053 678.072C52.1813 677.888 51.8653 677.796 51.4573 677.796H50.2093V680.412H51.4573ZM54.5653 674.808H55.2493V681H54.5653V674.808ZM57.2246 674.808H57.9086V678.66L57.8246 680.004H57.8606L58.5686 678.912L61.2806 674.808H61.9286V681H61.2446V677.148L61.3286 675.804H61.2926L60.5846 676.896L57.8726 681H57.2246V674.808ZM59.5646 673.812C59.1886 673.812 58.8806 673.728 58.6406 673.56C58.4086 673.384 58.2006 673.112 58.0166 672.744L57.6686 672.06L58.2806 671.856L58.7966 673.044C58.8926 673.132 59.0086 673.196 59.1446 673.236C59.2886 673.268 59.4286 673.284 59.5646 673.284C59.7006 673.284 59.8366 673.268 59.9726 673.236C60.1166 673.196 60.2366 673.132 60.3326 673.044L60.8486 671.856L61.4606 672.06L61.1126 672.744C60.9286 673.112 60.7166 673.384 60.4766 673.56C60.2446 673.728 59.9406 673.812 59.5646 673.812ZM76.1152 681C75.8352 681 75.6352 680.932 75.5152 680.796C75.3952 680.66 75.3272 680.476 75.3112 680.244V680.028H75.2512C75.1152 680.356 74.8912 680.624 74.5792 680.832C74.2672 681.04 73.8432 681.144 73.3072 681.144C72.6592 681.144 72.1472 680.988 71.7712 680.676C71.4032 680.356 71.2192 679.908 71.2192 679.332C71.2192 679.06 71.2632 678.816 71.3512 678.6C71.4472 678.376 71.5952 678.188 71.7952 678.036C72.0032 677.884 72.2672 677.768 72.5872 677.688C72.9072 677.6 73.2992 677.556 73.7632 677.556H75.2752V676.8C75.2752 676.28 75.1312 675.892 74.8432 675.636C74.5632 675.38 74.1712 675.252 73.6672 675.252C72.8192 675.252 72.2272 675.592 71.8912 676.272L71.4232 675.936C71.5832 675.576 71.8512 675.276 72.2272 675.036C72.6112 674.788 73.1032 674.664 73.7032 674.664C74.4072 674.664 74.9592 674.848 75.3592 675.216C75.7592 675.576 75.9592 676.08 75.9592 676.728V680.4H76.8832V681H76.1152ZM73.4152 680.568C73.6792 680.568 73.9232 680.536 74.1472 680.472C74.3712 680.408 74.5672 680.32 74.7352 680.208C74.9032 680.088 75.0352 679.944 75.1312 679.776C75.2272 679.608 75.2752 679.42 75.2752 679.212V678.072H73.7632C73.1152 678.072 72.6472 678.172 72.3592 678.372C72.0792 678.564 71.9392 678.828 71.9392 679.164V679.476C71.9392 679.836 72.0712 680.108 72.3352 680.292C72.6072 680.476 72.9672 680.568 73.4152 680.568ZM78.8105 674.808H79.4945V677.496H82.8305V674.808H83.5145V681H82.8305V678.084H79.4945V681H78.8105V674.808ZM90.5058 681C90.2258 681 90.0258 680.932 89.9058 680.796C89.7858 680.66 89.7178 680.476 89.7018 680.244V680.028H89.6418C89.5058 680.356 89.2818 680.624 88.9698 680.832C88.6578 681.04 88.2338 681.144 87.6978 681.144C87.0498 681.144 86.5378 680.988 86.1618 680.676C85.7938 680.356 85.6098 679.908 85.6098 679.332C85.6098 679.06 85.6538 678.816 85.7418 678.6C85.8378 678.376 85.9858 678.188 86.1858 678.036C86.3938 677.884 86.6578 677.768 86.9778 677.688C87.2978 677.6 87.6898 677.556 88.1538 677.556H89.6658V676.8C89.6658 676.28 89.5218 675.892 89.2338 675.636C88.9538 675.38 88.5618 675.252 88.0578 675.252C87.2098 675.252 86.6178 675.592 86.2818 676.272L85.8138 675.936C85.9738 675.576 86.2418 675.276 86.6178 675.036C87.0018 674.788 87.4938 674.664 88.0938 674.664C88.7978 674.664 89.3498 674.848 89.7498 675.216C90.1498 675.576 90.3498 676.08 90.3498 676.728V680.4H91.2738V681H90.5058ZM87.8058 680.568C88.0698 680.568 88.3138 680.536 88.5378 680.472C88.7618 680.408 88.9578 680.32 89.1258 680.208C89.2938 680.088 89.4258 679.944 89.5218 679.776C89.6178 679.608 89.6658 679.42 89.6658 679.212V678.072H88.1538C87.5058 678.072 87.0378 678.172 86.7498 678.372C86.4698 678.564 86.3298 678.828 86.3298 679.164V679.476C86.3298 679.836 86.4618 680.108 86.7258 680.292C86.9978 680.476 87.3578 680.568 87.8058 680.568ZM92.2531 680.412H92.9851C93.1131 680.268 93.2291 680.092 93.3331 679.884C93.4371 679.668 93.5251 679.412 93.5971 679.116C93.6771 678.812 93.7371 678.456 93.7771 678.048C93.8171 677.64 93.8371 677.168 93.8371 676.632V674.808H97.7251V681H97.0411V675.396H94.5091V676.656C94.5091 677.792 94.4171 678.684 94.2331 679.332C94.0571 679.972 93.8331 680.424 93.5611 680.688C93.4491 680.8 93.3211 680.88 93.1771 680.928C93.0331 680.976 92.8691 681 92.6851 681H92.2531V680.412ZM100.396 674.808H101.08V678.66L100.996 680.004H101.032L101.74 678.912L104.452 674.808H105.1V681H104.416V677.148L104.5 675.804H104.464L103.756 676.896L101.044 681H100.396V674.808ZM109.8 681.144C108.64 681.144 107.796 680.764 107.268 680.004L107.772 679.596C108.196 680.228 108.876 680.544 109.812 680.544C110.388 680.544 110.828 680.44 111.132 680.232C111.436 680.024 111.588 679.748 111.588 679.404V679.212C111.588 678.852 111.456 678.576 111.192 678.384C110.928 678.184 110.556 678.084 110.076 678.084H108.504V677.496H109.992C110.448 677.496 110.804 677.404 111.06 677.22C111.316 677.036 111.444 676.784 111.444 676.464V676.284C111.444 675.98 111.312 675.736 111.048 675.552C110.784 675.36 110.376 675.264 109.824 675.264C109.336 675.264 108.94 675.344 108.636 675.504C108.332 675.656 108.092 675.868 107.916 676.14L107.424 675.804C107.664 675.436 107.984 675.156 108.384 674.964C108.784 674.764 109.284 674.664 109.884 674.664C110.628 674.664 111.196 674.812 111.588 675.108C111.98 675.396 112.176 675.796 112.176 676.308C112.176 676.716 112.06 677.036 111.828 677.268C111.604 677.492 111.296 677.648 110.904 677.736V677.772C111.36 677.836 111.708 678 111.948 678.264C112.196 678.52 112.32 678.86 112.32 679.284C112.32 679.86 112.1 680.316 111.66 680.652C111.22 680.98 110.6 681.144 109.8 681.144ZM122.126 674.808H125.09C125.594 674.808 125.99 674.944 126.278 675.216C126.574 675.488 126.722 675.872 126.722 676.368C126.722 676.768 126.618 677.08 126.41 677.304C126.21 677.528 125.926 677.668 125.558 677.724V677.76C126.006 677.808 126.346 677.964 126.578 678.228C126.81 678.484 126.926 678.82 126.926 679.236C126.926 679.756 126.77 680.18 126.458 680.508C126.146 680.836 125.706 681 125.138 681H122.126V674.808ZM124.994 680.448C125.378 680.448 125.674 680.356 125.882 680.172C126.09 679.988 126.194 679.728 126.194 679.392V679.116C126.194 678.78 126.09 678.52 125.882 678.336C125.674 678.152 125.39 678.06 125.03 678.06H122.81V680.448H124.994ZM124.946 677.52C125.274 677.52 125.53 677.436 125.714 677.268C125.898 677.1 125.99 676.868 125.99 676.572V676.308C125.99 676.012 125.898 675.78 125.714 675.612C125.53 675.444 125.274 675.36 124.946 675.36H122.81V677.52H124.946ZM131.77 681.144C130.906 681.144 130.238 680.86 129.766 680.292C129.294 679.724 129.058 678.928 129.058 677.904C129.058 676.88 129.294 676.084 129.766 675.516C130.246 674.948 130.91 674.664 131.758 674.664C132.334 674.664 132.806 674.796 133.174 675.06C133.542 675.316 133.806 675.648 133.966 676.056L133.414 676.332C133.286 675.988 133.082 675.724 132.802 675.54C132.522 675.356 132.174 675.264 131.758 675.264C131.126 675.264 130.638 675.468 130.294 675.876C129.958 676.276 129.79 676.808 129.79 677.472V678.336C129.79 679 129.958 679.536 130.294 679.944C130.638 680.344 131.13 680.544 131.77 680.544C132.21 680.544 132.578 680.444 132.874 680.244C133.17 680.044 133.398 679.764 133.558 679.404L134.062 679.728C133.886 680.136 133.61 680.476 133.234 680.748C132.858 681.012 132.37 681.144 131.77 681.144ZM138.821 681.144C137.957 681.144 137.277 680.864 136.781 680.304C136.293 679.736 136.049 678.94 136.049 677.916C136.049 677.404 136.113 676.948 136.241 676.548C136.369 676.14 136.549 675.8 136.781 675.528C137.021 675.248 137.309 675.036 137.645 674.892C137.981 674.74 138.353 674.664 138.761 674.664C139.177 674.664 139.549 674.74 139.877 674.892C140.205 675.036 140.481 675.244 140.705 675.516C140.937 675.788 141.113 676.112 141.233 676.488C141.353 676.864 141.413 677.28 141.413 677.736V678.036H136.769V678.336C136.769 679 136.949 679.536 137.309 679.944C137.669 680.344 138.173 680.544 138.821 680.544C139.277 680.544 139.665 680.44 139.985 680.232C140.313 680.024 140.565 679.716 140.741 679.308L141.257 679.632C141.073 680.088 140.773 680.456 140.357 680.736C139.941 681.008 139.429 681.144 138.821 681.144ZM138.761 675.24C138.457 675.24 138.181 675.296 137.933 675.408C137.693 675.512 137.485 675.66 137.309 675.852C137.141 676.044 137.009 676.276 136.913 676.548C136.817 676.82 136.769 677.12 136.769 677.448V677.52H140.681V677.424C140.681 676.752 140.509 676.22 140.165 675.828C139.829 675.436 139.361 675.24 138.761 675.24ZM143.988 674.808H148.356V675.396H144.672V681H143.988V674.808ZM153.116 681.144C152.268 681.144 151.604 680.86 151.124 680.292C150.652 679.724 150.416 678.928 150.416 677.904C150.416 676.88 150.652 676.084 151.124 675.516C151.604 674.948 152.268 674.664 153.116 674.664C153.964 674.664 154.624 674.948 155.096 675.516C155.576 676.084 155.816 676.88 155.816 677.904C155.816 678.928 155.576 679.724 155.096 680.292C154.624 680.86 153.964 681.144 153.116 681.144ZM153.116 680.544C153.724 680.544 154.204 680.352 154.556 679.968C154.908 679.584 155.084 679.024 155.084 678.288V677.52C155.084 676.784 154.908 676.224 154.556 675.84C154.204 675.456 153.724 675.264 153.116 675.264C152.508 675.264 152.028 675.456 151.676 675.84C151.324 676.224 151.148 676.784 151.148 677.52V678.288C151.148 679.024 151.324 679.584 151.676 679.968C152.028 680.352 152.508 680.544 153.116 680.544ZM165.19 674.808H165.874V675.792H165.91C166.086 675.456 166.33 675.184 166.642 674.976C166.962 674.768 167.358 674.664 167.83 674.664C168.606 674.664 169.21 674.944 169.642 675.504C170.074 676.056 170.29 676.856 170.29 677.904C170.29 678.952 170.074 679.756 169.642 680.316C169.21 680.868 168.606 681.144 167.83 681.144C167.358 681.144 166.962 681.04 166.642 680.832C166.33 680.624 166.086 680.352 165.91 680.016H165.874V683.4H165.19V674.808ZM167.602 680.532C168.226 680.532 168.706 680.336 169.042 679.944C169.386 679.552 169.558 679.016 169.558 678.336V677.472C169.558 676.792 169.386 676.256 169.042 675.864C168.706 675.472 168.226 675.276 167.602 675.276C167.37 675.276 167.15 675.308 166.942 675.372C166.734 675.436 166.55 675.528 166.39 675.648C166.23 675.768 166.102 675.916 166.006 676.092C165.918 676.268 165.874 676.464 165.874 676.68V679.128C165.874 679.344 165.918 679.54 166.006 679.716C166.102 679.892 166.23 680.04 166.39 680.16C166.55 680.28 166.734 680.372 166.942 680.436C167.15 680.5 167.37 680.532 167.602 680.532ZM176.85 681C176.57 681 176.37 680.932 176.25 680.796C176.13 680.66 176.062 680.476 176.046 680.244V680.028H175.986C175.85 680.356 175.626 680.624 175.314 680.832C175.002 681.04 174.578 681.144 174.042 681.144C173.394 681.144 172.882 680.988 172.506 680.676C172.138 680.356 171.954 679.908 171.954 679.332C171.954 679.06 171.998 678.816 172.086 678.6C172.182 678.376 172.33 678.188 172.53 678.036C172.738 677.884 173.002 677.768 173.322 677.688C173.642 677.6 174.034 677.556 174.498 677.556H176.01V676.8C176.01 676.28 175.866 675.892 175.578 675.636C175.298 675.38 174.906 675.252 174.402 675.252C173.554 675.252 172.962 675.592 172.626 676.272L172.158 675.936C172.318 675.576 172.586 675.276 172.962 675.036C173.346 674.788 173.838 674.664 174.438 674.664C175.142 674.664 175.694 674.848 176.094 675.216C176.494 675.576 176.694 676.08 176.694 676.728V680.4H177.618V681H176.85ZM174.15 680.568C174.414 680.568 174.658 680.536 174.882 680.472C175.106 680.408 175.302 680.32 175.47 680.208C175.638 680.088 175.77 679.944 175.866 679.776C175.962 679.608 176.01 679.42 176.01 679.212V678.072H174.498C173.85 678.072 173.382 678.172 173.094 678.372C172.814 678.564 172.674 678.828 172.674 679.164V679.476C172.674 679.836 172.806 680.108 173.07 680.292C173.342 680.476 173.702 680.568 174.15 680.568ZM181.753 681.144C180.593 681.144 179.749 680.764 179.221 680.004L179.725 679.596C180.149 680.228 180.829 680.544 181.765 680.544C182.341 680.544 182.781 680.44 183.085 680.232C183.389 680.024 183.541 679.748 183.541 679.404V679.212C183.541 678.852 183.409 678.576 183.145 678.384C182.881 678.184 182.509 678.084 182.029 678.084H180.457V677.496H181.945C182.401 677.496 182.757 677.404 183.013 677.22C183.269 677.036 183.397 676.784 183.397 676.464V676.284C183.397 675.98 183.265 675.736 183.001 675.552C182.737 675.36 182.329 675.264 181.777 675.264C181.289 675.264 180.893 675.344 180.589 675.504C180.285 675.656 180.045 675.868 179.869 676.14L179.377 675.804C179.617 675.436 179.937 675.156 180.337 674.964C180.737 674.764 181.237 674.664 181.837 674.664C182.581 674.664 183.149 674.812 183.541 675.108C183.933 675.396 184.129 675.796 184.129 676.308C184.129 676.716 184.013 677.036 183.781 677.268C183.557 677.492 183.249 677.648 182.857 677.736V677.772C183.313 677.836 183.661 678 183.901 678.264C184.149 678.52 184.273 678.86 184.273 679.284C184.273 679.86 184.053 680.316 183.613 680.652C183.173 680.98 182.553 681.144 181.753 681.144ZM185.804 680.412H186.488C186.744 680.06 186.96 679.592 187.136 679.008C187.312 678.424 187.4 677.676 187.4 676.764V674.808H191.18V680.412H192.248V682.68H191.612V681H186.44V682.68H185.804V680.412ZM190.496 680.412V675.396H188.072V676.788C188.072 677.244 188.052 677.656 188.012 678.024C187.972 678.384 187.916 678.712 187.844 679.008C187.772 679.304 187.688 679.568 187.592 679.8C187.496 680.024 187.388 680.228 187.268 680.412H190.496ZM196.384 681.144C195.52 681.144 194.84 680.864 194.344 680.304C193.856 679.736 193.612 678.94 193.612 677.916C193.612 677.404 193.676 676.948 193.804 676.548C193.932 676.14 194.112 675.8 194.344 675.528C194.584 675.248 194.872 675.036 195.208 674.892C195.544 674.74 195.916 674.664 196.324 674.664C196.74 674.664 197.112 674.74 197.44 674.892C197.768 675.036 198.044 675.244 198.268 675.516C198.5 675.788 198.676 676.112 198.796 676.488C198.916 676.864 198.976 677.28 198.976 677.736V678.036H194.332V678.336C194.332 679 194.512 679.536 194.872 679.944C195.232 680.344 195.736 680.544 196.384 680.544C196.84 680.544 197.228 680.44 197.548 680.232C197.876 680.024 198.128 679.716 198.304 679.308L198.82 679.632C198.636 680.088 198.336 680.456 197.92 680.736C197.504 681.008 196.992 681.144 196.384 681.144ZM196.324 675.24C196.02 675.24 195.744 675.296 195.496 675.408C195.256 675.512 195.048 675.66 194.872 675.852C194.704 676.044 194.572 676.276 194.476 676.548C194.38 676.82 194.332 677.12 194.332 677.448V677.52H198.244V677.424C198.244 676.752 198.072 676.22 197.728 675.828C197.392 675.436 196.924 675.24 196.324 675.24ZM200.183 680.412H200.915C201.043 680.268 201.159 680.092 201.263 679.884C201.367 679.668 201.455 679.412 201.527 679.116C201.607 678.812 201.667 678.456 201.707 678.048C201.747 677.64 201.767 677.168 201.767 676.632V674.808H205.655V681H204.971V675.396H202.439V676.656C202.439 677.792 202.347 678.684 202.163 679.332C201.987 679.972 201.763 680.424 201.491 680.688C201.379 680.8 201.251 680.88 201.107 680.928C200.963 680.976 200.799 681 200.615 681H200.183V680.412ZM212.826 681C212.546 681 212.346 680.932 212.226 680.796C212.106 680.66 212.038 680.476 212.022 680.244V680.028H211.962C211.826 680.356 211.602 680.624 211.29 680.832C210.978 681.04 210.554 681.144 210.018 681.144C209.37 681.144 208.858 680.988 208.482 680.676C208.114 680.356 207.93 679.908 207.93 679.332C207.93 679.06 207.974 678.816 208.062 678.6C208.158 678.376 208.306 678.188 208.506 678.036C208.714 677.884 208.978 677.768 209.298 677.688C209.618 677.6 210.01 677.556 210.474 677.556H211.986V676.8C211.986 676.28 211.842 675.892 211.554 675.636C211.274 675.38 210.882 675.252 210.378 675.252C209.53 675.252 208.938 675.592 208.602 676.272L208.134 675.936C208.294 675.576 208.562 675.276 208.938 675.036C209.322 674.788 209.814 674.664 210.414 674.664C211.118 674.664 211.67 674.848 212.07 675.216C212.47 675.576 212.67 676.08 212.67 676.728V680.4H213.594V681H212.826ZM210.126 680.568C210.39 680.568 210.634 680.536 210.858 680.472C211.082 680.408 211.278 680.32 211.446 680.208C211.614 680.088 211.746 679.944 211.842 679.776C211.938 679.608 211.986 679.42 211.986 679.212V678.072H210.474C209.826 678.072 209.358 678.172 209.07 678.372C208.79 678.564 208.65 678.828 208.65 679.164V679.476C208.65 679.836 208.782 680.108 209.046 680.292C209.318 680.476 209.678 680.568 210.126 680.568ZM225.069 681.144C224.693 681.144 224.357 681.108 224.061 681.036C223.765 680.964 223.497 680.868 223.257 680.748C223.017 680.62 222.801 680.468 222.609 680.292C222.425 680.116 222.257 679.924 222.105 679.716L222.633 679.284C222.945 679.684 223.289 679.992 223.665 680.208C224.041 680.416 224.517 680.52 225.093 680.52C225.765 680.52 226.281 680.372 226.641 680.076C227.001 679.772 227.181 679.336 227.181 678.768C227.181 678.248 227.029 677.864 226.725 677.616C226.429 677.368 226.005 677.2 225.453 677.112L224.517 676.956C224.101 676.884 223.753 676.776 223.473 676.632C223.201 676.488 222.981 676.32 222.813 676.128C222.645 675.928 222.525 675.708 222.453 675.468C222.389 675.228 222.357 674.98 222.357 674.724C222.357 673.972 222.601 673.412 223.089 673.044C223.585 672.668 224.249 672.48 225.081 672.48C225.761 672.48 226.317 672.592 226.749 672.816C227.189 673.032 227.541 673.332 227.805 673.716L227.301 674.16C227.061 673.824 226.765 673.564 226.413 673.38C226.069 673.196 225.617 673.104 225.057 673.104C224.433 673.104 223.945 673.24 223.593 673.512C223.249 673.776 223.077 674.172 223.077 674.7C223.077 675.188 223.221 675.56 223.509 675.816C223.797 676.064 224.225 676.232 224.793 676.32L225.717 676.476C226.141 676.548 226.493 676.66 226.773 676.812C227.053 676.956 227.277 677.128 227.445 677.328C227.613 677.528 227.729 677.748 227.793 677.988C227.865 678.228 227.901 678.48 227.901 678.744C227.901 679.512 227.653 680.104 227.157 680.52C226.661 680.936 225.965 681.144 225.069 681.144ZM234.412 681C234.132 681 233.932 680.932 233.812 680.796C233.692 680.66 233.624 680.476 233.608 680.244V680.028H233.548C233.412 680.356 233.188 680.624 232.876 680.832C232.564 681.04 232.14 681.144 231.604 681.144C230.956 681.144 230.444 680.988 230.068 680.676C229.7 680.356 229.516 679.908 229.516 679.332C229.516 679.06 229.56 678.816 229.648 678.6C229.744 678.376 229.892 678.188 230.092 678.036C230.3 677.884 230.564 677.768 230.884 677.688C231.204 677.6 231.596 677.556 232.06 677.556H233.572V676.8C233.572 676.28 233.428 675.892 233.14 675.636C232.86 675.38 232.468 675.252 231.964 675.252C231.116 675.252 230.524 675.592 230.188 676.272L229.72 675.936C229.88 675.576 230.148 675.276 230.524 675.036C230.908 674.788 231.4 674.664 232 674.664C232.704 674.664 233.256 674.848 233.656 675.216C234.056 675.576 234.256 676.08 234.256 676.728V680.4H235.18V681H234.412ZM231.712 680.568C231.976 680.568 232.22 680.536 232.444 680.472C232.668 680.408 232.864 680.32 233.032 680.208C233.2 680.088 233.332 679.944 233.428 679.776C233.524 679.608 233.572 679.42 233.572 679.212V678.072H232.06C231.412 678.072 230.944 678.172 230.656 678.372C230.376 678.564 230.236 678.828 230.236 679.164V679.476C230.236 679.836 230.368 680.108 230.632 680.292C230.904 680.476 231.264 680.568 231.712 680.568ZM239.027 681L236.759 674.808H237.455L239.447 680.4H239.495L241.475 674.808H242.159L239.891 681H239.027ZM246.751 681.144C245.887 681.144 245.207 680.864 244.711 680.304C244.223 679.736 243.979 678.94 243.979 677.916C243.979 677.404 244.043 676.948 244.171 676.548C244.299 676.14 244.479 675.8 244.711 675.528C244.951 675.248 245.239 675.036 245.575 674.892C245.911 674.74 246.283 674.664 246.691 674.664C247.107 674.664 247.479 674.74 247.807 674.892C248.135 675.036 248.411 675.244 248.635 675.516C248.867 675.788 249.043 676.112 249.163 676.488C249.283 676.864 249.343 677.28 249.343 677.736V678.036H244.699V678.336C244.699 679 244.879 679.536 245.239 679.944C245.599 680.344 246.103 680.544 246.751 680.544C247.207 680.544 247.595 680.44 247.915 680.232C248.243 680.024 248.495 679.716 248.671 679.308L249.187 679.632C249.003 680.088 248.703 680.456 248.287 680.736C247.871 681.008 247.359 681.144 246.751 681.144ZM246.691 675.24C246.387 675.24 246.111 675.296 245.863 675.408C245.623 675.512 245.415 675.66 245.239 675.852C245.071 676.044 244.939 676.276 244.843 676.548C244.747 676.82 244.699 677.12 244.699 677.448V677.52H248.611V677.424C248.611 676.752 248.439 676.22 248.095 675.828C247.759 675.436 247.291 675.24 246.691 675.24ZM255.482 680.016H255.446C255.27 680.352 255.022 680.624 254.702 680.832C254.39 681.04 253.998 681.144 253.526 681.144C252.75 681.144 252.146 680.868 251.714 680.316C251.282 679.756 251.066 678.952 251.066 677.904C251.066 676.856 251.282 676.056 251.714 675.504C252.146 674.944 252.75 674.664 253.526 674.664C253.998 674.664 254.39 674.768 254.702 674.976C255.022 675.184 255.27 675.456 255.446 675.792H255.482V672.12H256.166V681H255.482V680.016ZM253.754 680.532C253.986 680.532 254.206 680.5 254.414 680.436C254.622 680.372 254.806 680.28 254.966 680.16C255.126 680.04 255.25 679.892 255.338 679.716C255.434 679.54 255.482 679.344 255.482 679.128V676.68C255.482 676.464 255.434 676.268 255.338 676.092C255.25 675.916 255.126 675.768 254.966 675.648C254.806 675.528 254.622 675.436 254.414 675.372C254.206 675.308 253.986 675.276 253.754 675.276C253.13 675.276 252.646 675.472 252.302 675.864C251.966 676.256 251.798 676.792 251.798 677.472V678.336C251.798 679.016 251.966 679.552 252.302 679.944C252.646 680.336 253.13 680.532 253.754 680.532ZM268.253 681.144C267.429 681.144 266.773 680.852 266.285 680.268C265.805 679.676 265.565 678.784 265.565 677.592C265.565 676.608 265.625 675.776 265.745 675.096C265.865 674.416 266.049 673.864 266.297 673.44C266.553 673.016 266.881 672.704 267.281 672.504C267.681 672.296 268.165 672.176 268.733 672.144L270.521 672.036V672.708L268.673 672.828C268.257 672.852 267.909 672.932 267.629 673.068C267.349 673.204 267.117 673.408 266.933 673.68C266.749 673.952 266.605 674.304 266.501 674.736C266.405 675.168 266.333 675.692 266.285 676.308H266.345C266.529 675.78 266.789 675.4 267.125 675.168C267.469 674.928 267.869 674.808 268.325 674.808C269.125 674.808 269.761 675.084 270.233 675.636C270.705 676.188 270.941 676.972 270.941 677.988C270.941 678.468 270.877 678.904 270.749 679.296C270.621 679.688 270.441 680.02 270.209 680.292C269.977 680.564 269.693 680.776 269.357 680.928C269.029 681.072 268.661 681.144 268.253 681.144ZM268.253 680.544C268.837 680.544 269.309 680.356 269.669 679.98C270.029 679.596 270.209 679.044 270.209 678.324V677.616C270.209 676.896 270.029 676.348 269.669 675.972C269.309 675.588 268.837 675.396 268.253 675.396C267.669 675.396 267.197 675.588 266.837 675.972C266.477 676.348 266.297 676.896 266.297 677.616V678.324C266.297 679.044 266.477 679.596 266.837 679.98C267.197 680.356 267.669 680.544 268.253 680.544ZM275.532 681.144C274.668 681.144 273.988 680.864 273.492 680.304C273.004 679.736 272.76 678.94 272.76 677.916C272.76 677.404 272.824 676.948 272.952 676.548C273.08 676.14 273.26 675.8 273.492 675.528C273.732 675.248 274.02 675.036 274.356 674.892C274.692 674.74 275.064 674.664 275.472 674.664C275.888 674.664 276.26 674.74 276.588 674.892C276.916 675.036 277.192 675.244 277.416 675.516C277.648 675.788 277.824 676.112 277.944 676.488C278.064 676.864 278.124 677.28 278.124 677.736V678.036H273.48V678.336C273.48 679 273.66 679.536 274.02 679.944C274.38 680.344 274.884 680.544 275.532 680.544C275.988 680.544 276.376 680.44 276.696 680.232C277.024 680.024 277.276 679.716 277.452 679.308L277.968 679.632C277.784 680.088 277.484 680.456 277.068 680.736C276.652 681.008 276.14 681.144 275.532 681.144ZM275.472 675.24C275.168 675.24 274.892 675.296 274.644 675.408C274.404 675.512 274.196 675.66 274.02 675.852C273.852 676.044 273.72 676.276 273.624 676.548C273.528 676.82 273.48 677.12 273.48 677.448V677.52H277.392V677.424C277.392 676.752 277.22 676.22 276.876 675.828C276.54 675.436 276.072 675.24 275.472 675.24ZM282.487 681.144C281.327 681.144 280.483 680.764 279.955 680.004L280.459 679.596C280.883 680.228 281.563 680.544 282.499 680.544C283.075 680.544 283.515 680.44 283.819 680.232C284.123 680.024 284.275 679.748 284.275 679.404V679.212C284.275 678.852 284.143 678.576 283.879 678.384C283.615 678.184 283.243 678.084 282.763 678.084H281.191V677.496H282.679C283.135 677.496 283.491 677.404 283.747 677.22C284.003 677.036 284.131 676.784 284.131 676.464V676.284C284.131 675.98 283.999 675.736 283.735 675.552C283.471 675.36 283.063 675.264 282.511 675.264C282.023 675.264 281.627 675.344 281.323 675.504C281.019 675.656 280.779 675.868 280.603 676.14L280.111 675.804C280.351 675.436 280.671 675.156 281.071 674.964C281.471 674.764 281.971 674.664 282.571 674.664C283.315 674.664 283.883 674.812 284.275 675.108C284.667 675.396 284.863 675.796 284.863 676.308C284.863 676.716 284.747 677.036 284.515 677.268C284.291 677.492 283.983 677.648 283.591 677.736V677.772C284.047 677.836 284.395 678 284.635 678.264C284.883 678.52 285.007 678.86 285.007 679.284C285.007 679.86 284.787 680.316 284.347 680.652C283.907 680.98 283.287 681.144 282.487 681.144ZM297.022 681.144C296.174 681.144 295.51 680.86 295.03 680.292C294.558 679.724 294.322 678.928 294.322 677.904C294.322 676.88 294.558 676.084 295.03 675.516C295.51 674.948 296.174 674.664 297.022 674.664C297.87 674.664 298.53 674.948 299.002 675.516C299.482 676.084 299.722 676.88 299.722 677.904C299.722 678.928 299.482 679.724 299.002 680.292C298.53 680.86 297.87 681.144 297.022 681.144ZM297.022 680.544C297.63 680.544 298.11 680.352 298.462 679.968C298.814 679.584 298.99 679.024 298.99 678.288V677.52C298.99 676.784 298.814 676.224 298.462 675.84C298.11 675.456 297.63 675.264 297.022 675.264C296.414 675.264 295.934 675.456 295.582 675.84C295.23 676.224 295.054 676.784 295.054 677.52V678.288C295.054 679.024 295.23 679.584 295.582 679.968C295.934 680.352 296.414 680.544 297.022 680.544ZM302.285 674.808H306.653V675.396H302.969V681H302.285V674.808ZM309.097 674.808H309.781V675.792H309.817C309.993 675.456 310.237 675.184 310.549 674.976C310.869 674.768 311.265 674.664 311.737 674.664C312.513 674.664 313.117 674.944 313.549 675.504C313.981 676.056 314.197 676.856 314.197 677.904C314.197 678.952 313.981 679.756 313.549 680.316C313.117 680.868 312.513 681.144 311.737 681.144C311.265 681.144 310.869 681.04 310.549 680.832C310.237 680.624 309.993 680.352 309.817 680.016H309.781V683.4H309.097V674.808ZM311.509 680.532C312.133 680.532 312.613 680.336 312.949 679.944C313.293 679.552 313.465 679.016 313.465 678.336V677.472C313.465 676.792 313.293 676.256 312.949 675.864C312.613 675.472 312.133 675.276 311.509 675.276C311.277 675.276 311.057 675.308 310.849 675.372C310.641 675.436 310.457 675.528 310.297 675.648C310.137 675.768 310.009 675.916 309.913 676.092C309.825 676.268 309.781 676.464 309.781 676.68V679.128C309.781 679.344 309.825 679.54 309.913 679.716C310.009 679.892 310.137 680.04 310.297 680.16C310.457 680.28 310.641 680.372 310.849 680.436C311.057 680.5 311.277 680.532 311.509 680.532ZM320.756 681C320.476 681 320.276 680.932 320.156 680.796C320.036 680.66 319.968 680.476 319.952 680.244V680.028H319.892C319.756 680.356 319.532 680.624 319.22 680.832C318.908 681.04 318.484 681.144 317.948 681.144C317.3 681.144 316.788 680.988 316.412 680.676C316.044 680.356 315.86 679.908 315.86 679.332C315.86 679.06 315.904 678.816 315.992 678.6C316.088 678.376 316.236 678.188 316.436 678.036C316.644 677.884 316.908 677.768 317.228 677.688C317.548 677.6 317.94 677.556 318.404 677.556H319.916V676.8C319.916 676.28 319.772 675.892 319.484 675.636C319.204 675.38 318.812 675.252 318.308 675.252C317.46 675.252 316.868 675.592 316.532 676.272L316.064 675.936C316.224 675.576 316.492 675.276 316.868 675.036C317.252 674.788 317.744 674.664 318.344 674.664C319.048 674.664 319.6 674.848 320 675.216C320.4 675.576 320.6 676.08 320.6 676.728V680.4H321.524V681H320.756ZM318.056 680.568C318.32 680.568 318.564 680.536 318.788 680.472C319.012 680.408 319.208 680.32 319.376 680.208C319.544 680.088 319.676 679.944 319.772 679.776C319.868 679.608 319.916 679.42 319.916 679.212V678.072H318.404C317.756 678.072 317.288 678.172 317 678.372C316.72 678.564 316.58 678.828 316.58 679.164V679.476C316.58 679.836 316.712 680.108 316.976 680.292C317.248 680.476 317.608 680.568 318.056 680.568ZM323.451 674.808H324.135V677.496H327.471V674.808H328.155V681H327.471V678.084H324.135V681H323.451V674.808ZM330.646 674.808H331.33V678.66L331.246 680.004H331.282L331.99 678.912L334.702 674.808H335.35V681H334.666V677.148L334.75 675.804H334.714L334.006 676.896L331.294 681H330.646V674.808ZM341.646 677.988H341.598C341.414 678.244 341.166 678.444 340.854 678.588C340.542 678.732 340.158 678.804 339.702 678.804C339.03 678.804 338.522 678.648 338.178 678.336C337.834 678.016 337.662 677.552 337.662 676.944V674.808H338.346V676.908C338.346 677.348 338.47 677.672 338.718 677.88C338.974 678.088 339.366 678.192 339.894 678.192C340.126 678.192 340.346 678.172 340.554 678.132C340.77 678.092 340.958 678.032 341.118 677.952C341.278 677.864 341.406 677.76 341.502 677.64C341.598 677.512 341.646 677.364 341.646 677.196V674.808H342.33V681H341.646V677.988ZM347.485 681.144C346.621 681.144 345.941 680.864 345.445 680.304C344.957 679.736 344.713 678.94 344.713 677.916C344.713 677.404 344.777 676.948 344.905 676.548C345.033 676.14 345.213 675.8 345.445 675.528C345.685 675.248 345.973 675.036 346.309 674.892C346.645 674.74 347.017 674.664 347.425 674.664C347.841 674.664 348.213 674.74 348.541 674.892C348.869 675.036 349.145 675.244 349.369 675.516C349.601 675.788 349.777 676.112 349.897 676.488C350.017 676.864 350.077 677.28 350.077 677.736V678.036H345.433V678.336C345.433 679 345.613 679.536 345.973 679.944C346.333 680.344 346.837 680.544 347.485 680.544C347.941 680.544 348.329 680.44 348.649 680.232C348.977 680.024 349.229 679.716 349.405 679.308L349.921 679.632C349.737 680.088 349.437 680.456 349.021 680.736C348.605 681.008 348.093 681.144 347.485 681.144ZM347.425 675.24C347.121 675.24 346.845 675.296 346.597 675.408C346.357 675.512 346.149 675.66 345.973 675.852C345.805 676.044 345.673 676.276 345.577 676.548C345.481 676.82 345.433 677.12 345.433 677.448V677.52H349.345V677.424C349.345 676.752 349.173 676.22 348.829 675.828C348.493 675.436 348.025 675.24 347.425 675.24ZM352.232 674.808H352.916V677.496H356.252V674.808H356.936V681H356.252V678.084H352.916V681H352.232V674.808ZM359.428 674.808H360.112V678.66L360.028 680.004H360.064L360.772 678.912L363.484 674.808H364.132V681H363.448V677.148L363.532 675.804H363.496L362.788 676.896L360.076 681H359.428V674.808ZM366.239 680.412H366.923L367.703 678.924C367.783 678.78 367.863 678.668 367.943 678.588C368.031 678.508 368.135 678.456 368.255 678.432V678.396C367.743 678.38 367.331 678.228 367.019 677.94C366.707 677.652 366.551 677.22 366.551 676.644C366.551 676.052 366.723 675.6 367.067 675.288C367.411 674.968 367.879 674.808 368.471 674.808H371.123V681H370.439V678.48H368.711L367.679 680.436C367.575 680.62 367.463 680.76 367.343 680.856C367.223 680.952 367.071 681 366.887 681H366.239V680.412ZM370.439 675.396H368.579C368.171 675.396 367.851 675.484 367.619 675.66C367.395 675.836 367.283 676.1 367.283 676.452V676.836C367.283 677.188 367.395 677.452 367.619 677.628C367.851 677.804 368.171 677.892 368.579 677.892H370.439V675.396ZM21.284 690.808H25.916V697H25.232V691.396H21.968V697H21.284V690.808ZM30.7953 697.144C29.9473 697.144 29.2833 696.86 28.8033 696.292C28.3313 695.724 28.0953 694.928 28.0953 693.904C28.0953 692.88 28.3313 692.084 28.8033 691.516C29.2833 690.948 29.9473 690.664 30.7953 690.664C31.6433 690.664 32.3033 690.948 32.7753 691.516C33.2553 692.084 33.4953 692.88 33.4953 693.904C33.4953 694.928 33.2553 695.724 32.7753 696.292C32.3033 696.86 31.6433 697.144 30.7953 697.144ZM30.7953 696.544C31.4033 696.544 31.8833 696.352 32.2353 695.968C32.5873 695.584 32.7633 695.024 32.7633 694.288V693.52C32.7633 692.784 32.5873 692.224 32.2353 691.84C31.8833 691.456 31.4033 691.264 30.7953 691.264C30.1873 691.264 29.7073 691.456 29.3553 691.84C29.0033 692.224 28.8273 692.784 28.8273 693.52V694.288C28.8273 695.024 29.0033 695.584 29.3553 695.968C29.7073 696.352 30.1873 696.544 30.7953 696.544ZM43.0139 690.808H43.6979V693.496H45.1619L46.9859 690.808H47.7179L46.0619 693.244C45.9499 693.42 45.8499 693.544 45.7619 693.616C45.6819 693.688 45.5819 693.736 45.4619 693.76V693.808C45.5899 693.832 45.6979 693.88 45.7859 693.952C45.8739 694.024 45.9699 694.144 46.0739 694.312L47.3219 696.412H47.9939V697H47.3459C47.1859 697 47.0459 696.96 46.9259 696.88C46.8139 696.792 46.7019 696.656 46.5899 696.472L45.1619 694.084H43.6979V697H43.0139V690.808ZM52.3813 697.144C51.5333 697.144 50.8693 696.86 50.3893 696.292C49.9173 695.724 49.6813 694.928 49.6813 693.904C49.6813 692.88 49.9173 692.084 50.3893 691.516C50.8693 690.948 51.5333 690.664 52.3813 690.664C53.2293 690.664 53.8893 690.948 54.3613 691.516C54.8413 692.084 55.0813 692.88 55.0813 693.904C55.0813 694.928 54.8413 695.724 54.3613 696.292C53.8893 696.86 53.2293 697.144 52.3813 697.144ZM52.3813 696.544C52.9893 696.544 53.4693 696.352 53.8213 695.968C54.1733 695.584 54.3493 695.024 54.3493 694.288V693.52C54.3493 692.784 54.1733 692.224 53.8213 691.84C53.4693 691.456 52.9893 691.264 52.3813 691.264C51.7733 691.264 51.2933 691.456 50.9413 691.84C50.5893 692.224 50.4133 692.784 50.4133 693.52V694.288C50.4133 695.024 50.5893 695.584 50.9413 695.968C51.2933 696.352 51.7733 696.544 52.3813 696.544ZM56.2766 696.412H57.0086C57.1366 696.268 57.2526 696.092 57.3566 695.884C57.4606 695.668 57.5486 695.412 57.6206 695.116C57.7006 694.812 57.7606 694.456 57.8006 694.048C57.8406 693.64 57.8606 693.168 57.8606 692.632V690.808H61.7486V697H61.0646V691.396H58.5326V692.656C58.5326 693.792 58.4406 694.684 58.2566 695.332C58.0806 695.972 57.8566 696.424 57.5846 696.688C57.4726 696.8 57.3446 696.88 57.2006 696.928C57.0566 696.976 56.8926 697 56.7086 697H56.2766V696.412ZM64.4199 690.808H65.1039V694.66L65.0199 696.004H65.0559L65.7639 694.912L68.4759 690.808H69.1239V697H68.4399V693.148L68.5239 691.804H68.4879L67.7799 692.896L65.0679 697H64.4199V690.808ZM75.4192 693.988H75.3712C75.1872 694.244 74.9392 694.444 74.6272 694.588C74.3152 694.732 73.9312 694.804 73.4752 694.804C72.8032 694.804 72.2952 694.648 71.9512 694.336C71.6072 694.016 71.4352 693.552 71.4352 692.944V690.808H72.1192V692.908C72.1192 693.348 72.2432 693.672 72.4912 693.88C72.7472 694.088 73.1392 694.192 73.6672 694.192C73.8992 694.192 74.1192 694.172 74.3272 694.132C74.5432 694.092 74.7312 694.032 74.8912 693.952C75.0512 693.864 75.1792 693.76 75.2752 693.64C75.3712 693.512 75.4192 693.364 75.4192 693.196V690.808H76.1032V697H75.4192V693.988ZM81.2585 697.144C80.3945 697.144 79.7145 696.864 79.2185 696.304C78.7305 695.736 78.4865 694.94 78.4865 693.916C78.4865 693.404 78.5505 692.948 78.6785 692.548C78.8065 692.14 78.9865 691.8 79.2185 691.528C79.4585 691.248 79.7465 691.036 80.0825 690.892C80.4185 690.74 80.7905 690.664 81.1985 690.664C81.6145 690.664 81.9865 690.74 82.3145 690.892C82.6425 691.036 82.9185 691.244 83.1425 691.516C83.3745 691.788 83.5505 692.112 83.6705 692.488C83.7905 692.864 83.8505 693.28 83.8505 693.736V694.036H79.2065V694.336C79.2065 695 79.3865 695.536 79.7465 695.944C80.1065 696.344 80.6105 696.544 81.2585 696.544C81.7145 696.544 82.1025 696.44 82.4225 696.232C82.7505 696.024 83.0025 695.716 83.1785 695.308L83.6945 695.632C83.5105 696.088 83.2105 696.456 82.7945 696.736C82.3785 697.008 81.8665 697.144 81.2585 697.144ZM81.1985 691.24C80.8945 691.24 80.6185 691.296 80.3705 691.408C80.1305 691.512 79.9225 691.66 79.7465 691.852C79.5785 692.044 79.4465 692.276 79.3505 692.548C79.2545 692.82 79.2065 693.12 79.2065 693.448V693.52H83.1185V693.424C83.1185 692.752 82.9465 692.22 82.6025 691.828C82.2665 691.436 81.7985 691.24 81.1985 691.24ZM88.5978 697.144C87.7338 697.144 87.0658 696.86 86.5938 696.292C86.1218 695.724 85.8858 694.928 85.8858 693.904C85.8858 692.88 86.1218 692.084 86.5938 691.516C87.0738 690.948 87.7378 690.664 88.5858 690.664C89.1618 690.664 89.6338 690.796 90.0018 691.06C90.3698 691.316 90.6338 691.648 90.7938 692.056L90.2418 692.332C90.1138 691.988 89.9098 691.724 89.6298 691.54C89.3498 691.356 89.0018 691.264 88.5858 691.264C87.9538 691.264 87.4658 691.468 87.1218 691.876C86.7858 692.276 86.6178 692.808 86.6178 693.472V694.336C86.6178 695 86.7858 695.536 87.1218 695.944C87.4658 696.344 87.9578 696.544 88.5978 696.544C89.0378 696.544 89.4058 696.444 89.7018 696.244C89.9978 696.044 90.2258 695.764 90.3858 695.404L90.8898 695.728C90.7138 696.136 90.4378 696.476 90.0618 696.748C89.6858 697.012 89.1978 697.144 88.5978 697.144ZM95.2051 691.396H92.8411V690.808H98.2531V691.396H95.8891V697H95.2051V691.396ZM100.54 690.808H103.504C104.008 690.808 104.404 690.944 104.692 691.216C104.988 691.488 105.136 691.872 105.136 692.368C105.136 692.768 105.032 693.08 104.824 693.304C104.624 693.528 104.34 693.668 103.972 693.724V693.76C104.42 693.808 104.76 693.964 104.992 694.228C105.224 694.484 105.34 694.82 105.34 695.236C105.34 695.756 105.184 696.18 104.872 696.508C104.56 696.836 104.12 697 103.552 697H100.54V690.808ZM103.408 696.448C103.792 696.448 104.088 696.356 104.296 696.172C104.504 695.988 104.608 695.728 104.608 695.392V695.116C104.608 694.78 104.504 694.52 104.296 694.336C104.088 694.152 103.804 694.06 103.444 694.06H101.224V696.448H103.408ZM103.36 693.52C103.688 693.52 103.944 693.436 104.128 693.268C104.312 693.1 104.404 692.868 104.404 692.572V692.308C104.404 692.012 104.312 691.78 104.128 691.612C103.944 691.444 103.688 691.36 103.36 691.36H101.224V693.52H103.36ZM112.08 690.808H112.764L109.536 698.68C109.432 698.928 109.3 699.108 109.14 699.22C108.988 699.34 108.748 699.4 108.42 699.4H107.388V698.812H108.792L109.608 696.832L107.124 690.808H107.832L109.932 696.004H109.98L112.08 690.808ZM117.139 697.084C116.883 697.084 116.703 697.032 116.599 696.928C116.495 696.824 116.443 696.688 116.443 696.52V696.352C116.443 696.192 116.495 696.06 116.599 695.956C116.703 695.844 116.883 695.788 117.139 695.788C117.395 695.788 117.575 695.844 117.679 695.956C117.783 696.06 117.835 696.192 117.835 696.352V696.52C117.835 696.688 117.783 696.824 117.679 696.928C117.575 697.032 117.395 697.084 117.139 697.084ZM129.022 688.624H134.038V697H133.318V689.248H129.742V697H129.022V688.624ZM138.725 697.144C137.877 697.144 137.213 696.86 136.733 696.292C136.261 695.724 136.025 694.928 136.025 693.904C136.025 692.88 136.261 692.084 136.733 691.516C137.213 690.948 137.877 690.664 138.725 690.664C139.573 690.664 140.233 690.948 140.705 691.516C141.185 692.084 141.425 692.88 141.425 693.904C141.425 694.928 141.185 695.724 140.705 696.292C140.233 696.86 139.573 697.144 138.725 697.144ZM138.725 696.544C139.333 696.544 139.813 696.352 140.165 695.968C140.517 695.584 140.693 695.024 140.693 694.288V693.52C140.693 692.784 140.517 692.224 140.165 691.84C139.813 691.456 139.333 691.264 138.725 691.264C138.117 691.264 137.637 691.456 137.285 691.84C136.933 692.224 136.757 692.784 136.757 693.52V694.288C136.757 695.024 136.933 695.584 137.285 695.968C137.637 696.352 138.117 696.544 138.725 696.544ZM142.632 696.412H143.316C143.572 696.06 143.788 695.592 143.964 695.008C144.14 694.424 144.228 693.676 144.228 692.764V690.808H148.008V696.412H149.076V698.68H148.44V697H143.268V698.68H142.632V696.412ZM147.324 696.412V691.396H144.9V692.788C144.9 693.244 144.88 693.656 144.84 694.024C144.8 694.384 144.744 694.712 144.672 695.008C144.6 695.304 144.516 695.568 144.42 695.8C144.324 696.024 144.216 696.228 144.096 696.412H147.324ZM150.38 697L152.708 693.868L150.428 690.808H151.256L153.128 693.352H153.164L155.024 690.808H155.804L153.512 693.856L155.864 697H155.036L153.104 694.372H153.068L151.172 697H150.38ZM160.311 697.144C159.463 697.144 158.799 696.86 158.319 696.292C157.847 695.724 157.611 694.928 157.611 693.904C157.611 692.88 157.847 692.084 158.319 691.516C158.799 690.948 159.463 690.664 160.311 690.664C161.159 690.664 161.819 690.948 162.291 691.516C162.771 692.084 163.011 692.88 163.011 693.904C163.011 694.928 162.771 695.724 162.291 696.292C161.819 696.86 161.159 697.144 160.311 697.144ZM160.311 696.544C160.919 696.544 161.399 696.352 161.751 695.968C162.103 695.584 162.279 695.024 162.279 694.288V693.52C162.279 692.784 162.103 692.224 161.751 691.84C161.399 691.456 160.919 691.264 160.311 691.264C159.703 691.264 159.223 691.456 158.871 691.84C158.519 692.224 158.343 692.784 158.343 693.52V694.288C158.343 695.024 158.519 695.584 158.871 695.968C159.223 696.352 159.703 696.544 160.311 696.544ZM164.218 696.412H164.902C165.158 696.06 165.374 695.592 165.55 695.008C165.726 694.424 165.814 693.676 165.814 692.764V690.808H169.594V696.412H170.662V698.68H170.026V697H164.854V698.68H164.218V696.412ZM168.91 696.412V691.396H166.486V692.788C166.486 693.244 166.466 693.656 166.426 694.024C166.386 694.384 166.33 694.712 166.258 695.008C166.186 695.304 166.102 695.568 166.006 695.8C165.91 696.024 165.802 696.228 165.682 696.412H168.91ZM172.35 690.808H173.034V694.66L172.95 696.004H172.986L173.694 694.912L176.406 690.808H177.054V697H176.37V693.148L176.454 691.804H176.418L175.71 692.896L172.998 697H172.35V690.808ZM181.549 691.396H179.185V690.808H184.597V691.396H182.233V697H181.549V691.396ZM193 696.412H193.684C193.94 696.06 194.156 695.592 194.332 695.008C194.508 694.424 194.596 693.676 194.596 692.764V690.808H198.376V696.412H199.444V698.68H198.808V697H193.636V698.68H193V696.412ZM197.692 696.412V691.396H195.268V692.788C195.268 693.244 195.248 693.656 195.208 694.024C195.168 694.384 195.112 694.712 195.04 695.008C194.968 695.304 194.884 695.568 194.788 695.8C194.692 696.024 194.584 696.228 194.464 696.412H197.692ZM200.183 696.412H200.915C201.043 696.268 201.159 696.092 201.263 695.884C201.367 695.668 201.455 695.412 201.527 695.116C201.607 694.812 201.667 694.456 201.707 694.048C201.747 693.64 201.767 693.168 201.767 692.632V690.808H205.655V697H204.971V691.396H202.439V692.656C202.439 693.792 202.347 694.684 202.163 695.332C201.987 695.972 201.763 696.424 201.491 696.688C201.379 696.8 201.251 696.88 201.107 696.928C200.963 696.976 200.799 697 200.615 697H200.183V696.412ZM207.942 696.412H208.626L209.406 694.924C209.486 694.78 209.566 694.668 209.646 694.588C209.734 694.508 209.838 694.456 209.958 694.432V694.396C209.446 694.38 209.034 694.228 208.722 693.94C208.41 693.652 208.254 693.22 208.254 692.644C208.254 692.052 208.426 691.6 208.77 691.288C209.114 690.968 209.582 690.808 210.174 690.808H212.826V697H212.142V694.48H210.414L209.382 696.436C209.278 696.62 209.166 696.76 209.046 696.856C208.926 696.952 208.774 697 208.59 697H207.942V696.412ZM212.142 691.396H210.282C209.874 691.396 209.554 691.484 209.322 691.66C209.098 691.836 208.986 692.1 208.986 692.452V692.836C208.986 693.188 209.098 693.452 209.322 693.628C209.554 693.804 209.874 693.892 210.282 693.892H212.142V691.396ZM222.753 690.808H227.385V697H226.701V691.396H223.437V697H222.753V690.808ZM232.36 697.144C231.496 697.144 230.816 696.864 230.32 696.304C229.832 695.736 229.588 694.94 229.588 693.916C229.588 693.404 229.652 692.948 229.78 692.548C229.908 692.14 230.088 691.8 230.32 691.528C230.56 691.248 230.848 691.036 231.184 690.892C231.52 690.74 231.892 690.664 232.3 690.664C232.716 690.664 233.088 690.74 233.416 690.892C233.744 691.036 234.02 691.244 234.244 691.516C234.476 691.788 234.652 692.112 234.772 692.488C234.892 692.864 234.952 693.28 234.952 693.736V694.036H230.308V694.336C230.308 695 230.488 695.536 230.848 695.944C231.208 696.344 231.712 696.544 232.36 696.544C232.816 696.544 233.204 696.44 233.524 696.232C233.852 696.024 234.104 695.716 234.28 695.308L234.796 695.632C234.612 696.088 234.312 696.456 233.896 696.736C233.48 697.008 232.968 697.144 232.36 697.144ZM232.3 691.24C231.996 691.24 231.72 691.296 231.472 691.408C231.232 691.512 231.024 691.66 230.848 691.852C230.68 692.044 230.548 692.276 230.452 692.548C230.356 692.82 230.308 693.12 230.308 693.448V693.52H234.22V693.424C234.22 692.752 234.048 692.22 233.704 691.828C233.368 691.436 232.9 691.24 232.3 691.24ZM237.143 690.808H237.827V691.792H237.863C238.039 691.456 238.283 691.184 238.595 690.976C238.915 690.768 239.311 690.664 239.783 690.664C240.559 690.664 241.163 690.944 241.595 691.504C242.027 692.056 242.243 692.856 242.243 693.904C242.243 694.952 242.027 695.756 241.595 696.316C241.163 696.868 240.559 697.144 239.783 697.144C239.311 697.144 238.915 697.04 238.595 696.832C238.283 696.624 238.039 696.352 237.863 696.016H237.827V699.4H237.143V690.808ZM239.555 696.532C240.179 696.532 240.659 696.336 240.995 695.944C241.339 695.552 241.511 695.016 241.511 694.336V693.472C241.511 692.792 241.339 692.256 240.995 691.864C240.659 691.472 240.179 691.276 239.555 691.276C239.323 691.276 239.103 691.308 238.895 691.372C238.687 691.436 238.503 691.528 238.343 691.648C238.183 691.768 238.055 691.916 237.959 692.092C237.871 692.268 237.827 692.464 237.827 692.68V695.128C237.827 695.344 237.871 695.54 237.959 695.716C238.055 695.892 238.183 696.04 238.343 696.16C238.503 696.28 238.687 696.372 238.895 696.436C239.103 696.5 239.323 696.532 239.555 696.532ZM244.447 690.808H247.411C247.915 690.808 248.311 690.944 248.599 691.216C248.895 691.488 249.043 691.872 249.043 692.368C249.043 692.768 248.939 693.08 248.731 693.304C248.531 693.528 248.247 693.668 247.879 693.724V693.76C248.327 693.808 248.667 693.964 248.899 694.228C249.131 694.484 249.247 694.82 249.247 695.236C249.247 695.756 249.091 696.18 248.779 696.508C248.467 696.836 248.027 697 247.459 697H244.447V690.808ZM247.315 696.448C247.699 696.448 247.995 696.356 248.203 696.172C248.411 695.988 248.515 695.728 248.515 695.392V695.116C248.515 694.78 248.411 694.52 248.203 694.336C247.995 694.152 247.711 694.06 247.351 694.06H245.131V696.448H247.315ZM247.267 693.52C247.595 693.52 247.851 693.436 248.035 693.268C248.219 693.1 248.311 692.868 248.311 692.572V692.308C248.311 692.012 248.219 691.78 248.035 691.612C247.851 691.444 247.595 691.36 247.267 691.36H245.131V693.52H247.267ZM253.85 697.144C253.002 697.144 252.338 696.86 251.858 696.292C251.386 695.724 251.15 694.928 251.15 693.904C251.15 692.88 251.386 692.084 251.858 691.516C252.338 690.948 253.002 690.664 253.85 690.664C254.698 690.664 255.358 690.948 255.83 691.516C256.31 692.084 256.55 692.88 256.55 693.904C256.55 694.928 256.31 695.724 255.83 696.292C255.358 696.86 254.698 697.144 253.85 697.144ZM253.85 696.544C254.458 696.544 254.938 696.352 255.29 695.968C255.642 695.584 255.818 695.024 255.818 694.288V693.52C255.818 692.784 255.642 692.224 255.29 691.84C254.938 691.456 254.458 691.264 253.85 691.264C253.242 691.264 252.762 691.456 252.41 691.84C252.058 692.224 251.882 692.784 251.882 693.52V694.288C251.882 695.024 252.058 695.584 252.41 695.968C252.762 696.352 253.242 696.544 253.85 696.544ZM259.113 690.808H263.481V691.396H259.797V697H259.113V690.808ZM268.241 697.144C267.393 697.144 266.729 696.86 266.249 696.292C265.777 695.724 265.541 694.928 265.541 693.904C265.541 692.88 265.777 692.084 266.249 691.516C266.729 690.948 267.393 690.664 268.241 690.664C269.089 690.664 269.749 690.948 270.221 691.516C270.701 692.084 270.941 692.88 270.941 693.904C270.941 694.928 270.701 695.724 270.221 696.292C269.749 696.86 269.089 697.144 268.241 697.144ZM268.241 696.544C268.849 696.544 269.329 696.352 269.681 695.968C270.033 695.584 270.209 695.024 270.209 694.288V693.52C270.209 692.784 270.033 692.224 269.681 691.84C269.329 691.456 268.849 691.264 268.241 691.264C267.633 691.264 267.153 691.456 266.801 691.84C266.449 692.224 266.273 692.784 266.273 693.52V694.288C266.273 695.024 266.449 695.584 266.801 695.968C267.153 696.352 267.633 696.544 268.241 696.544ZM280.315 690.808H284.947V697H284.263V691.396H280.999V697H280.315V690.808ZM289.923 697.144C289.059 697.144 288.379 696.864 287.883 696.304C287.395 695.736 287.151 694.94 287.151 693.916C287.151 693.404 287.215 692.948 287.343 692.548C287.471 692.14 287.651 691.8 287.883 691.528C288.123 691.248 288.411 691.036 288.747 690.892C289.083 690.74 289.455 690.664 289.863 690.664C290.279 690.664 290.651 690.74 290.979 690.892C291.307 691.036 291.583 691.244 291.807 691.516C292.039 691.788 292.215 692.112 292.335 692.488C292.455 692.864 292.515 693.28 292.515 693.736V694.036H287.871V694.336C287.871 695 288.051 695.536 288.411 695.944C288.771 696.344 289.275 696.544 289.923 696.544C290.379 696.544 290.767 696.44 291.087 696.232C291.415 696.024 291.667 695.716 291.843 695.308L292.359 695.632C292.175 696.088 291.875 696.456 291.459 696.736C291.043 697.008 290.531 697.144 289.923 697.144ZM289.863 691.24C289.559 691.24 289.283 691.296 289.035 691.408C288.795 691.512 288.587 691.66 288.411 691.852C288.243 692.044 288.111 692.276 288.015 692.548C287.919 692.82 287.871 693.12 287.871 693.448V693.52H291.783V693.424C291.783 692.752 291.611 692.22 291.267 691.828C290.931 691.436 290.463 691.24 289.863 691.24ZM294.706 690.808H295.39V691.792H295.426C295.602 691.456 295.846 691.184 296.158 690.976C296.478 690.768 296.874 690.664 297.346 690.664C298.122 690.664 298.726 690.944 299.158 691.504C299.59 692.056 299.806 692.856 299.806 693.904C299.806 694.952 299.59 695.756 299.158 696.316C298.726 696.868 298.122 697.144 297.346 697.144C296.874 697.144 296.478 697.04 296.158 696.832C295.846 696.624 295.602 696.352 295.426 696.016H295.39V699.4H294.706V690.808ZM297.118 696.532C297.742 696.532 298.222 696.336 298.558 695.944C298.902 695.552 299.074 695.016 299.074 694.336V693.472C299.074 692.792 298.902 692.256 298.558 691.864C298.222 691.472 297.742 691.276 297.118 691.276C296.886 691.276 296.666 691.308 296.458 691.372C296.25 691.436 296.066 691.528 295.906 691.648C295.746 691.768 295.618 691.916 295.522 692.092C295.434 692.268 295.39 692.464 295.39 692.68V695.128C295.39 695.344 295.434 695.54 295.522 695.716C295.618 695.892 295.746 696.04 295.906 696.16C296.066 696.28 296.25 696.372 296.458 696.436C296.666 696.5 296.886 696.532 297.118 696.532ZM304.313 697.144C303.449 697.144 302.769 696.864 302.273 696.304C301.785 695.736 301.541 694.94 301.541 693.916C301.541 693.404 301.605 692.948 301.733 692.548C301.861 692.14 302.041 691.8 302.273 691.528C302.513 691.248 302.801 691.036 303.137 690.892C303.473 690.74 303.845 690.664 304.253 690.664C304.669 690.664 305.041 690.74 305.369 690.892C305.697 691.036 305.973 691.244 306.197 691.516C306.429 691.788 306.605 692.112 306.725 692.488C306.845 692.864 306.905 693.28 306.905 693.736V694.036H302.261V694.336C302.261 695 302.441 695.536 302.801 695.944C303.161 696.344 303.665 696.544 304.313 696.544C304.769 696.544 305.157 696.44 305.477 696.232C305.805 696.024 306.057 695.716 306.233 695.308L306.749 695.632C306.565 696.088 306.265 696.456 305.849 696.736C305.433 697.008 304.921 697.144 304.313 697.144ZM304.253 691.24C303.949 691.24 303.673 691.296 303.425 691.408C303.185 691.512 302.977 691.66 302.801 691.852C302.633 692.044 302.501 692.276 302.405 692.548C302.309 692.82 302.261 693.12 302.261 693.448V693.52H306.173V693.424C306.173 692.752 306.001 692.22 305.657 691.828C305.321 691.436 304.853 691.24 304.253 691.24ZM309.061 690.808H309.745V693.496H313.081V690.808H313.765V697H313.081V694.084H309.745V697H309.061V690.808ZM318.608 697.144C317.76 697.144 317.096 696.86 316.616 696.292C316.144 695.724 315.908 694.928 315.908 693.904C315.908 692.88 316.144 692.084 316.616 691.516C317.096 690.948 317.76 690.664 318.608 690.664C319.456 690.664 320.116 690.948 320.588 691.516C321.068 692.084 321.308 692.88 321.308 693.904C321.308 694.928 321.068 695.724 320.588 696.292C320.116 696.86 319.456 697.144 318.608 697.144ZM318.608 696.544C319.216 696.544 319.696 696.352 320.048 695.968C320.4 695.584 320.576 695.024 320.576 694.288V693.52C320.576 692.784 320.4 692.224 320.048 691.84C319.696 691.456 319.216 691.264 318.608 691.264C318 691.264 317.52 691.456 317.168 691.84C316.816 692.224 316.64 692.784 316.64 693.52V694.288C316.64 695.024 316.816 695.584 317.168 695.968C317.52 696.352 318 696.544 318.608 696.544ZM326.043 697.144C325.179 697.144 324.511 696.86 324.039 696.292C323.567 695.724 323.331 694.928 323.331 693.904C323.331 692.88 323.567 692.084 324.039 691.516C324.519 690.948 325.183 690.664 326.031 690.664C326.607 690.664 327.079 690.796 327.447 691.06C327.815 691.316 328.079 691.648 328.239 692.056L327.687 692.332C327.559 691.988 327.355 691.724 327.075 691.54C326.795 691.356 326.447 691.264 326.031 691.264C325.399 691.264 324.911 691.468 324.567 691.876C324.231 692.276 324.063 692.808 324.063 693.472V694.336C324.063 695 324.231 695.536 324.567 695.944C324.911 696.344 325.403 696.544 326.043 696.544C326.483 696.544 326.851 696.444 327.147 696.244C327.443 696.044 327.671 695.764 327.831 695.404L328.335 695.728C328.159 696.136 327.883 696.476 327.507 696.748C327.131 697.012 326.643 697.144 326.043 697.144ZM335.146 697C334.866 697 334.666 696.932 334.546 696.796C334.426 696.66 334.358 696.476 334.342 696.244V696.028H334.282C334.146 696.356 333.922 696.624 333.61 696.832C333.298 697.04 332.874 697.144 332.338 697.144C331.69 697.144 331.178 696.988 330.802 696.676C330.434 696.356 330.25 695.908 330.25 695.332C330.25 695.06 330.294 694.816 330.382 694.6C330.478 694.376 330.626 694.188 330.826 694.036C331.034 693.884 331.298 693.768 331.618 693.688C331.938 693.6 332.33 693.556 332.794 693.556H334.306V692.8C334.306 692.28 334.162 691.892 333.874 691.636C333.594 691.38 333.202 691.252 332.698 691.252C331.85 691.252 331.258 691.592 330.922 692.272L330.454 691.936C330.614 691.576 330.882 691.276 331.258 691.036C331.642 690.788 332.134 690.664 332.734 690.664C333.438 690.664 333.99 690.848 334.39 691.216C334.79 691.576 334.99 692.08 334.99 692.728V696.4H335.914V697H335.146ZM332.446 696.568C332.71 696.568 332.954 696.536 333.178 696.472C333.402 696.408 333.598 696.32 333.766 696.208C333.934 696.088 334.066 695.944 334.162 695.776C334.258 695.608 334.306 695.42 334.306 695.212V694.072H332.794C332.146 694.072 331.678 694.172 331.39 694.372C331.11 694.564 330.97 694.828 330.97 695.164V695.476C330.97 695.836 331.102 696.108 331.366 696.292C331.638 696.476 331.998 696.568 332.446 696.568ZM340.194 697.084C339.938 697.084 339.758 697.032 339.654 696.928C339.55 696.824 339.498 696.688 339.498 696.52V696.352C339.498 696.192 339.55 696.06 339.654 695.956C339.758 695.844 339.938 695.788 340.194 695.788C340.45 695.788 340.63 695.844 340.734 695.956C340.838 696.06 340.89 696.192 340.89 696.352V696.52C340.89 696.688 340.838 696.824 340.734 696.928C340.63 697.032 340.45 697.084 340.194 697.084Z" fill="#707070" fill-opacity="0.5"/>
<rect x="20" y="717" width="12" height="12" rx="6" fill="#707070" fill-opacity="0.3"/>
<path d="M40.84 728V719.36H47.458V728H46.576V720.206H41.722V728H40.84ZM53.2469 728.18C52.6509 728.18 52.1469 728.03 51.7349 727.73C51.3229 727.426 51.0109 727.016 50.7989 726.5C50.5869 725.98 50.4809 725.398 50.4809 724.754C50.4809 724.098 50.5869 723.514 50.7989 723.002C51.0149 722.486 51.3309 722.08 51.7469 721.784C52.1629 721.488 52.6749 721.34 53.2829 721.34C53.8749 721.34 54.3829 721.49 54.8069 721.79C55.2309 722.09 55.5549 722.498 55.7789 723.014C56.0069 723.53 56.1209 724.11 56.1209 724.754C56.1209 725.402 56.0069 725.984 55.7789 726.5C55.5509 727.016 55.2229 727.426 54.7949 727.73C54.3669 728.03 53.8509 728.18 53.2469 728.18ZM50.3309 730.88V721.52H51.1229V726.398H51.2189V730.88H50.3309ZM53.1569 727.358C53.6089 727.358 53.9849 727.244 54.2849 727.016C54.5849 726.788 54.8089 726.478 54.9569 726.086C55.1089 725.69 55.1849 725.246 55.1849 724.754C55.1849 724.266 55.1109 723.826 54.9629 723.434C54.8149 723.042 54.5889 722.732 54.2849 722.504C53.9849 722.276 53.6029 722.162 53.1389 722.162C52.6869 722.162 52.3109 722.272 52.0109 722.492C51.7149 722.712 51.4929 723.018 51.3449 723.41C51.1969 723.798 51.1229 724.246 51.1229 724.754C51.1229 725.254 51.1969 725.702 51.3449 726.098C51.4929 726.49 51.7169 726.798 52.0169 727.022C52.3169 727.246 52.6969 727.358 53.1569 727.358ZM61.3444 728.18C60.7004 728.18 60.1504 728.034 59.6944 727.742C59.2384 727.45 58.8884 727.046 58.6444 726.53C58.4004 726.014 58.2784 725.422 58.2784 724.754C58.2784 724.074 58.4024 723.478 58.6504 722.966C58.8984 722.454 59.2504 722.056 59.7064 721.772C60.1664 721.484 60.7124 721.34 61.3444 721.34C61.9924 721.34 62.5444 721.486 63.0004 721.778C63.4604 722.066 63.8104 722.468 64.0504 722.984C64.2944 723.496 64.4164 724.086 64.4164 724.754C64.4164 725.434 64.2944 726.032 64.0504 726.548C63.8064 727.06 63.4544 727.46 62.9944 727.748C62.5344 728.036 61.9844 728.18 61.3444 728.18ZM61.3444 727.334C62.0644 727.334 62.6004 727.096 62.9524 726.62C63.3044 726.14 63.4804 725.518 63.4804 724.754C63.4804 723.97 63.3024 723.346 62.9464 722.882C62.5944 722.418 62.0604 722.186 61.3444 722.186C60.8604 722.186 60.4604 722.296 60.1444 722.516C59.8324 722.732 59.5984 723.034 59.4424 723.422C59.2904 723.806 59.2144 724.25 59.2144 724.754C59.2144 725.534 59.3944 726.16 59.7544 726.632C60.1144 727.1 60.6444 727.334 61.3444 727.334ZM66.934 728V721.52H69.604C69.74 721.52 69.904 721.528 70.096 721.544C70.292 721.56 70.474 721.59 70.642 721.634C71.006 721.73 71.298 721.926 71.518 722.222C71.742 722.518 71.854 722.874 71.854 723.29C71.854 723.522 71.818 723.73 71.746 723.914C71.678 724.094 71.58 724.25 71.452 724.382C71.392 724.45 71.326 724.51 71.254 724.562C71.182 724.61 71.112 724.65 71.044 724.682C71.172 724.706 71.31 724.762 71.458 724.85C71.69 724.986 71.866 725.17 71.986 725.402C72.106 725.63 72.166 725.908 72.166 726.236C72.166 726.68 72.06 727.042 71.848 727.322C71.636 727.602 71.352 727.794 70.996 727.898C70.836 727.942 70.662 727.97 70.474 727.982C70.29 727.994 70.116 728 69.952 728H66.934ZM67.822 727.25H69.91C69.994 727.25 70.1 727.244 70.228 727.232C70.356 727.216 70.47 727.196 70.57 727.172C70.806 727.112 70.978 726.992 71.086 726.812C71.198 726.628 71.254 726.428 71.254 726.212C71.254 725.928 71.17 725.696 71.002 725.516C70.838 725.332 70.618 725.22 70.342 725.18C70.25 725.16 70.154 725.148 70.054 725.144C69.954 725.14 69.864 725.138 69.784 725.138H67.822V727.25ZM67.822 724.382H69.634C69.738 724.382 69.854 724.376 69.982 724.364C70.114 724.348 70.228 724.322 70.324 724.286C70.532 724.214 70.684 724.09 70.78 723.914C70.88 723.738 70.93 723.546 70.93 723.338C70.93 723.11 70.876 722.91 70.768 722.738C70.664 722.566 70.506 722.446 70.294 722.378C70.15 722.326 69.994 722.296 69.826 722.288C69.662 722.28 69.558 722.276 69.514 722.276H67.822V724.382ZM77.3039 728.18C76.6719 728.18 76.1239 728.04 75.6599 727.76C75.1999 727.48 74.8419 727.086 74.5859 726.578C74.3299 726.07 74.2019 725.474 74.2019 724.79C74.2019 724.082 74.3279 723.47 74.5799 722.954C74.8319 722.438 75.1859 722.04 75.6419 721.76C76.1019 721.48 76.6439 721.34 77.2679 721.34C77.9079 721.34 78.4539 721.488 78.9059 721.784C79.3579 722.076 79.6999 722.496 79.9319 723.044C80.1639 723.592 80.2699 724.246 80.2499 725.006H79.3499V724.694C79.3339 723.854 79.1519 723.22 78.8039 722.792C78.4599 722.364 77.9559 722.15 77.2919 722.15C76.5959 722.15 76.0619 722.376 75.6899 722.828C75.3219 723.28 75.1379 723.924 75.1379 724.76C75.1379 725.576 75.3219 726.21 75.6899 726.662C76.0619 727.11 76.5879 727.334 77.2679 727.334C77.7319 727.334 78.1359 727.228 78.4799 727.016C78.8279 726.8 79.1019 726.49 79.3019 726.086L80.1239 726.404C79.8679 726.968 79.4899 727.406 78.9899 727.718C78.4939 728.026 77.9319 728.18 77.3039 728.18ZM74.8259 725.006V724.268H79.7759V725.006H74.8259ZM85.6914 728.18C85.0954 728.18 84.5914 728.03 84.1794 727.73C83.7674 727.426 83.4554 727.016 83.2434 726.5C83.0314 725.98 82.9254 725.398 82.9254 724.754C82.9254 724.098 83.0314 723.514 83.2434 723.002C83.4594 722.486 83.7754 722.08 84.1914 721.784C84.6074 721.488 85.1194 721.34 85.7274 721.34C86.3194 721.34 86.8274 721.49 87.2514 721.79C87.6754 722.09 87.9994 722.498 88.2234 723.014C88.4514 723.53 88.5654 724.11 88.5654 724.754C88.5654 725.402 88.4514 725.984 88.2234 726.5C87.9954 727.016 87.6674 727.426 87.2394 727.73C86.8114 728.03 86.2954 728.18 85.6914 728.18ZM82.7754 730.88V721.52H83.5674V726.398H83.6634V730.88H82.7754ZM85.6014 727.358C86.0534 727.358 86.4294 727.244 86.7294 727.016C87.0294 726.788 87.2534 726.478 87.4014 726.086C87.5534 725.69 87.6294 725.246 87.6294 724.754C87.6294 724.266 87.5554 723.826 87.4074 723.434C87.2594 723.042 87.0334 722.732 86.7294 722.504C86.4294 722.276 86.0474 722.162 85.5834 722.162C85.1314 722.162 84.7554 722.272 84.4554 722.492C84.1594 722.712 83.9374 723.018 83.7894 723.41C83.6414 723.798 83.5674 724.246 83.5674 724.754C83.5674 725.254 83.6414 725.702 83.7894 726.098C83.9374 726.49 84.1614 726.798 84.4614 727.022C84.7614 727.246 85.1414 727.358 85.6014 727.358ZM96.231 721.52V728H95.373V722.954L91.821 728H91.077V721.52H91.935V726.524L95.493 721.52H96.231ZM100.873 728V722.336H98.575V721.52H104.053V722.336H101.755V728H100.873ZM106.403 728L106.391 721.52H107.279V723.962H108.797C108.985 723.962 109.169 723.966 109.349 723.974C109.533 723.982 109.695 723.998 109.835 724.022C110.155 724.082 110.439 724.188 110.687 724.34C110.939 724.492 111.135 724.702 111.275 724.97C111.419 725.238 111.491 725.574 111.491 725.978C111.491 726.534 111.347 726.972 111.059 727.292C110.775 727.612 110.415 727.82 109.979 727.916C109.815 727.952 109.637 727.976 109.445 727.988C109.253 727.996 109.063 728 108.875 728H106.403ZM107.279 727.244H108.839C108.975 727.244 109.127 727.24 109.295 727.232C109.463 727.224 109.611 727.202 109.739 727.166C109.951 727.106 110.143 726.986 110.315 726.806C110.491 726.622 110.579 726.346 110.579 725.978C110.579 725.614 110.495 725.34 110.327 725.156C110.159 724.968 109.935 724.844 109.655 724.784C109.531 724.756 109.397 724.738 109.253 724.73C109.109 724.722 108.971 724.718 108.839 724.718H107.279V727.244ZM119.368 728V722.336H117.07V721.52H122.548V722.336H120.25V728H119.368ZM127.48 728.18C126.836 728.18 126.286 728.034 125.83 727.742C125.374 727.45 125.024 727.046 124.78 726.53C124.536 726.014 124.414 725.422 124.414 724.754C124.414 724.074 124.538 723.478 124.786 722.966C125.034 722.454 125.386 722.056 125.842 721.772C126.302 721.484 126.848 721.34 127.48 721.34C128.128 721.34 128.68 721.486 129.136 721.778C129.596 722.066 129.946 722.468 130.186 722.984C130.43 723.496 130.552 724.086 130.552 724.754C130.552 725.434 130.43 726.032 130.186 726.548C129.942 727.06 129.59 727.46 129.13 727.748C128.67 728.036 128.12 728.18 127.48 728.18ZM127.48 727.334C128.2 727.334 128.736 727.096 129.088 726.62C129.44 726.14 129.616 725.518 129.616 724.754C129.616 723.97 129.438 723.346 129.082 722.882C128.73 722.418 128.196 722.186 127.48 722.186C126.996 722.186 126.596 722.296 126.28 722.516C125.968 722.732 125.734 723.034 125.578 723.422C125.426 723.806 125.35 724.25 125.35 724.754C125.35 725.534 125.53 726.16 125.89 726.632C126.25 727.1 126.78 727.334 127.48 727.334ZM132.476 728V727.226C132.716 727.27 132.898 727.26 133.022 727.196C133.15 727.128 133.244 727.016 133.304 726.86C133.364 726.7 133.414 726.502 133.454 726.266C133.518 725.874 133.576 725.442 133.628 724.97C133.68 724.498 133.726 723.978 133.766 723.41C133.81 722.838 133.854 722.208 133.898 721.52H138.302V728H137.426V722.366H134.714C134.686 722.79 134.654 723.212 134.618 723.632C134.582 724.052 134.544 724.456 134.504 724.844C134.468 725.228 134.428 725.582 134.384 725.906C134.34 726.23 134.294 726.51 134.246 726.746C134.174 727.102 134.078 727.386 133.958 727.598C133.842 727.81 133.668 727.95 133.436 728.018C133.204 728.086 132.884 728.08 132.476 728ZM141.184 728L141.172 721.52H142.06V723.962H143.578C143.766 723.962 143.95 723.966 144.13 723.974C144.314 723.982 144.476 723.998 144.616 724.022C144.936 724.082 145.22 724.188 145.468 724.34C145.72 724.492 145.916 724.702 146.056 724.97C146.2 725.238 146.272 725.574 146.272 725.978C146.272 726.534 146.128 726.972 145.84 727.292C145.556 727.612 145.196 727.82 144.76 727.916C144.596 727.952 144.418 727.976 144.226 727.988C144.034 727.996 143.844 728 143.656 728H141.184ZM142.06 727.244H143.62C143.756 727.244 143.908 727.24 144.076 727.232C144.244 727.224 144.392 727.202 144.52 727.166C144.732 727.106 144.924 726.986 145.096 726.806C145.272 726.622 145.36 726.346 145.36 725.978C145.36 725.614 145.276 725.34 145.108 725.156C144.94 724.968 144.716 724.844 144.436 724.784C144.312 724.756 144.178 724.738 144.034 724.73C143.89 724.722 143.752 724.718 143.62 724.718H142.06V727.244ZM148.782 728L148.788 721.52H149.676V724.64L152.568 721.52H153.744L150.708 724.76L154.14 728H152.856L149.676 724.88V728H148.782ZM158.53 728.18C157.886 728.18 157.336 728.034 156.88 727.742C156.424 727.45 156.074 727.046 155.83 726.53C155.586 726.014 155.464 725.422 155.464 724.754C155.464 724.074 155.588 723.478 155.836 722.966C156.084 722.454 156.436 722.056 156.892 721.772C157.352 721.484 157.898 721.34 158.53 721.34C159.178 721.34 159.73 721.486 160.186 721.778C160.646 722.066 160.996 722.468 161.236 722.984C161.48 723.496 161.602 724.086 161.602 724.754C161.602 725.434 161.48 726.032 161.236 726.548C160.992 727.06 160.64 727.46 160.18 727.748C159.72 728.036 159.17 728.18 158.53 728.18ZM158.53 727.334C159.25 727.334 159.786 727.096 160.138 726.62C160.49 726.14 160.666 725.518 160.666 724.754C160.666 723.97 160.488 723.346 160.132 722.882C159.78 722.418 159.246 722.186 158.53 722.186C158.046 722.186 157.646 722.296 157.33 722.516C157.018 722.732 156.784 723.034 156.628 723.422C156.476 723.806 156.4 724.25 156.4 724.754C156.4 725.534 156.58 726.16 156.94 726.632C157.3 727.1 157.83 727.334 158.53 727.334ZM167.722 728V721.52H172.876V728H171.994V722.366H168.604V728H167.722ZM178.466 728.18C177.822 728.18 177.272 728.034 176.816 727.742C176.36 727.45 176.01 727.046 175.766 726.53C175.522 726.014 175.4 725.422 175.4 724.754C175.4 724.074 175.524 723.478 175.772 722.966C176.02 722.454 176.372 722.056 176.828 721.772C177.288 721.484 177.834 721.34 178.466 721.34C179.114 721.34 179.666 721.486 180.122 721.778C180.582 722.066 180.932 722.468 181.172 722.984C181.416 723.496 181.538 724.086 181.538 724.754C181.538 725.434 181.416 726.032 181.172 726.548C180.928 727.06 180.576 727.46 180.116 727.748C179.656 728.036 179.106 728.18 178.466 728.18ZM178.466 727.334C179.186 727.334 179.722 727.096 180.074 726.62C180.426 726.14 180.602 725.518 180.602 724.754C180.602 723.97 180.424 723.346 180.068 722.882C179.716 722.418 179.182 722.186 178.466 722.186C177.982 722.186 177.582 722.296 177.266 722.516C176.954 722.732 176.72 723.034 176.564 723.422C176.412 723.806 176.336 724.25 176.336 724.754C176.336 725.534 176.516 726.16 176.876 726.632C177.236 727.1 177.766 727.334 178.466 727.334ZM186.75 728.18C186.098 728.18 185.546 728.034 185.094 727.742C184.642 727.45 184.298 727.048 184.062 726.536C183.83 726.02 183.71 725.428 183.702 724.76C183.71 724.08 183.834 723.484 184.074 722.972C184.314 722.456 184.66 722.056 185.112 721.772C185.564 721.484 186.112 721.34 186.756 721.34C187.412 721.34 187.982 721.5 188.466 721.82C188.954 722.14 189.288 722.578 189.468 723.134L188.604 723.41C188.452 723.022 188.21 722.722 187.878 722.51C187.55 722.294 187.174 722.186 186.75 722.186C186.274 722.186 185.88 722.296 185.568 722.516C185.256 722.732 185.024 723.034 184.872 723.422C184.72 723.81 184.642 724.256 184.638 724.76C184.646 725.536 184.826 726.16 185.178 726.632C185.53 727.1 186.054 727.334 186.75 727.334C187.19 727.334 187.564 727.234 187.872 727.034C188.184 726.83 188.42 726.534 188.58 726.146L189.468 726.41C189.228 726.986 188.876 727.426 188.412 727.73C187.948 728.03 187.394 728.18 186.75 728.18ZM191.131 728V727.226C191.371 727.27 191.553 727.26 191.677 727.196C191.805 727.128 191.899 727.016 191.959 726.86C192.019 726.7 192.069 726.502 192.109 726.266C192.173 725.874 192.231 725.442 192.283 724.97C192.335 724.498 192.381 723.978 192.421 723.41C192.465 722.838 192.509 722.208 192.553 721.52H196.957V728H196.081V722.366H193.369C193.341 722.79 193.309 723.212 193.273 723.632C193.237 724.052 193.199 724.456 193.159 724.844C193.123 725.228 193.083 725.582 193.039 725.906C192.995 726.23 192.949 726.51 192.901 726.746C192.829 727.102 192.733 727.386 192.613 727.598C192.497 727.81 192.323 727.95 192.091 728.018C191.859 728.086 191.539 728.08 191.131 728ZM202.575 728.18C201.943 728.18 201.395 728.04 200.931 727.76C200.471 727.48 200.113 727.086 199.857 726.578C199.601 726.07 199.473 725.474 199.473 724.79C199.473 724.082 199.599 723.47 199.851 722.954C200.103 722.438 200.457 722.04 200.913 721.76C201.373 721.48 201.915 721.34 202.539 721.34C203.179 721.34 203.725 721.488 204.177 721.784C204.629 722.076 204.971 722.496 205.203 723.044C205.435 723.592 205.541 724.246 205.521 725.006H204.621V724.694C204.605 723.854 204.423 723.22 204.075 722.792C203.731 722.364 203.227 722.15 202.563 722.15C201.867 722.15 201.333 722.376 200.961 722.828C200.593 723.28 200.409 723.924 200.409 724.76C200.409 725.576 200.593 726.21 200.961 726.662C201.333 727.11 201.859 727.334 202.539 727.334C203.003 727.334 203.407 727.228 203.751 727.016C204.099 726.8 204.373 726.49 204.573 726.086L205.395 726.404C205.139 726.968 204.761 727.406 204.261 727.718C203.765 728.026 203.203 728.18 202.575 728.18ZM200.097 725.006V724.268H205.047V725.006H200.097ZM207.572 729.44V727.244C207.94 727.244 208.204 727.126 208.364 726.89C208.524 726.65 208.654 726.268 208.754 725.744C208.822 725.404 208.878 725.038 208.922 724.646C208.966 724.254 209.004 723.806 209.036 723.302C209.068 722.794 209.098 722.2 209.126 721.52H213.41V727.244H214.034V729.44H213.182V728H208.418V729.44H207.572ZM209.066 727.244H212.534V722.276H209.942C209.93 722.58 209.912 722.902 209.888 723.242C209.868 723.582 209.842 723.922 209.81 724.262C209.782 724.602 209.748 724.922 209.708 725.222C209.672 725.518 209.628 725.778 209.576 726.002C209.516 726.29 209.45 726.536 209.378 726.74C209.31 726.944 209.206 727.112 209.066 727.244ZM216.43 728V721.52H217.312V724.334H220.966V721.52H221.848V728H220.966V725.18H217.312V728H216.43ZM229.874 721.52V728H229.016V722.954L225.464 728H224.72V721.52H225.578V726.524L229.136 721.52H229.874ZM235.5 728.18C234.868 728.18 234.32 728.04 233.856 727.76C233.396 727.48 233.038 727.086 232.782 726.578C232.526 726.07 232.398 725.474 232.398 724.79C232.398 724.082 232.524 723.47 232.776 722.954C233.028 722.438 233.382 722.04 233.838 721.76C234.298 721.48 234.84 721.34 235.464 721.34C236.104 721.34 236.65 721.488 237.102 721.784C237.554 722.076 237.896 722.496 238.128 723.044C238.36 723.592 238.466 724.246 238.446 725.006H237.546V724.694C237.53 723.854 237.348 723.22 237 722.792C236.656 722.364 236.152 722.15 235.488 722.15C234.792 722.15 234.258 722.376 233.886 722.828C233.518 723.28 233.334 723.924 233.334 724.76C233.334 725.576 233.518 726.21 233.886 726.662C234.258 727.11 234.784 727.334 235.464 727.334C235.928 727.334 236.332 727.228 236.676 727.016C237.024 726.8 237.298 726.49 237.498 726.086L238.32 726.404C238.064 726.968 237.686 727.406 237.186 727.718C236.69 728.026 236.128 728.18 235.5 728.18ZM233.022 725.006V724.268H237.972V725.006H233.022Z" fill="#B4B4B4"/>
<path d="M20.18 748.376H20.9C21.268 747.92 21.552 747.276 21.752 746.444C21.952 745.612 22.052 744.524 22.052 743.18V740.624H25.832V748.376H26.888V750.8H26.216V749H20.852V750.8H20.18V748.376ZM25.112 741.248H22.76V743.216C22.76 744.568 22.664 745.664 22.472 746.504C22.288 747.336 22.044 747.96 21.74 748.376H25.112V741.248ZM30.7953 749.144C29.9473 749.144 29.2833 748.86 28.8033 748.292C28.3313 747.724 28.0953 746.928 28.0953 745.904C28.0953 744.88 28.3313 744.084 28.8033 743.516C29.2833 742.948 29.9473 742.664 30.7953 742.664C31.6433 742.664 32.3033 742.948 32.7753 743.516C33.2553 744.084 33.4953 744.88 33.4953 745.904C33.4953 746.928 33.2553 747.724 32.7753 748.292C32.3033 748.86 31.6433 749.144 30.7953 749.144ZM30.7953 748.544C31.4033 748.544 31.8833 748.352 32.2353 747.968C32.5873 747.584 32.7633 747.024 32.7633 746.288V745.52C32.7633 744.784 32.5873 744.224 32.2353 743.84C31.8833 743.456 31.4033 743.264 30.7953 743.264C30.1873 743.264 29.7073 743.456 29.3553 743.84C29.0033 744.224 28.8273 744.784 28.8273 745.52V746.288C28.8273 747.024 29.0033 747.584 29.3553 747.968C29.7073 748.352 30.1873 748.544 30.7953 748.544ZM35.6746 742.808H40.3066V749H39.6226V743.396H36.3586V749H35.6746V742.808ZM45.1859 749.144C44.3379 749.144 43.6739 748.86 43.1939 748.292C42.7219 747.724 42.4859 746.928 42.4859 745.904C42.4859 744.88 42.7219 744.084 43.1939 743.516C43.6739 742.948 44.3379 742.664 45.1859 742.664C46.0339 742.664 46.6939 742.948 47.1659 743.516C47.6459 744.084 47.8859 744.88 47.8859 745.904C47.8859 746.928 47.6459 747.724 47.1659 748.292C46.6939 748.86 46.0339 749.144 45.1859 749.144ZM45.1859 748.544C45.7939 748.544 46.2739 748.352 46.6259 747.968C46.9779 747.584 47.1539 747.024 47.1539 746.288V745.52C47.1539 744.784 46.9779 744.224 46.6259 743.84C46.2739 743.456 45.7939 743.264 45.1859 743.264C44.5779 743.264 44.0979 743.456 43.7459 743.84C43.3939 744.224 43.2179 744.784 43.2179 745.52V746.288C43.2179 747.024 43.3939 747.584 43.7459 747.968C44.0979 748.352 44.5779 748.544 45.1859 748.544ZM49.0813 748.412H49.8133C49.9413 748.268 50.0573 748.092 50.1613 747.884C50.2653 747.668 50.3533 747.412 50.4253 747.116C50.5053 746.812 50.5653 746.456 50.6053 746.048C50.6453 745.64 50.6653 745.168 50.6653 744.632V742.808H54.5533V749H53.8693V743.396H51.3373V744.656C51.3373 745.792 51.2453 746.684 51.0613 747.332C50.8853 747.972 50.6613 748.424 50.3893 748.688C50.2773 748.8 50.1493 748.88 50.0053 748.928C49.8613 748.976 49.6973 749 49.5133 749H49.0813V748.412ZM57.2246 742.808H57.9086V745.496H61.2446V742.808H61.9286V749H61.2446V746.084H57.9086V749H57.2246V742.808ZM64.4199 742.808H65.1039V746.66L65.0199 748.004H65.0559L65.7639 746.912L68.4759 742.808H69.1239V749H68.4399V745.148L68.5239 743.804H68.4879L67.7799 744.896L65.0679 749H64.4199V742.808ZM73.6192 743.396H71.2552V742.808H76.6672V743.396H74.3032V749H73.6192V743.396ZM81.2585 749.144C80.3945 749.144 79.7145 748.864 79.2185 748.304C78.7305 747.736 78.4865 746.94 78.4865 745.916C78.4865 745.404 78.5505 744.948 78.6785 744.548C78.8065 744.14 78.9865 743.8 79.2185 743.528C79.4585 743.248 79.7465 743.036 80.0825 742.892C80.4185 742.74 80.7905 742.664 81.1985 742.664C81.6145 742.664 81.9865 742.74 82.3145 742.892C82.6425 743.036 82.9185 743.244 83.1425 743.516C83.3745 743.788 83.5505 744.112 83.6705 744.488C83.7905 744.864 83.8505 745.28 83.8505 745.736V746.036H79.2065V746.336C79.2065 747 79.3865 747.536 79.7465 747.944C80.1065 748.344 80.6105 748.544 81.2585 748.544C81.7145 748.544 82.1025 748.44 82.4225 748.232C82.7505 748.024 83.0025 747.716 83.1785 747.308L83.6945 747.632C83.5105 748.088 83.2105 748.456 82.7945 748.736C82.3785 749.008 81.8665 749.144 81.2585 749.144ZM81.1985 743.24C80.8945 743.24 80.6185 743.296 80.3705 743.408C80.1305 743.512 79.9225 743.66 79.7465 743.852C79.5785 744.044 79.4465 744.276 79.3505 744.548C79.2545 744.82 79.2065 745.12 79.2065 745.448V745.52H83.1185V745.424C83.1185 744.752 82.9465 744.22 82.6025 743.828C82.2665 743.436 81.7985 743.24 81.1985 743.24ZM85.0578 748.412H85.7898C85.9178 748.268 86.0338 748.092 86.1378 747.884C86.2418 747.668 86.3298 747.412 86.4018 747.116C86.4818 746.812 86.5418 746.456 86.5818 746.048C86.6218 745.64 86.6418 745.168 86.6418 744.632V742.808H90.5298V749H89.8458V743.396H87.3138V744.656C87.3138 745.792 87.2218 746.684 87.0378 747.332C86.8618 747.972 86.6378 748.424 86.3658 748.688C86.2538 748.8 86.1258 748.88 85.9818 748.928C85.8378 748.976 85.6738 749 85.4898 749H85.0578V748.412ZM93.3811 742.808H94.0651V745.208H96.1651C96.7651 745.208 97.2371 745.372 97.5811 745.7C97.9251 746.02 98.0971 746.488 98.0971 747.104C98.0971 747.72 97.9251 748.192 97.5811 748.52C97.2371 748.84 96.7651 749 96.1651 749H93.3811V742.808ZM96.0811 748.412C96.4891 748.412 96.8051 748.32 97.0291 748.136C97.2531 747.952 97.3651 747.68 97.3651 747.32V746.888C97.3651 746.528 97.2531 746.256 97.0291 746.072C96.8051 745.888 96.4891 745.796 96.0811 745.796H94.0651V748.412H96.0811ZM100.396 742.808H101.08V745.496H104.416V742.808H105.1V749H104.416V746.084H101.08V749H100.396V742.808ZM107.088 742.808H107.772V745.208H109.104C109.704 745.208 110.176 745.372 110.52 745.7C110.864 746.02 111.036 746.488 111.036 747.104C111.036 747.72 110.864 748.192 110.52 748.52C110.176 748.84 109.704 749 109.104 749H107.088V742.808ZM109.02 748.412C109.428 748.412 109.744 748.32 109.968 748.136C110.192 747.952 110.304 747.68 110.304 747.32V746.888C110.304 746.528 110.192 746.256 109.968 746.072C109.744 745.888 109.428 745.796 109.02 745.796H107.772V748.412H109.02ZM112.128 742.808H112.812V749H112.128V742.808ZM114.787 742.808H115.471V746.66L115.387 748.004H115.423L116.131 746.912L118.843 742.808H119.491V749H118.807V745.148L118.891 743.804H118.855L118.147 744.896L115.435 749H114.787V742.808ZM117.127 741.812C116.751 741.812 116.443 741.728 116.203 741.56C115.971 741.384 115.763 741.112 115.579 740.744L115.231 740.06L115.843 739.856L116.359 741.044C116.455 741.132 116.571 741.196 116.707 741.236C116.851 741.268 116.991 741.284 117.127 741.284C117.263 741.284 117.399 741.268 117.535 741.236C117.679 741.196 117.799 741.132 117.895 741.044L118.411 739.856L119.023 740.06L118.675 740.744C118.491 741.112 118.279 741.384 118.039 741.56C117.807 741.728 117.503 741.812 117.127 741.812ZM129.214 742.808H129.898V743.792H129.934C130.11 743.456 130.354 743.184 130.666 742.976C130.986 742.768 131.382 742.664 131.854 742.664C132.63 742.664 133.234 742.944 133.666 743.504C134.098 744.056 134.314 744.856 134.314 745.904C134.314 746.952 134.098 747.756 133.666 748.316C133.234 748.868 132.63 749.144 131.854 749.144C131.382 749.144 130.986 749.04 130.666 748.832C130.354 748.624 130.11 748.352 129.934 748.016H129.898V751.4H129.214V742.808ZM131.626 748.532C132.25 748.532 132.73 748.336 133.066 747.944C133.41 747.552 133.582 747.016 133.582 746.336V745.472C133.582 744.792 133.41 744.256 133.066 743.864C132.73 743.472 132.25 743.276 131.626 743.276C131.394 743.276 131.174 743.308 130.966 743.372C130.758 743.436 130.574 743.528 130.414 743.648C130.254 743.768 130.126 743.916 130.03 744.092C129.942 744.268 129.898 744.464 129.898 744.68V747.128C129.898 747.344 129.942 747.54 130.03 747.716C130.126 747.892 130.254 748.04 130.414 748.16C130.574 748.28 130.758 748.372 130.966 748.436C131.174 748.5 131.394 748.532 131.626 748.532ZM138.821 749.144C137.957 749.144 137.277 748.864 136.781 748.304C136.293 747.736 136.049 746.94 136.049 745.916C136.049 745.404 136.113 744.948 136.241 744.548C136.369 744.14 136.549 743.8 136.781 743.528C137.021 743.248 137.309 743.036 137.645 742.892C137.981 742.74 138.353 742.664 138.761 742.664C139.177 742.664 139.549 742.74 139.877 742.892C140.205 743.036 140.481 743.244 140.705 743.516C140.937 743.788 141.113 744.112 141.233 744.488C141.353 744.864 141.413 745.28 141.413 745.736V746.036H136.769V746.336C136.769 747 136.949 747.536 137.309 747.944C137.669 748.344 138.173 748.544 138.821 748.544C139.277 748.544 139.665 748.44 139.985 748.232C140.313 748.024 140.565 747.716 140.741 747.308L141.257 747.632C141.073 748.088 140.773 748.456 140.357 748.736C139.941 749.008 139.429 749.144 138.821 749.144ZM138.761 743.24C138.457 743.24 138.181 743.296 137.933 743.408C137.693 743.512 137.485 743.66 137.309 743.852C137.141 744.044 137.009 744.276 136.913 744.548C136.817 744.82 136.769 745.12 136.769 745.448V745.52H140.681V745.424C140.681 744.752 140.509 744.22 140.165 743.828C139.829 743.436 139.361 743.24 138.761 743.24ZM145.596 746.072H144.312L143.424 749H142.74L143.52 746.432C143.584 746.232 143.656 746.084 143.736 745.988C143.816 745.892 143.924 745.832 144.06 745.808V745.76C143.828 745.712 143.656 745.512 143.544 745.16L142.812 742.808H143.472L144.312 745.508H145.596V742.808H146.244V745.508H147.528L148.368 742.808H149.028L148.296 745.16C148.184 745.512 148.012 745.712 147.78 745.76V745.808C147.916 745.832 148.024 745.892 148.104 745.988C148.184 746.084 148.256 746.232 148.32 746.432L149.1 749H148.416L147.528 746.072H146.244V749H145.596V746.072ZM150.764 742.808H151.448V746.66L151.364 748.004H151.4L152.108 746.912L154.82 742.808H155.468V749H154.784V745.148L154.868 743.804H154.832L154.124 744.896L151.412 749H150.764V742.808ZM157.635 742.808H158.595L160.311 746.372H160.371L162.087 742.808H162.987V749H162.327V744.896L162.351 743.672H162.291L160.311 747.8L158.331 743.672H158.271L158.295 744.896V749H157.635V742.808ZM171.414 748.412H172.098C172.354 748.06 172.57 747.592 172.746 747.008C172.922 746.424 173.01 745.676 173.01 744.764V742.808H176.79V748.412H177.858V750.68H177.222V749H172.05V750.68H171.414V748.412ZM176.106 748.412V743.396H173.682V744.788C173.682 745.244 173.662 745.656 173.622 746.024C173.582 746.384 173.526 746.712 173.454 747.008C173.382 747.304 173.298 747.568 173.202 747.8C173.106 748.024 172.998 748.228 172.878 748.412H176.106ZM178.597 748.412H179.329C179.457 748.268 179.573 748.092 179.677 747.884C179.781 747.668 179.869 747.412 179.941 747.116C180.021 746.812 180.081 746.456 180.121 746.048C180.161 745.64 180.181 745.168 180.181 744.632V742.808H184.069V749H183.385V743.396H180.853V744.656C180.853 745.792 180.761 746.684 180.577 747.332C180.401 747.972 180.177 748.424 179.905 748.688C179.793 748.8 179.665 748.88 179.521 748.928C179.377 748.976 179.213 749 179.029 749H178.597V748.412ZM186.356 748.412H187.04L187.82 746.924C187.9 746.78 187.98 746.668 188.06 746.588C188.148 746.508 188.252 746.456 188.372 746.432V746.396C187.86 746.38 187.448 746.228 187.136 745.94C186.824 745.652 186.668 745.22 186.668 744.644C186.668 744.052 186.84 743.6 187.184 743.288C187.528 742.968 187.996 742.808 188.588 742.808H191.24V749H190.556V746.48H188.828L187.796 748.436C187.692 748.62 187.58 748.76 187.46 748.856C187.34 748.952 187.188 749 187.004 749H186.356V748.412ZM190.556 743.396H188.696C188.288 743.396 187.968 743.484 187.736 743.66C187.512 743.836 187.4 744.1 187.4 744.452V744.836C187.4 745.188 187.512 745.452 187.736 745.628C187.968 745.804 188.288 745.892 188.696 745.892H190.556V743.396ZM203.495 749.144C202.671 749.144 202.015 748.852 201.527 748.268C201.047 747.676 200.807 746.784 200.807 745.592C200.807 744.608 200.867 743.776 200.987 743.096C201.107 742.416 201.291 741.864 201.539 741.44C201.795 741.016 202.123 740.704 202.523 740.504C202.923 740.296 203.407 740.176 203.975 740.144L205.763 740.036V740.708L203.915 740.828C203.499 740.852 203.151 740.932 202.871 741.068C202.591 741.204 202.359 741.408 202.175 741.68C201.991 741.952 201.847 742.304 201.743 742.736C201.647 743.168 201.575 743.692 201.527 744.308H201.587C201.771 743.78 202.031 743.4 202.367 743.168C202.711 742.928 203.111 742.808 203.567 742.808C204.367 742.808 205.003 743.084 205.475 743.636C205.947 744.188 206.183 744.972 206.183 745.988C206.183 746.468 206.119 746.904 205.991 747.296C205.863 747.688 205.683 748.02 205.451 748.292C205.219 748.564 204.935 748.776 204.599 748.928C204.271 749.072 203.903 749.144 203.495 749.144ZM203.495 748.544C204.079 748.544 204.551 748.356 204.911 747.98C205.271 747.596 205.451 747.044 205.451 746.324V745.616C205.451 744.896 205.271 744.348 204.911 743.972C204.551 743.588 204.079 743.396 203.495 743.396C202.911 743.396 202.439 743.588 202.079 743.972C201.719 744.348 201.539 744.896 201.539 745.616V746.324C201.539 747.044 201.719 747.596 202.079 747.98C202.439 748.356 202.911 748.544 203.495 748.544ZM207.822 742.808H208.506V745.208H209.838C210.438 745.208 210.91 745.372 211.254 745.7C211.598 746.02 211.77 746.488 211.77 747.104C211.77 747.72 211.598 748.192 211.254 748.52C210.91 748.84 210.438 749 209.838 749H207.822V742.808ZM209.754 748.412C210.162 748.412 210.478 748.32 210.702 748.136C210.926 747.952 211.038 747.68 211.038 747.32V746.888C211.038 746.528 210.926 746.256 210.702 746.072C210.478 745.888 210.162 745.796 209.754 745.796H208.506V748.412H209.754ZM212.862 742.808H213.546V749H212.862V742.808ZM218.113 749.144C217.249 749.144 216.581 748.86 216.109 748.292C215.637 747.724 215.401 746.928 215.401 745.904C215.401 744.88 215.637 744.084 216.109 743.516C216.589 742.948 217.253 742.664 218.101 742.664C218.677 742.664 219.149 742.796 219.517 743.06C219.885 743.316 220.149 743.648 220.309 744.056L219.757 744.332C219.629 743.988 219.425 743.724 219.145 743.54C218.865 743.356 218.517 743.264 218.101 743.264C217.469 743.264 216.981 743.468 216.637 743.876C216.301 744.276 216.133 744.808 216.133 745.472V746.336C216.133 747 216.301 747.536 216.637 747.944C216.981 748.344 217.473 748.544 218.113 748.544C218.553 748.544 218.921 748.444 219.217 748.244C219.513 748.044 219.741 747.764 219.901 747.404L220.405 747.728C220.229 748.136 219.953 748.476 219.577 748.748C219.201 749.012 218.713 749.144 218.113 749.144ZM224.721 743.396H222.357V742.808H227.769V743.396H225.405V749H224.721V743.396ZM229.948 742.808H230.632V743.792H230.668C230.844 743.456 231.088 743.184 231.4 742.976C231.72 742.768 232.116 742.664 232.588 742.664C233.364 742.664 233.968 742.944 234.4 743.504C234.832 744.056 235.048 744.856 235.048 745.904C235.048 746.952 234.832 747.756 234.4 748.316C233.968 748.868 233.364 749.144 232.588 749.144C232.116 749.144 231.72 749.04 231.4 748.832C231.088 748.624 230.844 748.352 230.668 748.016H230.632V751.4H229.948V742.808ZM232.36 748.532C232.984 748.532 233.464 748.336 233.8 747.944C234.144 747.552 234.316 747.016 234.316 746.336V745.472C234.316 744.792 234.144 744.256 233.8 743.864C233.464 743.472 232.984 743.276 232.36 743.276C232.128 743.276 231.908 743.308 231.7 743.372C231.492 743.436 231.308 743.528 231.148 743.648C230.988 743.768 230.86 743.916 230.764 744.092C230.676 744.268 230.632 744.464 230.632 744.68V747.128C230.632 747.344 230.676 747.54 230.764 747.716C230.86 747.892 230.988 748.04 231.148 748.16C231.308 748.28 231.492 748.372 231.7 748.436C231.908 748.5 232.128 748.532 232.36 748.532ZM239.459 749.144C238.611 749.144 237.947 748.86 237.467 748.292C236.995 747.724 236.759 746.928 236.759 745.904C236.759 744.88 236.995 744.084 237.467 743.516C237.947 742.948 238.611 742.664 239.459 742.664C240.307 742.664 240.967 742.948 241.439 743.516C241.919 744.084 242.159 744.88 242.159 745.904C242.159 746.928 241.919 747.724 241.439 748.292C240.967 748.86 240.307 749.144 239.459 749.144ZM239.459 748.544C240.067 748.544 240.547 748.352 240.899 747.968C241.251 747.584 241.427 747.024 241.427 746.288V745.52C241.427 744.784 241.251 744.224 240.899 743.84C240.547 743.456 240.067 743.264 239.459 743.264C238.851 743.264 238.371 743.456 238.019 743.84C237.667 744.224 237.491 744.784 237.491 745.52V746.288C237.491 747.024 237.667 747.584 238.019 747.968C238.371 748.352 238.851 748.544 239.459 748.544ZM244.303 742.808H244.987V746.66L244.903 748.004H244.939L245.647 746.912L248.359 742.808H249.007V749H248.323V745.148L248.407 743.804H248.371L247.663 744.896L244.951 749H244.303V742.808ZM246.643 741.812C246.267 741.812 245.959 741.728 245.719 741.56C245.487 741.384 245.279 741.112 245.095 740.744L244.747 740.06L245.359 739.856L245.875 741.044C245.971 741.132 246.087 741.196 246.223 741.236C246.367 741.268 246.507 741.284 246.643 741.284C246.779 741.284 246.915 741.268 247.051 741.236C247.195 741.196 247.315 741.132 247.411 741.044L247.927 739.856L248.539 740.06L248.191 740.744C248.007 741.112 247.795 741.384 247.555 741.56C247.323 741.728 247.019 741.812 246.643 741.812ZM21.284 758.808H25.916V765H25.232V759.396H21.968V765H21.284V758.808ZM28.4793 758.808H29.1633V759.792H29.1993C29.3753 759.456 29.6193 759.184 29.9313 758.976C30.2513 758.768 30.6473 758.664 31.1193 758.664C31.8953 758.664 32.4993 758.944 32.9313 759.504C33.3633 760.056 33.5793 760.856 33.5793 761.904C33.5793 762.952 33.3633 763.756 32.9313 764.316C32.4993 764.868 31.8953 765.144 31.1193 765.144C30.6473 765.144 30.2513 765.04 29.9313 764.832C29.6193 764.624 29.3753 764.352 29.1993 764.016H29.1633V767.4H28.4793V758.808ZM30.8913 764.532C31.5153 764.532 31.9953 764.336 32.3313 763.944C32.6753 763.552 32.8473 763.016 32.8473 762.336V761.472C32.8473 760.792 32.6753 760.256 32.3313 759.864C31.9953 759.472 31.5153 759.276 30.8913 759.276C30.6593 759.276 30.4393 759.308 30.2313 759.372C30.0233 759.436 29.8393 759.528 29.6793 759.648C29.5193 759.768 29.3913 759.916 29.2953 760.092C29.2073 760.268 29.1633 760.464 29.1633 760.68V763.128C29.1633 763.344 29.2073 763.54 29.2953 763.716C29.3913 763.892 29.5193 764.04 29.6793 764.16C29.8393 764.28 30.0233 764.372 30.2313 764.436C30.4393 764.5 30.6593 764.532 30.8913 764.532ZM37.9906 765.144C37.1426 765.144 36.4786 764.86 35.9986 764.292C35.5266 763.724 35.2906 762.928 35.2906 761.904C35.2906 760.88 35.5266 760.084 35.9986 759.516C36.4786 758.948 37.1426 758.664 37.9906 758.664C38.8386 758.664 39.4986 758.948 39.9706 759.516C40.4506 760.084 40.6906 760.88 40.6906 761.904C40.6906 762.928 40.4506 763.724 39.9706 764.292C39.4986 764.86 38.8386 765.144 37.9906 765.144ZM37.9906 764.544C38.5986 764.544 39.0786 764.352 39.4306 763.968C39.7826 763.584 39.9586 763.024 39.9586 762.288V761.52C39.9586 760.784 39.7826 760.224 39.4306 759.84C39.0786 759.456 38.5986 759.264 37.9906 759.264C37.3826 759.264 36.9026 759.456 36.5506 759.84C36.1986 760.224 36.0226 760.784 36.0226 761.52V762.288C36.0226 763.024 36.1986 763.584 36.5506 763.968C36.9026 764.352 37.3826 764.544 37.9906 764.544ZM42.9779 758.808H45.9419C46.4459 758.808 46.8419 758.944 47.1299 759.216C47.4259 759.488 47.5739 759.872 47.5739 760.368C47.5739 760.768 47.4699 761.08 47.2619 761.304C47.0619 761.528 46.7779 761.668 46.4099 761.724V761.76C46.8579 761.808 47.1979 761.964 47.4299 762.228C47.6619 762.484 47.7779 762.82 47.7779 763.236C47.7779 763.756 47.6219 764.18 47.3099 764.508C46.9979 764.836 46.5579 765 45.9899 765H42.9779V758.808ZM45.8459 764.448C46.2299 764.448 46.5259 764.356 46.7339 764.172C46.9419 763.988 47.0459 763.728 47.0459 763.392V763.116C47.0459 762.78 46.9419 762.52 46.7339 762.336C46.5259 762.152 46.2419 762.06 45.8819 762.06H43.6619V764.448H45.8459ZM45.7979 761.52C46.1259 761.52 46.3819 761.436 46.5659 761.268C46.7499 761.1 46.8419 760.868 46.8419 760.572V760.308C46.8419 760.012 46.7499 759.78 46.5659 759.612C46.3819 759.444 46.1259 759.36 45.7979 759.36H43.6619V761.52H45.7979ZM52.4773 765.144C51.6133 765.144 50.9333 764.864 50.4373 764.304C49.9493 763.736 49.7053 762.94 49.7053 761.916C49.7053 761.404 49.7693 760.948 49.8973 760.548C50.0253 760.14 50.2053 759.8 50.4373 759.528C50.6773 759.248 50.9653 759.036 51.3013 758.892C51.6373 758.74 52.0093 758.664 52.4173 758.664C52.8333 758.664 53.2053 758.74 53.5333 758.892C53.8613 759.036 54.1373 759.244 54.3613 759.516C54.5933 759.788 54.7693 760.112 54.8893 760.488C55.0093 760.864 55.0693 761.28 55.0693 761.736V762.036H50.4253V762.336C50.4253 763 50.6053 763.536 50.9653 763.944C51.3253 764.344 51.8293 764.544 52.4773 764.544C52.9333 764.544 53.3213 764.44 53.6413 764.232C53.9693 764.024 54.2213 763.716 54.3973 763.308L54.9133 763.632C54.7293 764.088 54.4293 764.456 54.0133 764.736C53.5973 765.008 53.0853 765.144 52.4773 765.144ZM52.4173 759.24C52.1133 759.24 51.8373 759.296 51.5893 759.408C51.3493 759.512 51.1413 759.66 50.9653 759.852C50.7973 760.044 50.6653 760.276 50.5693 760.548C50.4733 760.82 50.4253 761.12 50.4253 761.448V761.52H54.3373V761.424C54.3373 760.752 54.1653 760.22 53.8213 759.828C53.4853 759.436 53.0173 759.24 52.4173 759.24ZM57.2606 758.808H57.9446V759.792H57.9806C58.1566 759.456 58.4006 759.184 58.7126 758.976C59.0326 758.768 59.4286 758.664 59.9006 758.664C60.6766 758.664 61.2806 758.944 61.7126 759.504C62.1446 760.056 62.3606 760.856 62.3606 761.904C62.3606 762.952 62.1446 763.756 61.7126 764.316C61.2806 764.868 60.6766 765.144 59.9006 765.144C59.4286 765.144 59.0326 765.04 58.7126 764.832C58.4006 764.624 58.1566 764.352 57.9806 764.016H57.9446V767.4H57.2606V758.808ZM59.6726 764.532C60.2966 764.532 60.7766 764.336 61.1126 763.944C61.4566 763.552 61.6286 763.016 61.6286 762.336V761.472C61.6286 760.792 61.4566 760.256 61.1126 759.864C60.7766 759.472 60.2966 759.276 59.6726 759.276C59.4406 759.276 59.2206 759.308 59.0126 759.372C58.8046 759.436 58.6206 759.528 58.4606 759.648C58.3006 759.768 58.1726 759.916 58.0766 760.092C57.9886 760.268 57.9446 760.464 57.9446 760.68V763.128C57.9446 763.344 57.9886 763.54 58.0766 763.716C58.1726 763.892 58.3006 764.04 58.4606 764.16C58.6206 764.28 58.8046 764.372 59.0126 764.436C59.2206 764.5 59.4406 764.532 59.6726 764.532ZM64.5999 758.808H65.2839V761.496H66.7479L68.5719 758.808H69.3039L67.6479 761.244C67.5359 761.42 67.4359 761.544 67.3479 761.616C67.2679 761.688 67.1679 761.736 67.0479 761.76V761.808C67.1759 761.832 67.2839 761.88 67.3719 761.952C67.4599 762.024 67.5559 762.144 67.6599 762.312L68.9079 764.412H69.5799V765H68.9319C68.7719 765 68.6319 764.96 68.5119 764.88C68.3999 764.792 68.2879 764.656 68.1759 764.472L66.7479 762.084H65.2839V765H64.5999V758.808ZM71.6152 758.808H72.2992V762.66L72.2152 764.004H72.2512L72.9592 762.912L75.6712 758.808H76.3192V765H75.6352V761.148L75.7192 759.804H75.6832L74.9752 760.896L72.2632 765H71.6152V758.808ZM88.3578 765.144C87.5098 765.144 86.8458 764.86 86.3658 764.292C85.8938 763.724 85.6578 762.928 85.6578 761.904C85.6578 760.88 85.8938 760.084 86.3658 759.516C86.8458 758.948 87.5098 758.664 88.3578 758.664C89.2058 758.664 89.8658 758.948 90.3378 759.516C90.8178 760.084 91.0578 760.88 91.0578 761.904C91.0578 762.928 90.8178 763.724 90.3378 764.292C89.8658 764.86 89.2058 765.144 88.3578 765.144ZM88.3578 764.544C88.9658 764.544 89.4458 764.352 89.7978 763.968C90.1498 763.584 90.3258 763.024 90.3258 762.288V761.52C90.3258 760.784 90.1498 760.224 89.7978 759.84C89.4458 759.456 88.9658 759.264 88.3578 759.264C87.7498 759.264 87.2698 759.456 86.9178 759.84C86.5658 760.224 86.3898 760.784 86.3898 761.52V762.288C86.3898 763.024 86.5658 763.584 86.9178 763.968C87.2698 764.352 87.7498 764.544 88.3578 764.544ZM93.2371 758.808H97.8691V765H97.1851V759.396H93.9211V765H93.2371V758.808ZM100.432 758.808H101.116V759.792H101.152C101.328 759.456 101.572 759.184 101.884 758.976C102.204 758.768 102.6 758.664 103.072 758.664C103.848 758.664 104.452 758.944 104.884 759.504C105.316 760.056 105.532 760.856 105.532 761.904C105.532 762.952 105.316 763.756 104.884 764.316C104.452 764.868 103.848 765.144 103.072 765.144C102.6 765.144 102.204 765.04 101.884 764.832C101.572 764.624 101.328 764.352 101.152 764.016H101.116V767.4H100.432V758.808ZM102.844 764.532C103.468 764.532 103.948 764.336 104.284 763.944C104.628 763.552 104.8 763.016 104.8 762.336V761.472C104.8 760.792 104.628 760.256 104.284 759.864C103.948 759.472 103.468 759.276 102.844 759.276C102.612 759.276 102.392 759.308 102.184 759.372C101.976 759.436 101.792 759.528 101.632 759.648C101.472 759.768 101.344 759.916 101.248 760.092C101.16 760.268 101.116 760.464 101.116 760.68V763.128C101.116 763.344 101.16 763.54 101.248 763.716C101.344 763.892 101.472 764.04 101.632 764.16C101.792 764.28 101.976 764.372 102.184 764.436C102.392 764.5 102.612 764.532 102.844 764.532ZM110.04 765.144C109.176 765.144 108.496 764.864 108 764.304C107.512 763.736 107.268 762.94 107.268 761.916C107.268 761.404 107.332 760.948 107.46 760.548C107.588 760.14 107.768 759.8 108 759.528C108.24 759.248 108.528 759.036 108.864 758.892C109.2 758.74 109.572 758.664 109.98 758.664C110.396 758.664 110.768 758.74 111.096 758.892C111.424 759.036 111.7 759.244 111.924 759.516C112.156 759.788 112.332 760.112 112.452 760.488C112.572 760.864 112.632 761.28 112.632 761.736V762.036H107.988V762.336C107.988 763 108.168 763.536 108.528 763.944C108.888 764.344 109.392 764.544 110.04 764.544C110.496 764.544 110.884 764.44 111.204 764.232C111.532 764.024 111.784 763.716 111.96 763.308L112.476 763.632C112.292 764.088 111.992 764.456 111.576 764.736C111.16 765.008 110.648 765.144 110.04 765.144ZM109.98 759.24C109.676 759.24 109.4 759.296 109.152 759.408C108.912 759.512 108.704 759.66 108.528 759.852C108.36 760.044 108.228 760.276 108.132 760.548C108.036 760.82 107.988 761.12 107.988 761.448V761.52H111.9V761.424C111.9 760.752 111.728 760.22 111.384 759.828C111.048 759.436 110.58 759.24 109.98 759.24ZM113.851 764.412H114.535C114.791 764.06 115.007 763.592 115.183 763.008C115.359 762.424 115.447 761.676 115.447 760.764V758.808H119.227V764.412H120.295V766.68H119.659V765H114.487V766.68H113.851V764.412ZM118.543 764.412V759.396H116.119V760.788C116.119 761.244 116.099 761.656 116.059 762.024C116.019 762.384 115.963 762.712 115.891 763.008C115.819 763.304 115.735 763.568 115.639 763.8C115.543 764.024 115.435 764.228 115.315 764.412H118.543ZM124.43 765.144C123.566 765.144 122.886 764.864 122.39 764.304C121.902 763.736 121.658 762.94 121.658 761.916C121.658 761.404 121.722 760.948 121.85 760.548C121.978 760.14 122.158 759.8 122.39 759.528C122.63 759.248 122.918 759.036 123.254 758.892C123.59 758.74 123.962 758.664 124.37 758.664C124.786 758.664 125.158 758.74 125.486 758.892C125.814 759.036 126.09 759.244 126.314 759.516C126.546 759.788 126.722 760.112 126.842 760.488C126.962 760.864 127.022 761.28 127.022 761.736V762.036H122.378V762.336C122.378 763 122.558 763.536 122.918 763.944C123.278 764.344 123.782 764.544 124.43 764.544C124.886 764.544 125.274 764.44 125.594 764.232C125.922 764.024 126.174 763.716 126.35 763.308L126.866 763.632C126.682 764.088 126.382 764.456 125.966 764.736C125.55 765.008 125.038 765.144 124.43 765.144ZM124.37 759.24C124.066 759.24 123.79 759.296 123.542 759.408C123.302 759.512 123.094 759.66 122.918 759.852C122.75 760.044 122.618 760.276 122.522 760.548C122.426 760.82 122.378 761.12 122.378 761.448V761.52H126.29V761.424C126.29 760.752 126.118 760.22 125.774 759.828C125.438 759.436 124.97 759.24 124.37 759.24ZM128.23 764.412H128.962C129.09 764.268 129.206 764.092 129.31 763.884C129.414 763.668 129.502 763.412 129.574 763.116C129.654 762.812 129.714 762.456 129.754 762.048C129.794 761.64 129.814 761.168 129.814 760.632V758.808H133.702V765H133.018V759.396H130.486V760.656C130.486 761.792 130.394 762.684 130.21 763.332C130.034 763.972 129.81 764.424 129.538 764.688C129.426 764.8 129.298 764.88 129.154 764.928C129.01 764.976 128.846 765 128.662 765H128.23V764.412ZM138.821 765.144C137.957 765.144 137.277 764.864 136.781 764.304C136.293 763.736 136.049 762.94 136.049 761.916C136.049 761.404 136.113 760.948 136.241 760.548C136.369 760.14 136.549 759.8 136.781 759.528C137.021 759.248 137.309 759.036 137.645 758.892C137.981 758.74 138.353 758.664 138.761 758.664C139.177 758.664 139.549 758.74 139.877 758.892C140.205 759.036 140.481 759.244 140.705 759.516C140.937 759.788 141.113 760.112 141.233 760.488C141.353 760.864 141.413 761.28 141.413 761.736V762.036H136.769V762.336C136.769 763 136.949 763.536 137.309 763.944C137.669 764.344 138.173 764.544 138.821 764.544C139.277 764.544 139.665 764.44 139.985 764.232C140.313 764.024 140.565 763.716 140.741 763.308L141.257 763.632C141.073 764.088 140.773 764.456 140.357 764.736C139.941 765.008 139.429 765.144 138.821 765.144ZM138.761 759.24C138.457 759.24 138.181 759.296 137.933 759.408C137.693 759.512 137.485 759.66 137.309 759.852C137.141 760.044 137.009 760.276 136.913 760.548C136.817 760.82 136.769 761.12 136.769 761.448V761.52H140.681V761.424C140.681 760.752 140.509 760.22 140.165 759.828C139.829 759.436 139.361 759.24 138.761 759.24ZM137.645 757.44C137.445 757.44 137.301 757.4 137.213 757.32C137.133 757.232 137.093 757.124 137.093 756.996V756.852C137.093 756.724 137.133 756.62 137.213 756.54C137.301 756.452 137.445 756.408 137.645 756.408C137.845 756.408 137.985 756.452 138.065 756.54C138.153 756.62 138.197 756.724 138.197 756.852V756.996C138.197 757.124 138.153 757.232 138.065 757.32C137.985 757.4 137.845 757.44 137.645 757.44ZM139.853 757.44C139.653 757.44 139.509 757.4 139.421 757.32C139.341 757.232 139.301 757.124 139.301 756.996V756.852C139.301 756.724 139.341 756.62 139.421 756.54C139.509 756.452 139.653 756.408 139.853 756.408C140.053 756.408 140.193 756.452 140.273 756.54C140.361 756.62 140.405 756.724 140.405 756.852V756.996C140.405 757.124 140.361 757.232 140.273 757.32C140.193 757.4 140.053 757.44 139.853 757.44ZM143.568 758.808H144.252V761.496H147.588V758.808H148.272V765H147.588V762.084H144.252V765H143.568V758.808ZM150.764 758.808H151.448V761.496H154.784V758.808H155.468V765H154.784V762.084H151.448V765H150.764V758.808ZM160.311 765.144C159.463 765.144 158.799 764.86 158.319 764.292C157.847 763.724 157.611 762.928 157.611 761.904C157.611 760.88 157.847 760.084 158.319 759.516C158.799 758.948 159.463 758.664 160.311 758.664C161.159 758.664 161.819 758.948 162.291 759.516C162.771 760.084 163.011 760.88 163.011 761.904C163.011 762.928 162.771 763.724 162.291 764.292C161.819 764.86 161.159 765.144 160.311 765.144ZM160.311 764.544C160.919 764.544 161.399 764.352 161.751 763.968C162.103 763.584 162.279 763.024 162.279 762.288V761.52C162.279 760.784 162.103 760.224 161.751 759.84C161.399 759.456 160.919 759.264 160.311 759.264C159.703 759.264 159.223 759.456 158.871 759.84C158.519 760.224 158.343 760.784 158.343 761.52V762.288C158.343 763.024 158.519 763.584 158.871 763.968C159.223 764.352 159.703 764.544 160.311 764.544ZM165.574 758.808H169.942V759.396H166.258V765H165.574V758.808ZM174.702 765.144C173.854 765.144 173.19 764.86 172.71 764.292C172.238 763.724 172.002 762.928 172.002 761.904C172.002 760.88 172.238 760.084 172.71 759.516C173.19 758.948 173.854 758.664 174.702 758.664C175.55 758.664 176.21 758.948 176.682 759.516C177.162 760.084 177.402 760.88 177.402 761.904C177.402 762.928 177.162 763.724 176.682 764.292C176.21 764.86 175.55 765.144 174.702 765.144ZM174.702 764.544C175.31 764.544 175.79 764.352 176.142 763.968C176.494 763.584 176.67 763.024 176.67 762.288V761.52C176.67 760.784 176.494 760.224 176.142 759.84C175.79 759.456 175.31 759.264 174.702 759.264C174.094 759.264 173.614 759.456 173.262 759.84C172.91 760.224 172.734 760.784 172.734 761.52V762.288C172.734 763.024 172.91 763.584 173.262 763.968C173.614 764.352 174.094 764.544 174.702 764.544ZM186.92 758.808H187.604V761.496H189.068L190.892 758.808H191.624L189.968 761.244C189.856 761.42 189.756 761.544 189.668 761.616C189.588 761.688 189.488 761.736 189.368 761.76V761.808C189.496 761.832 189.604 761.88 189.692 761.952C189.78 762.024 189.876 762.144 189.98 762.312L191.228 764.412H191.9V765H191.252C191.092 765 190.952 764.96 190.832 764.88C190.72 764.792 190.608 764.656 190.496 764.472L189.068 762.084H187.604V765H186.92V758.808ZM196.288 765.144C195.44 765.144 194.776 764.86 194.296 764.292C193.824 763.724 193.588 762.928 193.588 761.904C193.588 760.88 193.824 760.084 194.296 759.516C194.776 758.948 195.44 758.664 196.288 758.664C197.136 758.664 197.796 758.948 198.268 759.516C198.748 760.084 198.988 760.88 198.988 761.904C198.988 762.928 198.748 763.724 198.268 764.292C197.796 764.86 197.136 765.144 196.288 765.144ZM196.288 764.544C196.896 764.544 197.376 764.352 197.728 763.968C198.08 763.584 198.256 763.024 198.256 762.288V761.52C198.256 760.784 198.08 760.224 197.728 759.84C197.376 759.456 196.896 759.264 196.288 759.264C195.68 759.264 195.2 759.456 194.848 759.84C194.496 760.224 194.32 760.784 194.32 761.52V762.288C194.32 763.024 194.496 763.584 194.848 763.968C195.2 764.352 195.68 764.544 196.288 764.544ZM200.183 764.412H200.915C201.043 764.268 201.159 764.092 201.263 763.884C201.367 763.668 201.455 763.412 201.527 763.116C201.607 762.812 201.667 762.456 201.707 762.048C201.747 761.64 201.767 761.168 201.767 760.632V758.808H205.655V765H204.971V759.396H202.439V760.656C202.439 761.792 202.347 762.684 202.163 763.332C201.987 763.972 201.763 764.424 201.491 764.688C201.379 764.8 201.251 764.88 201.107 764.928C200.963 764.976 200.799 765 200.615 765H200.183V764.412ZM208.326 758.808H209.01V762.66L208.926 764.004H208.962L209.67 762.912L212.382 758.808H213.03V765H212.346V761.148L212.43 759.804H212.394L211.686 760.896L208.974 765H208.326V758.808ZM219.325 761.988H219.277C219.093 762.244 218.845 762.444 218.533 762.588C218.221 762.732 217.837 762.804 217.381 762.804C216.709 762.804 216.201 762.648 215.857 762.336C215.513 762.016 215.341 761.552 215.341 760.944V758.808H216.025V760.908C216.025 761.348 216.149 761.672 216.397 761.88C216.653 762.088 217.045 762.192 217.573 762.192C217.805 762.192 218.025 762.172 218.233 762.132C218.449 762.092 218.637 762.032 218.797 761.952C218.957 761.864 219.085 761.76 219.181 761.64C219.277 761.512 219.325 761.364 219.325 761.196V758.808H220.009V765H219.325V761.988ZM225.165 765.144C224.301 765.144 223.621 764.864 223.125 764.304C222.637 763.736 222.393 762.94 222.393 761.916C222.393 761.404 222.457 760.948 222.585 760.548C222.713 760.14 222.893 759.8 223.125 759.528C223.365 759.248 223.653 759.036 223.989 758.892C224.325 758.74 224.697 758.664 225.105 758.664C225.521 758.664 225.893 758.74 226.221 758.892C226.549 759.036 226.825 759.244 227.049 759.516C227.281 759.788 227.457 760.112 227.577 760.488C227.697 760.864 227.757 761.28 227.757 761.736V762.036H223.113V762.336C223.113 763 223.293 763.536 223.653 763.944C224.013 764.344 224.517 764.544 225.165 764.544C225.621 764.544 226.009 764.44 226.329 764.232C226.657 764.024 226.909 763.716 227.085 763.308L227.601 763.632C227.417 764.088 227.117 764.456 226.701 764.736C226.285 765.008 225.773 765.144 225.165 765.144ZM225.105 759.24C224.801 759.24 224.525 759.296 224.277 759.408C224.037 759.512 223.829 759.66 223.653 759.852C223.485 760.044 223.353 760.276 223.257 760.548C223.161 760.82 223.113 761.12 223.113 761.448V761.52H227.025V761.424C227.025 760.752 226.853 760.22 226.509 759.828C226.173 759.436 225.705 759.24 225.105 759.24ZM232.504 765.144C231.64 765.144 230.972 764.86 230.5 764.292C230.028 763.724 229.792 762.928 229.792 761.904C229.792 760.88 230.028 760.084 230.5 759.516C230.98 758.948 231.644 758.664 232.492 758.664C233.068 758.664 233.54 758.796 233.908 759.06C234.276 759.316 234.54 759.648 234.7 760.056L234.148 760.332C234.02 759.988 233.816 759.724 233.536 759.54C233.256 759.356 232.908 759.264 232.492 759.264C231.86 759.264 231.372 759.468 231.028 759.876C230.692 760.276 230.524 760.808 230.524 761.472V762.336C230.524 763 230.692 763.536 231.028 763.944C231.372 764.344 231.864 764.544 232.504 764.544C232.944 764.544 233.312 764.444 233.608 764.244C233.904 764.044 234.132 763.764 234.292 763.404L234.796 763.728C234.62 764.136 234.344 764.476 233.968 764.748C233.592 765.012 233.104 765.144 232.504 765.144ZM239.111 759.396H236.747V758.808H242.159V759.396H239.795V765H239.111V759.396ZM244.447 758.808H247.411C247.915 758.808 248.311 758.944 248.599 759.216C248.895 759.488 249.043 759.872 249.043 760.368C249.043 760.768 248.939 761.08 248.731 761.304C248.531 761.528 248.247 761.668 247.879 761.724V761.76C248.327 761.808 248.667 761.964 248.899 762.228C249.131 762.484 249.247 762.82 249.247 763.236C249.247 763.756 249.091 764.18 248.779 764.508C248.467 764.836 248.027 765 247.459 765H244.447V758.808ZM247.315 764.448C247.699 764.448 247.995 764.356 248.203 764.172C248.411 763.988 248.515 763.728 248.515 763.392V763.116C248.515 762.78 248.411 762.52 248.203 762.336C247.995 762.152 247.711 762.06 247.351 762.06H245.131V764.448H247.315ZM247.267 761.52C247.595 761.52 247.851 761.436 248.035 761.268C248.219 761.1 248.311 760.868 248.311 760.572V760.308C248.311 760.012 248.219 759.78 248.035 759.612C247.851 759.444 247.595 759.36 247.267 759.36H245.131V761.52H247.267ZM255.998 765C255.718 765 255.518 764.932 255.398 764.796C255.278 764.66 255.21 764.476 255.194 764.244V764.028H255.134C254.998 764.356 254.774 764.624 254.462 764.832C254.15 765.04 253.726 765.144 253.19 765.144C252.542 765.144 252.03 764.988 251.654 764.676C251.286 764.356 251.102 763.908 251.102 763.332C251.102 763.06 251.146 762.816 251.234 762.6C251.33 762.376 251.478 762.188 251.678 762.036C251.886 761.884 252.15 761.768 252.47 761.688C252.79 761.6 253.182 761.556 253.646 761.556H255.158V760.8C255.158 760.28 255.014 759.892 254.726 759.636C254.446 759.38 254.054 759.252 253.55 759.252C252.702 759.252 252.11 759.592 251.774 760.272L251.306 759.936C251.466 759.576 251.734 759.276 252.11 759.036C252.494 758.788 252.986 758.664 253.586 758.664C254.29 758.664 254.842 758.848 255.242 759.216C255.642 759.576 255.842 760.08 255.842 760.728V764.4H256.766V765H255.998ZM253.298 764.568C253.562 764.568 253.806 764.536 254.03 764.472C254.254 764.408 254.45 764.32 254.618 764.208C254.786 764.088 254.918 763.944 255.014 763.776C255.11 763.608 255.158 763.42 255.158 763.212V762.072H253.646C252.998 762.072 252.53 762.172 252.242 762.372C251.962 762.564 251.822 762.828 251.822 763.164V763.476C251.822 763.836 251.954 764.108 252.218 764.292C252.49 764.476 252.85 764.568 253.298 764.568ZM261.045 765.084C260.789 765.084 260.609 765.032 260.505 764.928C260.401 764.824 260.349 764.688 260.349 764.52V764.352C260.349 764.192 260.401 764.06 260.505 763.956C260.609 763.844 260.789 763.788 261.045 763.788C261.301 763.788 261.481 763.844 261.585 763.956C261.689 764.06 261.741 764.192 261.741 764.352V764.52C261.741 764.688 261.689 764.824 261.585 764.928C261.481 765.032 261.301 765.084 261.045 765.084Z" fill="#707070" fill-opacity="0.5"/>
<rect x="303" y="715" width="83" height="42" rx="10" fill="#262626" fill-opacity="0.2"/>
<rect x="303.5" y="715.5" width="82" height="41" rx="9.5" stroke="url(#paint3_linear_5403_3890)" stroke-opacity="0.3"/>
<path d="M328.28 735.372C328.961 735.372 329.47 735.223 329.806 734.924C330.151 734.616 330.324 734.224 330.324 733.748V733.65C330.324 733.127 330.156 732.735 329.82 732.474C329.493 732.213 329.064 732.082 328.532 732.082C328.009 732.082 327.585 732.199 327.258 732.432C326.941 732.656 326.679 732.955 326.474 733.328L325.592 732.656C325.713 732.46 325.863 732.269 326.04 732.082C326.217 731.886 326.423 731.713 326.656 731.564C326.899 731.415 327.174 731.293 327.482 731.2C327.799 731.107 328.159 731.06 328.56 731.06C328.98 731.06 329.372 731.116 329.736 731.228C330.1 731.331 330.417 731.489 330.688 731.704C330.959 731.909 331.169 732.166 331.318 732.474C331.477 732.782 331.556 733.132 331.556 733.524C331.556 733.841 331.505 734.126 331.402 734.378C331.309 734.63 331.173 734.849 330.996 735.036C330.828 735.223 330.627 735.381 330.394 735.512C330.161 735.643 329.913 735.741 329.652 735.806V735.862C329.923 735.918 330.184 736.011 330.436 736.142C330.688 736.263 330.912 736.427 331.108 736.632C331.304 736.828 331.458 737.071 331.57 737.36C331.691 737.64 331.752 737.962 331.752 738.326C331.752 738.746 331.668 739.133 331.5 739.488C331.341 739.833 331.113 740.132 330.814 740.384C330.525 740.627 330.17 740.818 329.75 740.958C329.339 741.098 328.882 741.168 328.378 741.168C327.949 741.168 327.566 741.121 327.23 741.028C326.903 740.935 326.609 740.809 326.348 740.65C326.096 740.491 325.872 740.314 325.676 740.118C325.489 739.922 325.321 739.717 325.172 739.502L326.054 738.83C326.185 739.026 326.32 739.203 326.46 739.362C326.6 739.521 326.759 739.661 326.936 739.782C327.123 739.894 327.333 739.983 327.566 740.048C327.799 740.113 328.07 740.146 328.378 740.146C329.069 740.146 329.596 739.987 329.96 739.67C330.333 739.353 330.52 738.9 330.52 738.312V738.2C330.52 737.621 330.338 737.173 329.974 736.856C329.619 736.539 329.083 736.38 328.364 736.38H327.202V735.372H328.28ZM341.309 732.25H336.941L336.661 735.988H336.759C337.001 735.661 337.272 735.405 337.571 735.218C337.869 735.022 338.28 734.924 338.803 734.924C339.232 734.924 339.624 734.994 339.979 735.134C340.343 735.265 340.655 735.461 340.917 735.722C341.178 735.983 341.383 736.301 341.533 736.674C341.682 737.038 341.757 737.458 341.757 737.934C341.757 738.41 341.682 738.849 341.533 739.25C341.383 739.642 341.164 739.983 340.875 740.272C340.585 740.552 340.235 740.771 339.825 740.93C339.414 741.089 338.947 741.168 338.425 741.168C338.014 741.168 337.645 741.121 337.319 741.028C337.001 740.935 336.717 740.809 336.465 740.65C336.222 740.491 336.007 740.314 335.821 740.118C335.634 739.922 335.466 739.717 335.317 739.502L336.199 738.83C336.329 739.026 336.46 739.203 336.591 739.362C336.731 739.521 336.889 739.661 337.067 739.782C337.244 739.894 337.445 739.983 337.669 740.048C337.893 740.113 338.154 740.146 338.453 740.146C339.125 740.146 339.638 739.964 339.993 739.6C340.357 739.236 340.539 738.732 340.539 738.088V737.976C340.539 737.332 340.357 736.828 339.993 736.464C339.629 736.1 339.106 735.918 338.425 735.918C337.958 735.918 337.594 735.997 337.333 736.156C337.081 736.315 336.847 736.511 336.633 736.744L335.639 736.604L335.989 731.228H341.309V732.25Z" fill="#707070"/>
<rect x="381" y="736" width="16" height="16" rx="5" transform="rotate(-180 381 736)" fill="url(#paint4_linear_5403_3890)"/>
<path d="M375.5 729.25L373 726.75L370.5 729.25" stroke="#707070" stroke-linecap="round" stroke-linejoin="round"/>
<rect x="365" y="736" width="16" height="16" rx="5" fill="url(#paint5_linear_5403_3890)"/>
<path d="M370.5 742.75L373 745.25L375.5 742.75" stroke="#707070" stroke-linecap="round" stroke-linejoin="round"/>
<rect x="394" y="15" width="4" height="766" rx="2" fill="#313131" fill-opacity="0.3"/>
<rect x="394" y="15" width="4" height="673.313" rx="2" fill="#313131"/>
</g>
<rect x="0.5" y="0.5" width="402" height="795" rx="14.5" stroke="#212121"/>
<defs>
<linearGradient id="paint0_linear_5403_3890" x1="85.8029" y1="265.338" x2="98.428" y2="353.727" gradientUnits="userSpaceOnUse">
<stop stop-color="#707070"/>
<stop offset="0.322613" stop-color="#707070" stop-opacity="0"/>
<stop offset="0.724756" stop-color="#707070" stop-opacity="0"/>
<stop offset="1" stop-color="#707070"/>
</linearGradient>
<linearGradient id="paint1_linear_5403_3890" x1="85.8029" y1="340.338" x2="98.428" y2="428.727" gradientUnits="userSpaceOnUse">
<stop stop-color="#707070"/>
<stop offset="0.322613" stop-color="#707070" stop-opacity="0"/>
<stop offset="0.724756" stop-color="#707070" stop-opacity="0"/>
<stop offset="1" stop-color="#707070"/>
</linearGradient>
<linearGradient id="paint2_linear_5403_3890" x1="85.8029" y1="455.338" x2="98.428" y2="543.727" gradientUnits="userSpaceOnUse">
<stop stop-color="#707070"/>
<stop offset="0.322613" stop-color="#707070" stop-opacity="0"/>
<stop offset="0.724756" stop-color="#707070" stop-opacity="0"/>
<stop offset="1" stop-color="#707070"/>
</linearGradient>
<linearGradient id="paint3_linear_5403_3890" x1="317.923" y1="703.727" x2="368.133" y2="772.056" gradientUnits="userSpaceOnUse">
<stop stop-color="#707070"/>
<stop offset="0.322613" stop-color="#707070" stop-opacity="0"/>
<stop offset="0.724756" stop-color="#707070" stop-opacity="0"/>
<stop offset="1" stop-color="#707070"/>
</linearGradient>
<linearGradient id="paint4_linear_5403_3890" x1="389" y1="752" x2="389" y2="736" gradientUnits="userSpaceOnUse">
<stop stop-color="#333333"/>
<stop offset="1" stop-color="#191919"/>
</linearGradient>
<linearGradient id="paint5_linear_5403_3890" x1="373" y1="752" x2="373" y2="736" gradientUnits="userSpaceOnUse">
<stop stop-color="#333333"/>
<stop offset="1" stop-color="#191919"/>
</linearGradient>
<clipPath id="clip0_5403_3890">
<rect width="403" height="796" rx="15" fill="white"/>
</clipPath>
</defs>
</svg>








/* 1 phase -2 */

box-sizing: border-box;

/* Auto layout */
display: flex;
flex-direction: row;
align-items: flex-start;
padding: 15px 5px 15px 20px;
gap: 8px;

position: relative;
width: 403px;
height: 796px;

background: #161616;
border: 1px solid #212121;
border-radius: 15px;


/* Содержимое */

/* Auto layout */
display: flex;
flex-direction: column;
align-items: flex-start;
padding: 0px;
gap: 20px;

width: 366px;
height: 766px;
overflow-y: scroll;


/* Inside auto layout */
flex: none;
order: 0;
align-self: stretch;
flex-grow: 0;


/* Шаг 1 - Выбор анализа */

/* Auto layout */
display: flex;
flex-direction: column;
align-items: flex-start;
padding: 0px;
gap: 20px;

width: 366px;
height: 78px;


/* Inside auto layout */
flex: none;
order: 0;
align-self: stretch;
flex-grow: 0;


/* Заголовок */

width: 213px;
height: 18px;

font-family: 'IBM Plex Mono';
font-style: normal;
font-weight: 400;
font-size: 14px;
line-height: 18px;
letter-spacing: 0.1em;
text-transform: uppercase;

color: #707070;


/* Inside auto layout */
flex: none;
order: 0;
flex-grow: 0;


/* Выбор шагов */

/* Auto layout */
display: flex;
flex-direction: column;
align-items: flex-start;
padding: 0px;
gap: 8px;

width: 366px;
height: 40px;


/* Inside auto layout */
flex: none;
order: 1;
align-self: stretch;
flex-grow: 0;


/* 1 шаг */

/* Auto layout */
display: flex;
flex-direction: row;
justify-content: space-between;
align-items: center;
padding: 0px;
gap: 8px;

width: 366px;
height: 16px;


/* Inside auto layout */
flex: none;
order: 0;
align-self: stretch;
flex-grow: 0;


/* Frame 1822 */

/* Auto layout */
display: flex;
flex-direction: row;
align-items: center;
padding: 0px;
gap: 8px;

margin: 0 auto;
width: 171px;
height: 16px;


/* Inside auto layout */
flex: none;
order: 0;
flex-grow: 0;


/* Radio button */

box-sizing: border-box;

/* Auto layout */
display: flex;
flex-direction: row;
justify-content: center;
align-items: center;
padding: 10px;
gap: 10px;

width: 12px;
height: 12px;

background: rgba(112, 112, 112, 0.3);
border-radius: 100px;

/* Inside auto layout */
flex: none;
order: 0;
flex-grow: 0;


/* Ellipse 7 */

width: 7px;
height: 7px;

background: #707070;
opacity: 0;

/* Inside auto layout */
flex: none;
order: 0;
flex-grow: 0;


/* Скачивание по ссылке */

width: 151px;
height: 16px;

font-family: 'Manrope';
font-style: normal;
font-weight: 400;
font-size: 12px;
line-height: 16px;
letter-spacing: 0.1em;

color: #B4B4B4;


/* Inside auto layout */
flex: none;
order: 1;
flex-grow: 0;


/* Info */

box-sizing: border-box;

/* Auto layout */
display: flex;
flex-direction: row;
justify-content: center;
align-items: center;
padding: 10px;
gap: 10px;

margin: 0 auto;
width: 15px;
height: 15px;

border: 1px solid #707070;
border-radius: 100px;

/* Inside auto layout */
flex: none;
order: 1;
flex-grow: 0;


/* Vector */

width: 3.91px;
height: 8px;

background: #707070;

/* Inside auto layout */
flex: none;
order: 0;
flex-grow: 0;


/* 2 шаг */

/* Auto layout */
display: flex;
flex-direction: row;
justify-content: space-between;
align-items: center;
padding: 0px;
gap: 8px;

width: 366px;
height: 16px;


/* Inside auto layout */
flex: none;
order: 1;
align-self: stretch;
flex-grow: 0;


/* Frame 1823 */

/* Auto layout */
display: flex;
flex-direction: row;
align-items: center;
padding: 0px;
gap: 8px;

margin: 0 auto;
width: 237px;
height: 16px;


/* Inside auto layout */
flex: none;
order: 0;
flex-grow: 0;


/* Radio button */

box-sizing: border-box;

/* Auto layout */
display: flex;
flex-direction: row;
justify-content: center;
align-items: center;
padding: 10px;
gap: 10px;

width: 12px;
height: 12px;

background: rgba(232, 89, 53, 0.2);
border: 1px solid #E85935;
border-radius: 100px;

/* Inside auto layout */
flex: none;
order: 0;
flex-grow: 0;


/* Ellipse 7 */

width: 7px;
height: 7px;

background: #E85935;

/* Inside auto layout */
flex: none;
order: 0;
flex-grow: 0;


/* Скачивание ваших сохранённок */

width: 217px;
height: 16px;

font-family: 'Manrope';
font-style: normal;
font-weight: 400;
font-size: 12px;
line-height: 16px;
letter-spacing: 0.1em;

color: #B4B4B4;


/* Inside auto layout */
flex: none;
order: 1;
flex-grow: 0;


/* Info */

box-sizing: border-box;

/* Auto layout */
display: flex;
flex-direction: row;
justify-content: center;
align-items: center;
padding: 10px;
gap: 10px;

margin: 0 auto;
width: 15px;
height: 15px;

border: 1px solid #707070;
border-radius: 100px;

/* Inside auto layout */
flex: none;
order: 1;
flex-grow: 0;


/* Vector */

width: 3.91px;
height: 8px;

background: #707070;

/* Inside auto layout */
flex: none;
order: 0;
flex-grow: 0;


/* Разделитель 1  */

width: 366px;
height: 0px;

border: 1px dashed #212121;

/* Inside auto layout */
flex: none;
order: 1;
align-self: stretch;
flex-grow: 0;


/* Шаг 1 - Выбор анализа */

/* Auto layout */
display: flex;
flex-direction: column;
align-items: flex-start;
padding: 0px;
gap: 20px;

width: 366px;
height: 78px;


/* Inside auto layout */
flex: none;
order: 2;
align-self: stretch;
flex-grow: 0;


/* Заголовок */

width: 213px;
height: 18px;

font-family: 'IBM Plex Mono';
font-style: normal;
font-weight: 400;
font-size: 14px;
line-height: 18px;
letter-spacing: 0.1em;

color: #707070;


/* Inside auto layout */
flex: none;
order: 0;
flex-grow: 0;


/* Выбор шагов */

/* Auto layout */
display: flex;
flex-direction: column;
align-items: flex-start;
padding: 0px;
gap: 8px;

width: 235px;
height: 40px;


/* Inside auto layout */
flex: none;
order: 1;
flex-grow: 0;


/* 1 шаг */

/* Auto layout */
display: flex;
flex-direction: row;
align-items: center;
padding: 0px;
gap: 8px;

width: 235px;
height: 16px;


/* Inside auto layout */
flex: none;
order: 0;
align-self: stretch;
flex-grow: 0;


/* Radio button */

box-sizing: border-box;

/* Auto layout */
display: flex;
flex-direction: row;
justify-content: center;
align-items: center;
padding: 10px;
gap: 10px;

width: 12px;
height: 12px;

background: rgba(112, 112, 112, 0.3);
border-radius: 100px;

/* Inside auto layout */
flex: none;
order: 0;
flex-grow: 0;


/* Ellipse 7 */

width: 7px;
height: 7px;

background: #707070;
opacity: 0;

/* Inside auto layout */
flex: none;
order: 0;
flex-grow: 0;


/* Через авторизованный браузер */

width: 215px;
height: 16px;

font-family: 'Manrope';
font-style: normal;
font-weight: 400;
font-size: 12px;
line-height: 16px;
letter-spacing: 0.1em;

color: #B4B4B4;


/* Inside auto layout */
flex: none;
order: 1;
flex-grow: 0;


/* 2 шаг */

/* Auto layout */
display: flex;
flex-direction: row;
align-items: center;
padding: 0px;
gap: 8px;

width: 124px;
height: 16px;


/* Inside auto layout */
flex: none;
order: 1;
flex-grow: 0;


/* Radio button */

box-sizing: border-box;

/* Auto layout */
display: flex;
flex-direction: row;
justify-content: center;
align-items: center;
padding: 10px;
gap: 10px;

width: 12px;
height: 12px;

background: rgba(112, 112, 112, 0.3);
border-radius: 100px;

/* Inside auto layout */
flex: none;
order: 0;
flex-grow: 0;


/* Ellipse 7 */

width: 7px;
height: 7px;

background: #707070;
opacity: 0;

/* Inside auto layout */
flex: none;
order: 0;
flex-grow: 0;


/* Из архива Meta */

width: 104px;
height: 16px;

font-family: 'Manrope';
font-style: normal;
font-weight: 400;
font-size: 12px;
line-height: 16px;
letter-spacing: 0.1em;

color: #B4B4B4;


/* Inside auto layout */
flex: none;
order: 1;
flex-grow: 0;


/* Разделитель 1  */

width: 366px;
height: 0px;

border: 1px dashed #212121;

/* Inside auto layout */
flex: none;
order: 3;
align-self: stretch;
flex-grow: 0;


/* Шаг 1 - Настройки  */

/* Auto layout */
display: flex;
flex-direction: column;
align-items: flex-start;
padding: 0px;
gap: 15px;

width: 366px;
height: 250px;


/* Inside auto layout */
flex: none;
order: 4;
align-self: stretch;
flex-grow: 0;


/* Выбор аккаунта */

/* Auto layout */
display: flex;
flex-direction: column;
align-items: flex-start;
padding: 0px;
gap: 8px;

width: 366px;
height: 60px;


/* Inside auto layout */
flex: none;
order: 0;
align-self: stretch;
flex-grow: 0;


/* Заголовок */

/* Auto layout */
display: flex;
flex-direction: row;
justify-content: space-between;
align-items: center;
padding: 0px;
gap: 8px;

width: 366px;
height: 16px;


/* Inside auto layout */
flex: none;
order: 0;
align-self: stretch;
flex-grow: 0;


/* Instagram-аккаунт */

margin: 0 auto;
width: 142px;
height: 16px;

font-family: 'IBM Plex Mono';
font-style: normal;
font-weight: 400;
font-size: 12px;
line-height: 16px;
/* identical to box height */
letter-spacing: 0.1em;

color: #B4B4B4;


/* Inside auto layout */
flex: none;
order: 0;
flex-grow: 0;


/* Info */

box-sizing: border-box;

/* Auto layout */
display: flex;
flex-direction: row;
justify-content: center;
align-items: center;
padding: 10px;
gap: 10px;

margin: 0 auto;
width: 15px;
height: 15px;

border: 1px solid #707070;
border-radius: 100px;

/* Inside auto layout */
flex: none;
order: 1;
flex-grow: 0;


/* Vector */

width: 3.91px;
height: 8px;

background: #707070;

/* Inside auto layout */
flex: none;
order: 0;
flex-grow: 0;


/* input field */

box-sizing: border-box;

/* Auto layout */
display: flex;
flex-direction: row;
justify-content: space-between;
align-items: center;
padding: 10px;
gap: 8px;

width: 366px;
height: 36px;

background: rgba(38, 38, 38, 0.2);
border-radius: 10px;

/* Inside auto layout */
flex: none;
order: 1;
flex-grow: 0;


/* Frame 1745 */

/* Auto layout */
display: flex;
flex-direction: row;
align-items: center;
padding: 0px;
gap: 8px;

margin: 0 auto;
width: 346px;
height: 16px;


/* Inside auto layout */
flex: none;
order: 0;
flex-grow: 1;


/* @ */

width: 14px;
height: 14px;

background: rgba(112, 112, 112, 0.4);

/* Inside auto layout */
flex: none;
order: 0;
flex-grow: 0;


/* Rellese26 */

width: 65px;
height: 16px;

font-family: 'Manrope';
font-style: normal;
font-weight: 400;
font-size: 12px;
line-height: 16px;
letter-spacing: 0.1em;

color: #707070;


/* Inside auto layout */
flex: none;
order: 1;
flex-grow: 0;


/* Vector 2 */

margin: 0 auto;
display: none;
width: 10px;
height: 5px;

border: 1px solid #707070;

/* Inside auto layout */
flex: none;
order: 1;
flex-grow: 0;


/* Выбор браузера */

/* Auto layout */
display: flex;
flex-direction: column;
align-items: flex-start;
padding: 0px;
gap: 8px;

width: 366px;
height: 100px;


/* Inside auto layout */
flex: none;
order: 1;
align-self: stretch;
flex-grow: 0;


/* Заголовок */

/* Auto layout */
display: flex;
flex-direction: row;
justify-content: space-between;
align-items: center;
padding: 0px;
gap: 8px;

width: 366px;
height: 16px;


/* Inside auto layout */
flex: none;
order: 0;
align-self: stretch;
flex-grow: 0;


/* Браузер с выполненным входом */

margin: 0 auto;
width: 234px;
height: 16px;

font-family: 'IBM Plex Mono';
font-style: normal;
font-weight: 400;
font-size: 12px;
line-height: 16px;
/* identical to box height */
letter-spacing: 0.1em;

color: #B4B4B4;


/* Inside auto layout */
flex: none;
order: 0;
flex-grow: 0;


/* Info */

box-sizing: border-box;

/* Auto layout */
display: flex;
flex-direction: row;
justify-content: center;
align-items: center;
padding: 10px;
gap: 10px;

margin: 0 auto;
width: 15px;
height: 15px;

border: 1px solid #707070;
border-radius: 100px;

/* Inside auto layout */
flex: none;
order: 1;
flex-grow: 0;


/* Vector */

width: 3.91px;
height: 8px;

background: #707070;

/* Inside auto layout */
flex: none;
order: 0;
flex-grow: 0;


/* input field */

box-sizing: border-box;

/* Auto layout */
display: flex;
flex-direction: row;
justify-content: space-between;
align-items: center;
padding: 10px;
gap: 8px;

width: 366px;
height: 36px;

background: rgba(38, 38, 38, 0.2);
border-radius: 10px;

/* Inside auto layout */
flex: none;
order: 1;
flex-grow: 0;


/* Frame 1745 */

/* Auto layout */
display: flex;
flex-direction: row;
align-items: center;
padding: 0px;
gap: 8px;

margin: 0 auto;
width: 336px;
height: 16px;


/* Inside auto layout */
flex: none;
order: 0;
flex-grow: 1;


/* @ */

display: none;
width: 14px;
height: 14px;

background: rgba(112, 112, 112, 0.4);

/* Inside auto layout */
flex: none;
order: 0;
flex-grow: 0;


/* Rellese26 */

width: 101px;
height: 16px;

font-family: 'Manrope';
font-style: normal;
font-weight: 400;
font-size: 12px;
line-height: 16px;
letter-spacing: 0.1em;

color: #707070;


/* Inside auto layout */
flex: none;
order: 1;
flex-grow: 0;


/* Vector 2 */

margin: 0 auto;
width: 10px;
height: 5px;

border: 1px solid #707070;

/* Inside auto layout */
flex: none;
order: 1;
flex-grow: 0;


/* Описание */

width: 366px;
height: 32px;

font-family: 'IBM Plex Mono';
font-style: normal;
font-weight: 300;
font-size: 12px;
line-height: 16px;

color: rgba(112, 112, 112, 0.5);


/* Inside auto layout */
flex: none;
order: 2;
align-self: stretch;
flex-grow: 0;


/* Выбор скорости */

/* Auto layout */
display: flex;
flex-direction: column;
align-items: flex-start;
padding: 0px;
gap: 8px;

width: 366px;
height: 60px;


/* Inside auto layout */
flex: none;
order: 2;
align-self: stretch;
flex-grow: 0;


/* Заголовок */

/* Auto layout */
display: flex;
flex-direction: row;
justify-content: space-between;
align-items: center;
padding: 0px;
gap: 8px;

width: 366px;
height: 16px;


/* Inside auto layout */
flex: none;
order: 0;
align-self: stretch;
flex-grow: 0;


/* Скорость загрузки */

margin: 0 auto;
width: 142px;
height: 16px;

font-family: 'IBM Plex Mono';
font-style: normal;
font-weight: 400;
font-size: 12px;
line-height: 16px;
/* identical to box height */
letter-spacing: 0.1em;

color: #B4B4B4;


/* Inside auto layout */
flex: none;
order: 0;
flex-grow: 0;


/* Info */

box-sizing: border-box;

/* Auto layout */
display: flex;
flex-direction: row;
justify-content: center;
align-items: center;
padding: 10px;
gap: 10px;

margin: 0 auto;
width: 15px;
height: 15px;

border: 1px solid #707070;
border-radius: 100px;

/* Inside auto layout */
flex: none;
order: 1;
flex-grow: 0;


/* Vector */

width: 3.91px;
height: 8px;

background: #707070;

/* Inside auto layout */
flex: none;
order: 0;
flex-grow: 0;


/* input field */

box-sizing: border-box;

/* Auto layout */
display: flex;
flex-direction: row;
justify-content: space-between;
align-items: center;
padding: 10px;
gap: 8px;

width: 366px;
height: 36px;

background: rgba(38, 38, 38, 0.2);
border-radius: 10px;

/* Inside auto layout */
flex: none;
order: 1;
flex-grow: 0;


/* Frame 1745 */

/* Auto layout */
display: flex;
flex-direction: row;
align-items: center;
padding: 0px;
gap: 8px;

margin: 0 auto;
width: 336px;
height: 16px;


/* Inside auto layout */
flex: none;
order: 0;
flex-grow: 1;


/* @ */

display: none;
width: 14px;
height: 14px;

background: rgba(112, 112, 112, 0.4);

/* Inside auto layout */
flex: none;
order: 0;
flex-grow: 0;


/* Rellese26 */

width: 291px;
height: 16px;

font-family: 'Manrope';
font-style: normal;
font-weight: 400;
font-size: 12px;
line-height: 16px;
letter-spacing: 0.1em;

color: #B4B4B4;


/* Inside auto layout */
flex: none;
order: 1;
flex-grow: 0;


/* Vector 2 */

margin: 0 auto;
width: 10px;
height: 5px;

border: 1px solid #707070;

/* Inside auto layout */
flex: none;
order: 1;
flex-grow: 0;


/* Разделитель 2 */

width: 366px;
height: 0px;

border: 1px dashed #212121;

/* Inside auto layout */
flex: none;
order: 5;
align-self: stretch;
flex-grow: 0;


/* Шаг 2 - Тип поиска */

/* Auto layout */
display: flex;
flex-direction: column;
align-items: flex-start;
padding: 0px;
gap: 20px;

width: 366px;
height: 275px;


/* Inside auto layout */
flex: none;
order: 6;
align-self: stretch;
flex-grow: 0;


/* Заголовок */

width: 115px;
height: 18px;

font-family: 'IBM Plex Mono';
font-style: normal;
font-weight: 400;
font-size: 14px;
line-height: 18px;
letter-spacing: 0.1em;
text-transform: uppercase;

color: #707070;


/* Inside auto layout */
flex: none;
order: 0;
flex-grow: 0;


/* Выбор режима поиска */

/* Auto layout */
display: flex;
flex-direction: column;
align-items: flex-start;
padding: 0px;
gap: 30px;

width: 366px;
height: 237px;


/* Inside auto layout */
flex: none;
order: 1;
align-self: stretch;
flex-grow: 0;


/* Режимы */

/* Auto layout */
display: flex;
flex-direction: column;
align-items: flex-start;
padding: 0px;
gap: 15px;

width: 366px;
height: 189px;


/* Inside auto layout */
flex: none;
order: 0;
align-self: stretch;
flex-grow: 0;


/* 1 режим */

/* Auto layout */
display: flex;
flex-direction: column;
justify-content: center;
align-items: flex-start;
padding: 0px;
gap: 5px;

width: 366px;
height: 53px;


/* Inside auto layout */
flex: none;
order: 0;
align-self: stretch;
flex-grow: 0;


/* Выбор */

/* Auto layout */
display: flex;
flex-direction: row;
align-items: center;
padding: 0px;
gap: 8px;

width: 155px;
height: 16px;


/* Inside auto layout */
flex: none;
order: 0;
flex-grow: 0;


/* Radio button */

box-sizing: border-box;

/* Auto layout */
display: flex;
flex-direction: row;
justify-content: center;
align-items: center;
padding: 10px;
gap: 10px;

width: 12px;
height: 12px;

background: rgba(112, 112, 112, 0.3);
border-radius: 100px;

/* Inside auto layout */
flex: none;
order: 0;
flex-grow: 0;


/* Ellipse 7 */

width: 7px;
height: 7px;

background: #707070;
opacity: 0;

/* Inside auto layout */
flex: none;
order: 0;
flex-grow: 0;


/* Заголовок */

width: 135px;
height: 16px;

font-family: 'Manrope';
font-style: normal;
font-weight: 400;
font-size: 12px;
line-height: 16px;
letter-spacing: 0.1em;

color: #B4B4B4;


/* Inside auto layout */
flex: none;
order: 1;
flex-grow: 0;


/* Описание */

width: 366px;
height: 32px;

font-family: 'IBM Plex Mono';
font-style: normal;
font-weight: 300;
font-size: 12px;
line-height: 16px;

color: rgba(112, 112, 112, 0.5);


/* Inside auto layout */
flex: none;
order: 1;
align-self: stretch;
flex-grow: 0;


/* 2 режим */

/* Auto layout */
display: flex;
flex-direction: column;
justify-content: center;
align-items: flex-start;
padding: 0px;
gap: 5px;

width: 366px;
height: 53px;


/* Inside auto layout */
flex: none;
order: 1;
align-self: stretch;
flex-grow: 0;


/* Выбор */

/* Auto layout */
display: flex;
flex-direction: row;
align-items: center;
padding: 0px;
gap: 8px;

width: 213px;
height: 16px;


/* Inside auto layout */
flex: none;
order: 0;
flex-grow: 0;


/* Radio button */

box-sizing: border-box;

/* Auto layout */
display: flex;
flex-direction: row;
justify-content: center;
align-items: center;
padding: 10px;
gap: 10px;

width: 12px;
height: 12px;

background: rgba(112, 112, 112, 0.3);
border-radius: 100px;

/* Inside auto layout */
flex: none;
order: 0;
flex-grow: 0;


/* Ellipse 7 */

width: 7px;
height: 7px;

background: #707070;
opacity: 0;

/* Inside auto layout */
flex: none;
order: 0;
flex-grow: 0;


/* Заголовок */

width: 193px;
height: 16px;

font-family: 'Manrope';
font-style: normal;
font-weight: 400;
font-size: 12px;
line-height: 16px;
letter-spacing: 0.1em;

color: #B4B4B4;


/* Inside auto layout */
flex: none;
order: 1;
flex-grow: 0;


/* Описание */

width: 366px;
height: 32px;

font-family: 'IBM Plex Mono';
font-style: normal;
font-weight: 300;
font-size: 12px;
line-height: 16px;

color: rgba(112, 112, 112, 0.5);


/* Inside auto layout */
flex: none;
order: 1;
align-self: stretch;
flex-grow: 0;


/* 3 режим */

/* Auto layout */
display: flex;
flex-direction: row;
align-items: flex-start;
padding: 0px;
gap: 15px;

width: 366px;
height: 53px;


/* Inside auto layout */
flex: none;
order: 2;
align-self: stretch;
flex-grow: 0;


/* 3 Режим */

/* Auto layout */
display: flex;
flex-direction: column;
justify-content: center;
align-items: flex-start;
padding: 0px;
gap: 5px;

width: 268px;
height: 53px;


/* Inside auto layout */
flex: none;
order: 0;
flex-grow: 1;


/* Выбор */

/* Auto layout */
display: flex;
flex-direction: row;
align-items: center;
padding: 0px;
gap: 8px;

width: 219px;
height: 16px;


/* Inside auto layout */
flex: none;
order: 0;
flex-grow: 0;


/* Radio button */

box-sizing: border-box;

/* Auto layout */
display: flex;
flex-direction: row;
justify-content: center;
align-items: center;
padding: 10px;
gap: 10px;

width: 12px;
height: 12px;

background: rgba(112, 112, 112, 0.3);
border-radius: 100px;

/* Inside auto layout */
flex: none;
order: 0;
flex-grow: 0;


/* Ellipse 7 */

width: 7px;
height: 7px;

background: #707070;
opacity: 0;

/* Inside auto layout */
flex: none;
order: 0;
flex-grow: 0;


/* Заголовок */

width: 199px;
height: 16px;

font-family: 'Manrope';
font-style: normal;
font-weight: 400;
font-size: 12px;
line-height: 16px;
letter-spacing: 0.1em;

color: #B4B4B4;


/* Inside auto layout */
flex: none;
order: 1;
flex-grow: 0;


/* Описание */

width: 268px;
height: 32px;

font-family: 'IBM Plex Mono';
font-style: normal;
font-weight: 300;
font-size: 12px;
line-height: 16px;

color: rgba(112, 112, 112, 0.5);


/* Inside auto layout */
flex: none;
order: 1;
align-self: stretch;
flex-grow: 0;


/* Spinner */

box-sizing: border-box;

/* Auto layout */
display: flex;
flex-direction: row;
align-items: center;
padding: 5px 5px 5px 10px;
gap: 10px;

width: 83px;
height: 42px;

background: rgba(38, 38, 38, 0.2);
border-radius: 10px;

/* Inside auto layout */
flex: none;
order: 1;
flex-grow: 0;


/* Field */

/* Auto layout */
display: flex;
flex-direction: row;
justify-content: center;
align-items: center;
padding: 0px;
gap: 8px;

width: 42px;
height: 18px;


/* Inside auto layout */
flex: none;
order: 0;
flex-grow: 1;


/* 35 */

width: 19px;
height: 18px;

font-family: 'IBM Plex Mono';
font-style: normal;
font-weight: 400;
font-size: 14px;
line-height: 18px;
letter-spacing: 0.1em;

color: #707070;


/* Inside auto layout */
flex: none;
order: 0;
flex-grow: 0;


/* Stepper */

/* Auto layout */
display: flex;
flex-direction: column;
justify-content: space-between;
align-items: flex-start;
padding: 0px;
gap: 4px;

width: 16px;
height: 32px;


/* Inside auto layout */
flex: none;
order: 1;
align-self: stretch;
flex-grow: 0;


/* Stepper */

box-sizing: border-box;

/* Auto layout */
display: flex;
flex-direction: column;
justify-content: center;
align-items: center;
padding: 10px;
gap: 10px;

margin: 0 auto;
width: 16px;
height: 16px;

background: linear-gradient(0deg, #333333 0%, #191919 100%);
border-radius: 5px;
transform: rotate(-180deg);

/* Inside auto layout */
flex: none;
order: 0;
flex-grow: 0;


/* Icon */

width: 5px;
height: 2.5px;

border: 1px solid #707070;
transform: rotate(-180deg);

/* Inside auto layout */
flex: none;
order: 0;
flex-grow: 0;


/* Stepper */

box-sizing: border-box;

/* Auto layout */
display: flex;
flex-direction: column;
justify-content: center;
align-items: center;
padding: 10px;
gap: 10px;

margin: 0 auto;
width: 16px;
height: 16px;

background: linear-gradient(0deg, #333333 0%, #191919 100%);
border-radius: 5px;

/* Inside auto layout */
flex: none;
order: 1;
flex-grow: 0;


/* Icon */

width: 5px;
height: 2.5px;

border: 1px solid #707070;

/* Inside auto layout */
flex: none;
order: 0;
flex-grow: 0;


/* Тумблер */

/* Auto layout */
display: flex;
flex-direction: row;
justify-content: space-between;
align-items: center;
padding: 0px;
gap: 20px;

width: 366px;
height: 18px;


/* Inside auto layout */
flex: none;
order: 1;
align-self: stretch;
flex-grow: 0;


/* Заголовок */

/* Auto layout */
display: flex;
flex-direction: row;
align-items: center;
padding: 0px;
gap: 10px;

margin: 0 auto;
width: 232px;
height: 18px;


/* Inside auto layout */
flex: none;
order: 0;
flex-grow: 0;


/* Switch */

width: 36px;
height: 18px;


/* Inside auto layout */
flex: none;
order: 0;
flex-grow: 0;


/* outer shell */

position: absolute;
left: 0%;
right: 0%;
top: 0%;
bottom: 0%;

background: #292929;
box-shadow: inset 0.6px 0.8px 1.2px #0B0C10, inset -0.4px -0.6px 1px rgba(133, 133, 133, 0.8);
border-radius: 9.2px;


/* inner shadow */

box-sizing: border-box;

position: absolute;
left: 11.11%;
right: 11.11%;
top: 22.22%;
bottom: 22.22%;

background: #070709;
border-radius: 5.4px;


/* inner lining */

position: absolute;
left: 13.89%;
right: 13.89%;
top: 27.78%;
bottom: 27.78%;

background: radial-gradient(62.92% 65.91% at 50% 0%, #6D6D6D 0%, rgba(109, 109, 109, 0.2) 64.39%, rgba(109, 109, 109, 0) 100%), radial-gradient(60.89% 100% at 50% 0%, #3B3B3B 16.64%, #222222 90.26%, #222222 100%);
box-shadow: inset 0px -0.8px 0.8px #06050A;
border-radius: 5.4px;


/* container */

/* Auto layout */
display: flex;
flex-direction: row;
align-items: center;
padding: 1px;
gap: 1px;

position: absolute;
left: 5.56%;
right: 30.56%;
top: 11.11%;
bottom: 11.11%;

background: radial-gradient(54.97% 38.51% at 60.25% 61.49%, #111217 0%, rgba(17, 18, 23, 0) 100%) /* warning: gradient uses a rotation that is not supported by CSS and may not behave as expected */, linear-gradient(180deg, #9A9A9A 0%, #242424 100%);
box-shadow: inset 0px 0.6px 0.8px rgba(49, 53, 65, 0.6);
border-radius: 20px;


/* Left elipse */

box-sizing: border-box;

width: 10px;
height: 12px;

background: linear-gradient(90deg, #2A2A2A 0%, #3A3A3A 100%);

/* Inside auto layout */
flex: none;
order: 0;
flex-grow: 0;


/* Right elipse */

box-sizing: border-box;

width: 10px;
height: 12px;

background: linear-gradient(270deg, #2C2C2C 0%, #181818 100%);

/* Inside auto layout */
flex: none;
order: 1;
flex-grow: 0;


/* Заголовок */

width: 186px;
height: 16px;

font-family: 'Manrope';
font-style: normal;
font-weight: 400;
font-size: 12px;
line-height: 16px;
letter-spacing: 0.1em;

color: #B4B4B4;


/* Inside auto layout */
flex: none;
order: 1;
flex-grow: 0;


/* Info */

box-sizing: border-box;

/* Auto layout */
display: flex;
flex-direction: row;
justify-content: center;
align-items: center;
padding: 10px;
gap: 10px;

margin: 0 auto;
width: 15px;
height: 15px;

border: 1px solid #707070;
border-radius: 100px;

/* Inside auto layout */
flex: none;
order: 1;
flex-grow: 0;


/* Vector */

width: 3.91px;
height: 8px;

background: #707070;

/* Inside auto layout */
flex: none;
order: 0;
flex-grow: 0;


/* Разделитель 3 */

width: 366px;
height: 0px;

border: 1px dashed #212121;

/* Inside auto layout */
flex: none;
order: 7;
align-self: stretch;
flex-grow: 0;


/* Дополнительные фильтры */

/* Auto layout */
display: flex;
flex-direction: column;
align-items: flex-start;
padding: 0px;
gap: 30px;

width: 366px;
height: 252px;


/* Inside auto layout */
flex: none;
order: 8;
align-self: stretch;
flex-grow: 0;


/* Тумблер */

/* Auto layout */
display: flex;
flex-direction: row;
align-items: center;
padding: 0px;
gap: 8px;

width: 366px;
height: 18px;


/* Inside auto layout */
flex: none;
order: 0;
align-self: stretch;
flex-grow: 0;


/* Switch */

width: 36px;
height: 18px;


/* Inside auto layout */
flex: none;
order: 0;
flex-grow: 0;


/* outer shell */

position: absolute;
left: 0%;
right: 0%;
top: 0%;
bottom: 0%;

background: #292929;
box-shadow: inset 0.6px 0.8px 1.2px #0B0C10, inset -0.4px -0.6px 1px rgba(133, 133, 133, 0.8);
border-radius: 9.2px;


/* inner shadow */

box-sizing: border-box;

position: absolute;
left: 11.11%;
right: 11.11%;
top: 22.22%;
bottom: 22.22%;

background: #070709;
border-radius: 5.4px;


/* inner lining */

position: absolute;
left: 13.89%;
right: 13.89%;
top: 27.78%;
bottom: 27.78%;

background: radial-gradient(62.92% 65.91% at 50% 0%, #6D6D6D 0%, rgba(109, 109, 109, 0.2) 64.39%, rgba(109, 109, 109, 0) 100%), radial-gradient(60.89% 100% at 50% 0%, #3B3B3B 16.64%, #222222 90.26%, #222222 100%);
box-shadow: inset 0px -0.8px 0.8px #06050A;
border-radius: 5.4px;


/* container */

/* Auto layout */
display: flex;
flex-direction: row;
align-items: center;
padding: 1px;
gap: 1px;

position: absolute;
left: 5.56%;
right: 30.56%;
top: 11.11%;
bottom: 11.11%;

background: radial-gradient(54.97% 38.51% at 60.25% 61.49%, #111217 0%, rgba(17, 18, 23, 0) 100%) /* warning: gradient uses a rotation that is not supported by CSS and may not behave as expected */, linear-gradient(180deg, #9A9A9A 0%, #242424 100%);
box-shadow: inset 0px 0.6px 0.8px rgba(49, 53, 65, 0.6);
border-radius: 20px;


/* Left elipse */

box-sizing: border-box;

width: 10px;
height: 12px;

background: linear-gradient(90deg, #2A2A2A 0%, #3A3A3A 100%);

/* Inside auto layout */
flex: none;
order: 0;
flex-grow: 0;


/* Right elipse */

box-sizing: border-box;

width: 10px;
height: 12px;

background: linear-gradient(270deg, #2C2C2C 0%, #181818 100%);

/* Inside auto layout */
flex: none;
order: 1;
flex-grow: 0;


/* Заголовок */

width: 177px;
height: 16px;

font-family: 'Manrope';
font-style: normal;
font-weight: 400;
font-size: 12px;
line-height: 16px;
letter-spacing: 0.1em;

color: #B4B4B4;


/* Inside auto layout */
flex: none;
order: 1;
flex-grow: 0;


/* Настройки */

/* Auto layout */
display: flex;
flex-direction: column;
align-items: flex-start;
padding: 0px;
gap: 20px;

width: 366px;
height: 204px;


/* Inside auto layout */
flex: none;
order: 1;
align-self: stretch;
flex-grow: 0;


/* Фильтрация файлов */

/* Auto layout */
display: flex;
flex-direction: column;
align-items: flex-start;
padding: 0px;
gap: 15px;

width: 366px;
height: 49px;


/* Inside auto layout */
flex: none;
order: 0;
align-self: stretch;
flex-grow: 0;


/* Заголовок */

width: 234px;
height: 18px;

font-family: 'IBM Plex Mono';
font-style: normal;
font-weight: 400;
font-size: 14px;
line-height: 18px;
letter-spacing: 0.1em;
text-transform: uppercase;

color: #707070;


/* Inside auto layout */
flex: none;
order: 0;
flex-grow: 0;


/* Пункты */

/* Auto layout */
display: flex;
flex-direction: row;
align-items: flex-start;
padding: 0px;
gap: 30px;

width: 366px;
height: 16px;


/* Inside auto layout */
flex: none;
order: 1;
align-self: stretch;
flex-grow: 0;


/* 1 пункт */

/* Auto layout */
display: flex;
flex-direction: row;
align-items: center;
padding: 0px;
gap: 8px;

width: 124px;
height: 16px;


/* Inside auto layout */
flex: none;
order: 0;
flex-grow: 0;


/* Checkbox */

box-sizing: border-box;

/* Auto layout */
display: flex;
flex-direction: column;
justify-content: center;
align-items: center;
padding: 10px;
gap: 10px;

width: 12px;
height: 12px;

background: rgba(112, 112, 112, 0.3);
border-radius: 3px;

/* Inside auto layout */
flex: none;
order: 0;
flex-grow: 0;


/* Vector 1 */

width: 6px;
height: 4px;

opacity: 0;
border: 1px solid #E85935;

/* Inside auto layout */
flex: none;
order: 0;
flex-grow: 0;


/* Название */

width: 104px;
height: 16px;

font-family: 'Manrope';
font-style: normal;
font-weight: 400;
font-size: 12px;
line-height: 16px;
letter-spacing: 0.1em;

color: #B4B4B4;


/* Inside auto layout */
flex: none;
order: 1;
flex-grow: 0;


/* 2 пункт */

/* Auto layout */
display: flex;
flex-direction: row;
align-items: center;
padding: 0px;
gap: 8px;

width: 56px;
height: 16px;


/* Inside auto layout */
flex: none;
order: 1;
flex-grow: 0;


/* Checkbox */

box-sizing: border-box;

/* Auto layout */
display: flex;
flex-direction: column;
justify-content: center;
align-items: center;
padding: 10px;
gap: 10px;

width: 12px;
height: 12px;

background: rgba(112, 112, 112, 0.3);
border-radius: 3px;

/* Inside auto layout */
flex: none;
order: 0;
flex-grow: 0;


/* Vector 1 */

width: 6px;
height: 4px;

opacity: 0;
border: 1px solid #E85935;

/* Inside auto layout */
flex: none;
order: 0;
flex-grow: 0;


/* Название */

width: 36px;
height: 16px;

font-family: 'Manrope';
font-style: normal;
font-weight: 400;
font-size: 12px;
line-height: 16px;
letter-spacing: 0.1em;

color: #B4B4B4;


/* Inside auto layout */
flex: none;
order: 1;
flex-grow: 0;


/* 3 пункт */

/* Auto layout */
display: flex;
flex-direction: row;
align-items: center;
padding: 0px;
gap: 8px;

width: 83px;
height: 16px;


/* Inside auto layout */
flex: none;
order: 2;
flex-grow: 0;


/* Checkbox */

box-sizing: border-box;

/* Auto layout */
display: flex;
flex-direction: column;
justify-content: center;
align-items: center;
padding: 10px;
gap: 10px;

width: 12px;
height: 12px;

background: rgba(112, 112, 112, 0.3);
border-radius: 3px;

/* Inside auto layout */
flex: none;
order: 0;
flex-grow: 0;


/* Vector 1 */

width: 6px;
height: 4px;

opacity: 0;
border: 1px solid #E85935;

/* Inside auto layout */
flex: none;
order: 0;
flex-grow: 0;


/* Название */

width: 63px;
height: 16px;

font-family: 'Manrope';
font-style: normal;
font-weight: 400;
font-size: 12px;
line-height: 16px;
letter-spacing: 0.1em;

color: #B4B4B4;


/* Inside auto layout */
flex: none;
order: 1;
flex-grow: 0;


/* Фильтрация авторов */

/* Auto layout */
display: flex;
flex-direction: column;
align-items: flex-start;
padding: 0px;
gap: 15px;

width: 366px;
height: 135px;


/* Inside auto layout */
flex: none;
order: 1;
align-self: stretch;
flex-grow: 0;


/* 1 пункт */

/* Auto layout */
display: flex;
flex-direction: column;
align-items: flex-start;
padding: 0px;
gap: 8px;

width: 366px;
height: 60px;


/* Inside auto layout */
flex: none;
order: 0;
align-self: stretch;
flex-grow: 0;


/* Заголовок */

width: 366px;
height: 16px;

font-family: 'IBM Plex Mono';
font-style: normal;
font-weight: 400;
font-size: 12px;
line-height: 16px;
/* identical to box height */
letter-spacing: 0.1em;

color: #B4B4B4;


/* Inside auto layout */
flex: none;
order: 0;
align-self: stretch;
flex-grow: 0;


/* input field */

box-sizing: border-box;

/* Auto layout */
display: flex;
flex-direction: row;
justify-content: space-between;
align-items: center;
padding: 10px;
gap: 8px;

width: 366px;
height: 36px;

background: rgba(38, 38, 38, 0.2);
border-radius: 10px;

/* Inside auto layout */
flex: none;
order: 1;
flex-grow: 0;


/* Frame 1745 */

/* Auto layout */
display: flex;
flex-direction: row;
align-items: center;
padding: 0px;
gap: 8px;

margin: 0 auto;
width: 346px;
height: 16px;


/* Inside auto layout */
flex: none;
order: 0;
flex-grow: 1;


/* @ */

width: 14px;
height: 14px;

background: rgba(112, 112, 112, 0.4);

/* Inside auto layout */
flex: none;
order: 0;
flex-grow: 0;


/* Rellese26 */

width: 65px;
height: 16px;

font-family: 'Manrope';
font-style: normal;
font-weight: 400;
font-size: 12px;
line-height: 16px;
letter-spacing: 0.1em;

color: #707070;


/* Inside auto layout */
flex: none;
order: 1;
flex-grow: 0;


/* Vector 2 */

margin: 0 auto;
display: none;
width: 10px;
height: 5px;

border: 1px solid #707070;

/* Inside auto layout */
flex: none;
order: 1;
flex-grow: 0;


/* 2 пункт */

/* Auto layout */
display: flex;
flex-direction: column;
align-items: flex-start;
padding: 0px;
gap: 8px;

width: 366px;
height: 60px;


/* Inside auto layout */
flex: none;
order: 1;
align-self: stretch;
flex-grow: 0;


/* Заголовок */

width: 366px;
height: 16px;

font-family: 'IBM Plex Mono';
font-style: normal;
font-weight: 400;
font-size: 12px;
line-height: 16px;
/* identical to box height */
letter-spacing: 0.1em;

color: #B4B4B4;


/* Inside auto layout */
flex: none;
order: 0;
align-self: stretch;
flex-grow: 0;


/* input field */

box-sizing: border-box;

/* Auto layout */
display: flex;
flex-direction: row;
justify-content: space-between;
align-items: center;
padding: 10px;
gap: 8px;

width: 366px;
height: 36px;

background: rgba(38, 38, 38, 0.2);
border-radius: 10px;

/* Inside auto layout */
flex: none;
order: 1;
flex-grow: 0;


/* Frame 1745 */

/* Auto layout */
display: flex;
flex-direction: row;
align-items: center;
padding: 0px;
gap: 8px;

margin: 0 auto;
width: 346px;
height: 16px;


/* Inside auto layout */
flex: none;
order: 0;
flex-grow: 1;


/* @ */

width: 14px;
height: 14px;

background: rgba(112, 112, 112, 0.4);

/* Inside auto layout */
flex: none;
order: 0;
flex-grow: 0;


/* Rellese26 */

width: 65px;
height: 16px;

font-family: 'Manrope';
font-style: normal;
font-weight: 400;
font-size: 12px;
line-height: 16px;
letter-spacing: 0.1em;

color: #707070;


/* Inside auto layout */
flex: none;
order: 1;
flex-grow: 0;


/* Vector 2 */

margin: 0 auto;
display: none;
width: 10px;
height: 5px;

border: 1px solid #707070;

/* Inside auto layout */
flex: none;
order: 1;
flex-grow: 0;


/* Search button */

width: 366px;
height: 44px;

border-radius: 11px;

/* Inside auto layout */
flex: none;
order: 9;
flex-grow: 0;


/* Red down */

position: absolute;
width: 364px;
height: 42px;
left: 1px;
top: 0px;

background: #201312;
box-shadow: inset 0px -5px 0px #FF0000;
border-radius: 10px;


/* red around the edges */

position: absolute;
visibility: hidden;
left: 0%;
right: 0%;
top: 31.82%;
bottom: 2.27%;

background: linear-gradient(360deg, rgba(255, 145, 0, 0.7) 18.32%, rgba(247, 2, 39, 0.7) 38.51%, rgba(167, 24, 15, 0.7) 64.6%);
border-radius: 25px;


/* Red center */

position: absolute;
left: 6.56%;
right: 6.56%;
top: 45.45%;
bottom: 2.27%;

background: linear-gradient(360deg, #FF9100 22.2%, #F70227 46.66%, #A7180F 78.26%);
border-radius: 25px;


/* yellow down */

position: absolute;
left: 6.83%;
right: 6.83%;
top: 72.8%;
bottom: 2.27%;

background: #FF8400;
border-radius: 25px;


/* light left corner */

position: absolute;
width: 130px;
height: 11px;
left: 3px;
top: 1px;

background: linear-gradient(90deg, rgba(255, 145, 0, 0.7) 6.76%, rgba(167, 24, 15, 0.7) 96.4%);


/* Контейнер */

/* Auto layout */
display: flex;
flex-direction: column;
align-items: flex-start;
padding: 0px 1px 2px;
gap: 10px;

position: absolute;
left: 0%;
right: 0%;
top: 0%;
bottom: 0%;



/* Кнопка */

/* Auto layout */
display: flex;
flex-direction: row;
justify-content: center;
align-items: center;
padding: 10px;
gap: 10px;

width: 364px;
height: 42px;

background: radial-gradient(40.16% 76.19% at 84.07% 7.14%, rgba(226, 22, 22, 0.22) 0%, rgba(226, 22, 22, 0) 100%) /* warning: gradient uses a rotation that is not supported by CSS and may not behave as expected */, radial-gradient(66.12% 53.97% at 9.84% 25.24%, rgba(238, 131, 49, 0.21) 4.19%, rgba(238, 81, 49, 0.21) 23.46%, rgba(238, 81, 49, 0) 100%) /* warning: gradient uses a rotation that is not supported by CSS and may not behave as expected */, rgba(22, 22, 22, 0.1);
box-shadow: 0px 1px 0px 1px #5B0B02, inset -3px 3px 5.2px 2px rgba(0, 0, 0, 0.4), inset 0.5px 0.5px 0.5px #EE8331, inset 0px 0px 4px #E20200, inset 0px -1px 0px rgba(2, 0, 0, 0.1), inset 4px -2px 5px rgba(216, 2, 0, 0.4);
backdrop-filter: blur(7.5px);
/* Note: backdrop-filter has minimal browser support */
border-radius: 10px;

/* Inside auto layout */
flex: none;
order: 0;
align-self: stretch;
flex-grow: 0;


/* Текст */

width: 124px;
height: 19px;

font-family: 'Manrope';
font-style: normal;
font-weight: 700;
font-size: 14px;
line-height: 19px;
letter-spacing: 0.1em;
text-transform: uppercase;

color: #FDF1E5;

text-shadow: 0px 0px 10px #F46411;

/* Inside auto layout */
flex: none;
order: 0;
flex-grow: 0;


/* Шаг 1 - Выбор анализа */

/* Auto layout */
display: flex;
flex-direction: column;
align-items: flex-start;
padding: 0px;
gap: 20px;

width: 366px;
height: 78px;


/* Inside auto layout */
flex: none;
order: 10;
align-self: stretch;
flex-grow: 0;


/* Заголовок */

width: 213px;
height: 18px;

font-family: 'IBM Plex Mono';
font-style: normal;
font-weight: 400;
font-size: 14px;
line-height: 18px;
letter-spacing: 0.1em;

color: #707070;


/* Inside auto layout */
flex: none;
order: 0;
flex-grow: 0;


/* Выбор шагов */

/* Auto layout */
display: flex;
flex-direction: column;
align-items: flex-start;
padding: 0px;
gap: 8px;

width: 235px;
height: 40px;


/* Inside auto layout */
flex: none;
order: 1;
flex-grow: 0;


/* 1 шаг */

/* Auto layout */
display: flex;
flex-direction: row;
align-items: center;
padding: 0px;
gap: 8px;

width: 235px;
height: 16px;


/* Inside auto layout */
flex: none;
order: 0;
align-self: stretch;
flex-grow: 0;


/* Radio button */

box-sizing: border-box;

/* Auto layout */
display: flex;
flex-direction: row;
justify-content: center;
align-items: center;
padding: 10px;
gap: 10px;

width: 12px;
height: 12px;

background: rgba(112, 112, 112, 0.3);
border-radius: 100px;

/* Inside auto layout */
flex: none;
order: 0;
flex-grow: 0;


/* Ellipse 7 */

width: 7px;
height: 7px;

background: #707070;
opacity: 0;

/* Inside auto layout */
flex: none;
order: 0;
flex-grow: 0;


/* Через авторизованный браузер */

width: 215px;
height: 16px;

font-family: 'Manrope';
font-style: normal;
font-weight: 400;
font-size: 12px;
line-height: 16px;
letter-spacing: 0.1em;

color: #B4B4B4;


/* Inside auto layout */
flex: none;
order: 1;
flex-grow: 0;


/* 2 шаг */

/* Auto layout */
display: flex;
flex-direction: row;
align-items: center;
padding: 0px;
gap: 8px;

width: 124px;
height: 16px;


/* Inside auto layout */
flex: none;
order: 1;
flex-grow: 0;


/* Radio button */

box-sizing: border-box;

/* Auto layout */
display: flex;
flex-direction: row;
justify-content: center;
align-items: center;
padding: 10px;
gap: 10px;

width: 12px;
height: 12px;

background: rgba(112, 112, 112, 0.3);
border-radius: 100px;

/* Inside auto layout */
flex: none;
order: 0;
flex-grow: 0;


/* Ellipse 7 */

width: 7px;
height: 7px;

background: #707070;
opacity: 0;

/* Inside auto layout */
flex: none;
order: 0;
flex-grow: 0;


/* Из архива Meta */

width: 104px;
height: 16px;

font-family: 'Manrope';
font-style: normal;
font-weight: 400;
font-size: 12px;
line-height: 16px;
letter-spacing: 0.1em;

color: #B4B4B4;


/* Inside auto layout */
flex: none;
order: 1;
flex-grow: 0;


/* Скролл */

width: 4px;
height: 766px;


/* Inside auto layout */
flex: none;
order: 1;
align-self: stretch;
flex-grow: 0;


/* Общая полоска */

position: absolute;
width: 4px;
height: 766px;
left: 394px;
top: 15px;

background: rgba(49, 49, 49, 0.3);
border-radius: 100px;


/* Сам скролл */

position: absolute;
width: 4px;
height: 673.31px;
left: 394px;
top: 15px;

background: #313131;
border-radius: 100px;
