<svg width="403" height="796" viewBox="0 0 403 796" fill="none" xmlns="http://www.w3.org/2000/svg">
<rect x="0.5" y="0.5" width="402" height="795" rx="14.5" fill="#161616"/>
<rect x="0.5" y="0.5" width="402" height="795" rx="14.5" stroke="#212121"/>
<path d="M18.5565 29V27.978H21.3565V20.096H21.2585L18.7945 22.392L18.1085 21.65L20.6985 19.228H22.5325V27.978H25.1085V29H18.5565ZM29.9611 29.126C29.5784 29.126 29.3077 29.0467 29.1491 28.888C28.9997 28.7293 28.9251 28.5287 28.9251 28.286V28.034C28.9251 27.7913 28.9997 27.5907 29.1491 27.432C29.3077 27.2733 29.5784 27.194 29.9611 27.194C30.3437 27.194 30.6097 27.2733 30.7591 27.432C30.9177 27.5907 30.9971 27.7913 30.9971 28.034V28.286C30.9971 28.5287 30.9177 28.7293 30.7591 28.888C30.6097 29.0467 30.3437 29.126 29.9611 29.126ZM39.46 29V19.228H43.016C43.9213 19.228 44.612 19.4753 45.088 19.97C45.564 20.4647 45.802 21.1553 45.802 22.042C45.802 22.9287 45.564 23.6193 45.088 24.114C44.612 24.6087 43.9213 24.856 43.016 24.856H40.636V29H39.46ZM40.636 23.834H42.988C43.4827 23.834 43.8653 23.7127 44.136 23.47C44.416 23.218 44.556 22.8633 44.556 22.406V21.678C44.556 21.2207 44.416 20.8707 44.136 20.628C43.8653 20.376 43.4827 20.25 42.988 20.25H40.636V23.834ZM49.2545 29V19.228H55.2745V20.25H50.4305V23.54H55.1065V24.562H50.4305V27.978H55.2745V29H49.2545ZM61.4151 24.548H60.4491L59.0211 29H57.8171L58.9931 25.29C59.0677 25.066 59.1424 24.8793 59.2171 24.73C59.2917 24.5807 59.3664 24.464 59.4411 24.38C59.5251 24.2867 59.6091 24.2167 59.6931 24.17C59.7864 24.1233 59.8844 24.0907 59.9871 24.072V24.002C59.7911 23.9553 59.6184 23.8527 59.4691 23.694C59.3197 23.5353 59.1891 23.2553 59.0771 22.854L58.0411 19.228H59.1891L60.4491 23.54H61.4151V19.228H62.5631V23.54H63.5291L64.8031 19.228H65.9371L64.8871 22.84C64.7657 23.2507 64.6351 23.5353 64.4951 23.694C64.3551 23.8527 64.1871 23.9553 63.9911 24.002V24.072C64.0937 24.0907 64.1917 24.1233 64.2851 24.17C64.3784 24.2167 64.4671 24.2867 64.5511 24.38C64.6351 24.4733 64.7097 24.5947 64.7751 24.744C64.8497 24.884 64.9244 25.066 64.9991 25.29L66.1611 29H64.9431L63.5291 24.548H62.5631V29H61.4151V24.548ZM68.7036 19.228H69.8796V24.156L69.6836 26.984H69.7536L73.7436 19.228H74.8636V29H73.6876V24.072L73.8836 21.244H73.8136L69.8236 29H68.7036V19.228ZM83.7481 24.1V21.006H83.6361L81.5781 26.032L79.5201 21.006H79.4081V24.1V29H78.3301V19.228H79.8421L81.5641 23.54H81.6481L83.3701 19.228H84.8261V29H83.7481V24.1Z" fill="#707070"/>
<rect x="20.5" y="55.5" width="11" height="11" rx="5.5" fill="#E85935" fill-opacity="0.2"/>
<rect x="20.5" y="55.5" width="11" height="11" rx="5.5" stroke="#E85935"/>
<circle cx="26" cy="61" r="3.5" fill="#E85935"/>
<path d="M44.338 66.18C43.478 66.18 42.752 65.99 42.16 65.61C41.568 65.226 41.12 64.696 40.816 64.02C40.512 63.344 40.36 62.564 40.36 61.68C40.36 60.796 40.512 60.016 40.816 59.34C41.12 58.664 41.568 58.136 42.16 57.756C42.752 57.372 43.478 57.18 44.338 57.18C45.342 57.18 46.162 57.438 46.798 57.954C47.434 58.466 47.87 59.154 48.106 60.018L47.206 60.252C47.022 59.568 46.692 59.026 46.216 58.626C45.74 58.226 45.114 58.026 44.338 58.026C43.662 58.026 43.1 58.18 42.652 58.488C42.204 58.796 41.866 59.226 41.638 59.778C41.414 60.326 41.298 60.96 41.29 61.68C41.286 62.4 41.396 63.034 41.62 63.582C41.848 64.13 42.188 64.56 42.64 64.872C43.096 65.18 43.662 65.334 44.338 65.334C45.114 65.334 45.74 65.134 46.216 64.734C46.692 64.33 47.022 63.788 47.206 63.108L48.106 63.342C47.87 64.206 47.434 64.896 46.798 65.412C46.162 65.924 45.342 66.18 44.338 66.18ZM50.6238 66L50.6298 59.52H51.5178V62.64L54.4098 59.52H55.5858L52.5498 62.76L55.9818 66H54.6978L51.5178 62.88V66H50.6238ZM59.637 66.18C59.149 66.18 58.739 66.092 58.407 65.916C58.079 65.74 57.833 65.506 57.669 65.214C57.505 64.922 57.423 64.604 57.423 64.26C57.423 63.908 57.493 63.608 57.633 63.36C57.777 63.108 57.971 62.902 58.215 62.742C58.463 62.582 58.749 62.46 59.073 62.376C59.401 62.296 59.763 62.226 60.159 62.166C60.559 62.102 60.949 62.048 61.329 62.004C61.713 61.956 62.049 61.91 62.337 61.866L62.025 62.058C62.037 61.418 61.913 60.944 61.653 60.636C61.393 60.328 60.941 60.174 60.297 60.174C59.853 60.174 59.477 60.274 59.169 60.474C58.865 60.674 58.651 60.99 58.527 61.422L57.669 61.17C57.817 60.59 58.115 60.14 58.563 59.82C59.011 59.5 59.593 59.34 60.309 59.34C60.901 59.34 61.403 59.452 61.815 59.676C62.231 59.896 62.525 60.216 62.697 60.636C62.777 60.824 62.829 61.034 62.853 61.266C62.877 61.498 62.889 61.734 62.889 61.974V66H62.103V64.374L62.331 64.47C62.111 65.026 61.769 65.45 61.305 65.742C60.841 66.034 60.285 66.18 59.637 66.18ZM59.739 65.418C60.151 65.418 60.511 65.344 60.819 65.196C61.127 65.048 61.375 64.846 61.563 64.59C61.751 64.33 61.873 64.038 61.929 63.714C61.977 63.506 62.003 63.278 62.007 63.03C62.011 62.778 62.013 62.59 62.013 62.466L62.349 62.64C62.049 62.68 61.723 62.72 61.371 62.76C61.023 62.8 60.679 62.846 60.339 62.898C60.003 62.95 59.699 63.012 59.427 63.084C59.243 63.136 59.065 63.21 58.893 63.306C58.721 63.398 58.579 63.522 58.467 63.678C58.359 63.834 58.305 64.028 58.305 64.26C58.305 64.448 58.351 64.63 58.443 64.806C58.539 64.982 58.691 65.128 58.899 65.244C59.111 65.36 59.391 65.418 59.739 65.418ZM69.6169 66V63.588C69.4009 63.696 69.1349 63.79 68.8189 63.87C68.5029 63.95 68.1629 63.99 67.7989 63.99C67.1429 63.99 66.6109 63.844 66.2029 63.552C65.7949 63.26 65.5289 62.838 65.4049 62.286C65.3649 62.122 65.3369 61.948 65.3209 61.764C65.3089 61.58 65.3009 61.414 65.2969 61.266C65.2929 61.118 65.2909 61.012 65.2909 60.948V59.52H66.1789V60.948C66.1789 61.08 66.1829 61.23 66.1909 61.398C66.1989 61.566 66.2169 61.73 66.2449 61.89C66.3249 62.326 66.5049 62.656 66.7849 62.88C67.0689 63.104 67.4669 63.216 67.9789 63.216C68.2989 63.216 68.6009 63.176 68.8849 63.096C69.1729 63.012 69.4169 62.9 69.6169 62.76V59.52H70.4989V66H69.6169ZM78.5263 59.52V66H77.6683V60.954L74.1163 66H73.3723V59.52H74.2303V64.524L77.7883 59.52H78.5263ZM81.4043 66V59.52H84.0743C84.2103 59.52 84.3743 59.528 84.5663 59.544C84.7623 59.56 84.9443 59.59 85.1123 59.634C85.4763 59.73 85.7683 59.926 85.9883 60.222C86.2123 60.518 86.3243 60.874 86.3243 61.29C86.3243 61.522 86.2883 61.73 86.2163 61.914C86.1483 62.094 86.0503 62.25 85.9223 62.382C85.8623 62.45 85.7963 62.51 85.7243 62.562C85.6523 62.61 85.5823 62.65 85.5143 62.682C85.6423 62.706 85.7803 62.762 85.9283 62.85C86.1603 62.986 86.3363 63.17 86.4563 63.402C86.5763 63.63 86.6363 63.908 86.6363 64.236C86.6363 64.68 86.5303 65.042 86.3183 65.322C86.1063 65.602 85.8223 65.794 85.4663 65.898C85.3063 65.942 85.1323 65.97 84.9443 65.982C84.7603 65.994 84.5863 66 84.4223 66H81.4043ZM82.2923 65.25H84.3803C84.4643 65.25 84.5703 65.244 84.6983 65.232C84.8263 65.216 84.9403 65.196 85.0403 65.172C85.2763 65.112 85.4483 64.992 85.5563 64.812C85.6683 64.628 85.7243 64.428 85.7243 64.212C85.7243 63.928 85.6403 63.696 85.4723 63.516C85.3083 63.332 85.0883 63.22 84.8123 63.18C84.7203 63.16 84.6243 63.148 84.5243 63.144C84.4243 63.14 84.3343 63.138 84.2543 63.138H82.2923V65.25ZM82.2923 62.382H84.1043C84.2083 62.382 84.3243 62.376 84.4523 62.364C84.5843 62.348 84.6983 62.322 84.7943 62.286C85.0023 62.214 85.1543 62.09 85.2503 61.914C85.3503 61.738 85.4003 61.546 85.4003 61.338C85.4003 61.11 85.3463 60.91 85.2383 60.738C85.1343 60.566 84.9763 60.446 84.7643 60.378C84.6203 60.326 84.4643 60.296 84.2963 60.288C84.1323 60.28 84.0283 60.276 83.9843 60.276H82.2923V62.382ZM90.8862 66.18C90.3982 66.18 89.9882 66.092 89.6562 65.916C89.3282 65.74 89.0822 65.506 88.9182 65.214C88.7542 64.922 88.6722 64.604 88.6722 64.26C88.6722 63.908 88.7422 63.608 88.8822 63.36C89.0262 63.108 89.2202 62.902 89.4642 62.742C89.7122 62.582 89.9982 62.46 90.3222 62.376C90.6502 62.296 91.0122 62.226 91.4082 62.166C91.8082 62.102 92.1982 62.048 92.5782 62.004C92.9622 61.956 93.2982 61.91 93.5862 61.866L93.2742 62.058C93.2862 61.418 93.1622 60.944 92.9022 60.636C92.6422 60.328 92.1902 60.174 91.5462 60.174C91.1022 60.174 90.7262 60.274 90.4182 60.474C90.1142 60.674 89.9002 60.99 89.7762 61.422L88.9182 61.17C89.0662 60.59 89.3642 60.14 89.8122 59.82C90.2602 59.5 90.8422 59.34 91.5582 59.34C92.1502 59.34 92.6522 59.452 93.0642 59.676C93.4802 59.896 93.7742 60.216 93.9462 60.636C94.0262 60.824 94.0782 61.034 94.1022 61.266C94.1262 61.498 94.1382 61.734 94.1382 61.974V66H93.3522V64.374L93.5802 64.47C93.3602 65.026 93.0182 65.45 92.5542 65.742C92.0902 66.034 91.5342 66.18 90.8862 66.18ZM90.9882 65.418C91.4002 65.418 91.7602 65.344 92.0682 65.196C92.3762 65.048 92.6242 64.846 92.8122 64.59C93.0002 64.33 93.1222 64.038 93.1782 63.714C93.2262 63.506 93.2522 63.278 93.2562 63.03C93.2602 62.778 93.2622 62.59 93.2622 62.466L93.5982 62.64C93.2982 62.68 92.9722 62.72 92.6202 62.76C92.2722 62.8 91.9282 62.846 91.5882 62.898C91.2522 62.95 90.9482 63.012 90.6762 63.084C90.4922 63.136 90.3142 63.21 90.1422 63.306C89.9702 63.398 89.8282 63.522 89.7162 63.678C89.6082 63.834 89.5542 64.028 89.5542 64.26C89.5542 64.448 89.6002 64.63 89.6922 64.806C89.7882 64.982 89.9402 65.128 90.1482 65.244C90.3602 65.36 90.6402 65.418 90.9882 65.418ZM96.8942 66V59.52H97.7762V62.334H101.43V59.52H102.312V66H101.43V63.18H97.7762V66H96.8942ZM110.338 59.52V66H109.48V60.954L105.928 66H105.184V59.52H106.042V64.524L109.6 59.52H110.338ZM115.964 66.18C115.332 66.18 114.784 66.04 114.32 65.76C113.86 65.48 113.502 65.086 113.246 64.578C112.99 64.07 112.862 63.474 112.862 62.79C112.862 62.082 112.988 61.47 113.24 60.954C113.492 60.438 113.846 60.04 114.302 59.76C114.762 59.48 115.304 59.34 115.928 59.34C116.568 59.34 117.114 59.488 117.566 59.784C118.018 60.076 118.36 60.496 118.592 61.044C118.824 61.592 118.93 62.246 118.91 63.006H118.01V62.694C117.994 61.854 117.812 61.22 117.464 60.792C117.12 60.364 116.616 60.15 115.952 60.15C115.256 60.15 114.722 60.376 114.35 60.828C113.982 61.28 113.798 61.924 113.798 62.76C113.798 63.576 113.982 64.21 114.35 64.662C114.722 65.11 115.248 65.334 115.928 65.334C116.392 65.334 116.796 65.228 117.14 65.016C117.488 64.8 117.762 64.49 117.962 64.086L118.784 64.404C118.528 64.968 118.15 65.406 117.65 65.718C117.154 66.026 116.592 66.18 115.964 66.18ZM113.486 63.006V62.268H118.436V63.006H113.486ZM125.038 66V59.52H130.192V66H129.31V60.366H125.92V66H125.038ZM135.782 66.18C135.138 66.18 134.588 66.034 134.132 65.742C133.676 65.45 133.326 65.046 133.082 64.53C132.838 64.014 132.716 63.422 132.716 62.754C132.716 62.074 132.84 61.478 133.088 60.966C133.336 60.454 133.688 60.056 134.144 59.772C134.604 59.484 135.15 59.34 135.782 59.34C136.43 59.34 136.982 59.486 137.438 59.778C137.898 60.066 138.248 60.468 138.488 60.984C138.732 61.496 138.854 62.086 138.854 62.754C138.854 63.434 138.732 64.032 138.488 64.548C138.244 65.06 137.892 65.46 137.432 65.748C136.972 66.036 136.422 66.18 135.782 66.18ZM135.782 65.334C136.502 65.334 137.038 65.096 137.39 64.62C137.742 64.14 137.918 63.518 137.918 62.754C137.918 61.97 137.74 61.346 137.384 60.882C137.032 60.418 136.498 60.186 135.782 60.186C135.298 60.186 134.898 60.296 134.582 60.516C134.27 60.732 134.036 61.034 133.88 61.422C133.728 61.806 133.652 62.25 133.652 62.754C133.652 63.534 133.832 64.16 134.192 64.632C134.552 65.1 135.082 65.334 135.782 65.334ZM147.668 66.18C147.016 66.18 146.464 66.034 146.012 65.742C145.56 65.45 145.216 65.048 144.98 64.536C144.748 64.02 144.628 63.428 144.62 62.76C144.628 62.08 144.752 61.484 144.992 60.972C145.232 60.456 145.578 60.056 146.03 59.772C146.482 59.484 147.03 59.34 147.674 59.34C148.33 59.34 148.9 59.5 149.384 59.82C149.872 60.14 150.206 60.578 150.386 61.134L149.522 61.41C149.37 61.022 149.128 60.722 148.796 60.51C148.468 60.294 148.092 60.186 147.668 60.186C147.192 60.186 146.798 60.296 146.486 60.516C146.174 60.732 145.942 61.034 145.79 61.422C145.638 61.81 145.56 62.256 145.556 62.76C145.564 63.536 145.744 64.16 146.096 64.632C146.448 65.1 146.972 65.334 147.668 65.334C148.108 65.334 148.482 65.234 148.79 65.034C149.102 64.83 149.338 64.534 149.498 64.146L150.386 64.41C150.146 64.986 149.794 65.426 149.33 65.73C148.866 66.03 148.312 66.18 147.668 66.18ZM155.337 66.18C154.685 66.18 154.133 66.034 153.681 65.742C153.229 65.45 152.885 65.048 152.649 64.536C152.417 64.02 152.297 63.428 152.289 62.76C152.297 62.08 152.421 61.484 152.661 60.972C152.901 60.456 153.247 60.056 153.699 59.772C154.151 59.484 154.699 59.34 155.343 59.34C155.999 59.34 156.569 59.5 157.053 59.82C157.541 60.14 157.875 60.578 158.055 61.134L157.191 61.41C157.039 61.022 156.797 60.722 156.465 60.51C156.137 60.294 155.761 60.186 155.337 60.186C154.861 60.186 154.467 60.296 154.155 60.516C153.843 60.732 153.611 61.034 153.459 61.422C153.307 61.81 153.229 62.256 153.225 62.76C153.233 63.536 153.413 64.16 153.765 64.632C154.117 65.1 154.641 65.334 155.337 65.334C155.777 65.334 156.151 65.234 156.459 65.034C156.771 64.83 157.007 64.534 157.167 64.146L158.055 64.41C157.815 64.986 157.463 65.426 156.999 65.73C156.535 66.03 155.981 66.18 155.337 66.18ZM160.499 66L160.487 59.52H161.375V61.962H162.503C162.691 61.962 162.875 61.966 163.055 61.974C163.235 61.982 163.397 61.998 163.541 62.022C163.861 62.086 164.145 62.194 164.393 62.346C164.641 62.498 164.837 62.708 164.981 62.976C165.125 63.24 165.197 63.574 165.197 63.978C165.197 64.534 165.053 64.972 164.765 65.292C164.477 65.612 164.115 65.82 163.679 65.916C163.515 65.952 163.337 65.976 163.145 65.988C162.953 65.996 162.765 66 162.581 66H160.499ZM161.375 65.244H162.545C162.677 65.244 162.827 65.24 162.995 65.232C163.163 65.224 163.311 65.202 163.439 65.166C163.655 65.106 163.849 64.986 164.021 64.806C164.197 64.622 164.285 64.346 164.285 63.978C164.285 63.614 164.201 63.34 164.033 63.156C163.865 62.968 163.641 62.844 163.361 62.784C163.233 62.756 163.097 62.738 162.953 62.73C162.813 62.722 162.677 62.718 162.545 62.718H161.375V65.244ZM165.971 66V59.52H166.853V66H165.971ZM169.132 66V65.226C169.372 65.27 169.554 65.26 169.678 65.196C169.806 65.128 169.9 65.016 169.96 64.86C170.02 64.7 170.07 64.502 170.11 64.266C170.174 63.874 170.232 63.442 170.284 62.97C170.336 62.498 170.382 61.978 170.422 61.41C170.466 60.838 170.51 60.208 170.554 59.52H174.958V66H174.082V60.366H171.37C171.342 60.79 171.31 61.212 171.274 61.632C171.238 62.052 171.2 62.456 171.16 62.844C171.124 63.228 171.084 63.582 171.04 63.906C170.996 64.23 170.95 64.51 170.902 64.746C170.83 65.102 170.734 65.386 170.614 65.598C170.498 65.81 170.324 65.95 170.092 66.018C169.86 66.086 169.54 66.08 169.132 66ZM177.829 66L177.835 59.52H178.723V62.64L181.615 59.52H182.791L179.755 62.76L183.187 66H181.903L178.723 62.88V66H177.829ZM187.495 66.18C186.863 66.18 186.315 66.04 185.851 65.76C185.391 65.48 185.033 65.086 184.777 64.578C184.521 64.07 184.393 63.474 184.393 62.79C184.393 62.082 184.519 61.47 184.771 60.954C185.023 60.438 185.377 60.04 185.833 59.76C186.293 59.48 186.835 59.34 187.459 59.34C188.099 59.34 188.645 59.488 189.097 59.784C189.549 60.076 189.891 60.496 190.123 61.044C190.355 61.592 190.461 62.246 190.441 63.006H189.541V62.694C189.525 61.854 189.343 61.22 188.995 60.792C188.651 60.364 188.147 60.15 187.483 60.15C186.787 60.15 186.253 60.376 185.881 60.828C185.513 61.28 185.329 61.924 185.329 62.76C185.329 63.576 185.513 64.21 185.881 64.662C186.253 65.11 186.779 65.334 187.459 65.334C187.923 65.334 188.327 65.228 188.671 65.016C189.019 64.8 189.293 64.49 189.493 64.086L190.315 64.404C190.059 64.968 189.681 65.406 189.181 65.718C188.685 66.026 188.123 66.18 187.495 66.18ZM185.017 63.006V62.268H189.967V63.006H185.017Z" fill="#B4B4B4"/>
<rect x="371.5" y="54" width="14" height="14" rx="7" stroke="#707070"/>
<path d="M378.42 63.9049C378.974 63.9534 379.323 63.4307 379.684 63.0971C379.759 63.0809 379.752 63.2012 379.732 63.2467C379.665 63.4085 379.118 64.1769 378.979 64.3133C378.32 64.9665 376.469 65.5357 376.663 64.1283C376.741 63.5622 378.064 60.4017 377.914 60.2663C377.384 60.24 376.914 60.6292 376.549 60.973C376.494 60.5675 377.237 59.9195 377.608 59.7072C378.288 59.3169 379.99 58.9499 379.815 60.1884C379.737 60.7424 378.239 63.7229 378.42 63.9049Z" fill="#707070"/>
<path d="M379 57.0563C380.748 56.6064 380.945 58.9944 379.456 59.1329C378.228 59.2472 377.913 57.3363 379 57.0563Z" fill="#707070"/>
<rect x="20" y="79" width="12" height="12" rx="6" fill="#707070" fill-opacity="0.3"/>
<path d="M44.338 90.18C43.478 90.18 42.752 89.99 42.16 89.61C41.568 89.226 41.12 88.696 40.816 88.02C40.512 87.344 40.36 86.564 40.36 85.68C40.36 84.796 40.512 84.016 40.816 83.34C41.12 82.664 41.568 82.136 42.16 81.756C42.752 81.372 43.478 81.18 44.338 81.18C45.342 81.18 46.162 81.438 46.798 81.954C47.434 82.466 47.87 83.154 48.106 84.018L47.206 84.252C47.022 83.568 46.692 83.026 46.216 82.626C45.74 82.226 45.114 82.026 44.338 82.026C43.662 82.026 43.1 82.18 42.652 82.488C42.204 82.796 41.866 83.226 41.638 83.778C41.414 84.326 41.298 84.96 41.29 85.68C41.286 86.4 41.396 87.034 41.62 87.582C41.848 88.13 42.188 88.56 42.64 88.872C43.096 89.18 43.662 89.334 44.338 89.334C45.114 89.334 45.74 89.134 46.216 88.734C46.692 88.33 47.022 87.788 47.206 87.108L48.106 87.342C47.87 88.206 47.434 88.896 46.798 89.412C46.162 89.924 45.342 90.18 44.338 90.18ZM50.6238 90L50.6298 83.52H51.5178V86.64L54.4098 83.52H55.5858L52.5498 86.76L55.9818 90H54.6978L51.5178 86.88V90H50.6238ZM59.637 90.18C59.149 90.18 58.739 90.092 58.407 89.916C58.079 89.74 57.833 89.506 57.669 89.214C57.505 88.922 57.423 88.604 57.423 88.26C57.423 87.908 57.493 87.608 57.633 87.36C57.777 87.108 57.971 86.902 58.215 86.742C58.463 86.582 58.749 86.46 59.073 86.376C59.401 86.296 59.763 86.226 60.159 86.166C60.559 86.102 60.949 86.048 61.329 86.004C61.713 85.956 62.049 85.91 62.337 85.866L62.025 86.058C62.037 85.418 61.913 84.944 61.653 84.636C61.393 84.328 60.941 84.174 60.297 84.174C59.853 84.174 59.477 84.274 59.169 84.474C58.865 84.674 58.651 84.99 58.527 85.422L57.669 85.17C57.817 84.59 58.115 84.14 58.563 83.82C59.011 83.5 59.593 83.34 60.309 83.34C60.901 83.34 61.403 83.452 61.815 83.676C62.231 83.896 62.525 84.216 62.697 84.636C62.777 84.824 62.829 85.034 62.853 85.266C62.877 85.498 62.889 85.734 62.889 85.974V90H62.103V88.374L62.331 88.47C62.111 89.026 61.769 89.45 61.305 89.742C60.841 90.034 60.285 90.18 59.637 90.18ZM59.739 89.418C60.151 89.418 60.511 89.344 60.819 89.196C61.127 89.048 61.375 88.846 61.563 88.59C61.751 88.33 61.873 88.038 61.929 87.714C61.977 87.506 62.003 87.278 62.007 87.03C62.011 86.778 62.013 86.59 62.013 86.466L62.349 86.64C62.049 86.68 61.723 86.72 61.371 86.76C61.023 86.8 60.679 86.846 60.339 86.898C60.003 86.95 59.699 87.012 59.427 87.084C59.243 87.136 59.065 87.21 58.893 87.306C58.721 87.398 58.579 87.522 58.467 87.678C58.359 87.834 58.305 88.028 58.305 88.26C58.305 88.448 58.351 88.63 58.443 88.806C58.539 88.982 58.691 89.128 58.899 89.244C59.111 89.36 59.391 89.418 59.739 89.418ZM69.6169 90V87.588C69.4009 87.696 69.1349 87.79 68.8189 87.87C68.5029 87.95 68.1629 87.99 67.7989 87.99C67.1429 87.99 66.6109 87.844 66.2029 87.552C65.7949 87.26 65.5289 86.838 65.4049 86.286C65.3649 86.122 65.3369 85.948 65.3209 85.764C65.3089 85.58 65.3009 85.414 65.2969 85.266C65.2929 85.118 65.2909 85.012 65.2909 84.948V83.52H66.1789V84.948C66.1789 85.08 66.1829 85.23 66.1909 85.398C66.1989 85.566 66.2169 85.73 66.2449 85.89C66.3249 86.326 66.5049 86.656 66.7849 86.88C67.0689 87.104 67.4669 87.216 67.9789 87.216C68.2989 87.216 68.6009 87.176 68.8849 87.096C69.1729 87.012 69.4169 86.9 69.6169 86.76V83.52H70.4989V90H69.6169ZM78.5263 83.52V90H77.6683V84.954L74.1163 90H73.3723V83.52H74.2303V88.524L77.7883 83.52H78.5263ZM81.4043 90V83.52H84.0743C84.2103 83.52 84.3743 83.528 84.5663 83.544C84.7623 83.56 84.9443 83.59 85.1123 83.634C85.4763 83.73 85.7683 83.926 85.9883 84.222C86.2123 84.518 86.3243 84.874 86.3243 85.29C86.3243 85.522 86.2883 85.73 86.2163 85.914C86.1483 86.094 86.0503 86.25 85.9223 86.382C85.8623 86.45 85.7963 86.51 85.7243 86.562C85.6523 86.61 85.5823 86.65 85.5143 86.682C85.6423 86.706 85.7803 86.762 85.9283 86.85C86.1603 86.986 86.3363 87.17 86.4563 87.402C86.5763 87.63 86.6363 87.908 86.6363 88.236C86.6363 88.68 86.5303 89.042 86.3183 89.322C86.1063 89.602 85.8223 89.794 85.4663 89.898C85.3063 89.942 85.1323 89.97 84.9443 89.982C84.7603 89.994 84.5863 90 84.4223 90H81.4043ZM82.2923 89.25H84.3803C84.4643 89.25 84.5703 89.244 84.6983 89.232C84.8263 89.216 84.9403 89.196 85.0403 89.172C85.2763 89.112 85.4483 88.992 85.5563 88.812C85.6683 88.628 85.7243 88.428 85.7243 88.212C85.7243 87.928 85.6403 87.696 85.4723 87.516C85.3083 87.332 85.0883 87.22 84.8123 87.18C84.7203 87.16 84.6243 87.148 84.5243 87.144C84.4243 87.14 84.3343 87.138 84.2543 87.138H82.2923V89.25ZM82.2923 86.382H84.1043C84.2083 86.382 84.3243 86.376 84.4523 86.364C84.5843 86.348 84.6983 86.322 84.7943 86.286C85.0023 86.214 85.1543 86.09 85.2503 85.914C85.3503 85.738 85.4003 85.546 85.4003 85.338C85.4003 85.11 85.3463 84.91 85.2383 84.738C85.1343 84.566 84.9763 84.446 84.7643 84.378C84.6203 84.326 84.4643 84.296 84.2963 84.288C84.1323 84.28 84.0283 84.276 83.9843 84.276H82.2923V86.382ZM90.8862 90.18C90.3982 90.18 89.9882 90.092 89.6562 89.916C89.3282 89.74 89.0822 89.506 88.9182 89.214C88.7542 88.922 88.6722 88.604 88.6722 88.26C88.6722 87.908 88.7422 87.608 88.8822 87.36C89.0262 87.108 89.2202 86.902 89.4642 86.742C89.7122 86.582 89.9982 86.46 90.3222 86.376C90.6502 86.296 91.0122 86.226 91.4082 86.166C91.8082 86.102 92.1982 86.048 92.5782 86.004C92.9622 85.956 93.2982 85.91 93.5862 85.866L93.2742 86.058C93.2862 85.418 93.1622 84.944 92.9022 84.636C92.6422 84.328 92.1902 84.174 91.5462 84.174C91.1022 84.174 90.7262 84.274 90.4182 84.474C90.1142 84.674 89.9002 84.99 89.7762 85.422L88.9182 85.17C89.0662 84.59 89.3642 84.14 89.8122 83.82C90.2602 83.5 90.8422 83.34 91.5582 83.34C92.1502 83.34 92.6522 83.452 93.0642 83.676C93.4802 83.896 93.7742 84.216 93.9462 84.636C94.0262 84.824 94.0782 85.034 94.1022 85.266C94.1262 85.498 94.1382 85.734 94.1382 85.974V90H93.3522V88.374L93.5802 88.47C93.3602 89.026 93.0182 89.45 92.5542 89.742C92.0902 90.034 91.5342 90.18 90.8862 90.18ZM90.9882 89.418C91.4002 89.418 91.7602 89.344 92.0682 89.196C92.3762 89.048 92.6242 88.846 92.8122 88.59C93.0002 88.33 93.1222 88.038 93.1782 87.714C93.2262 87.506 93.2522 87.278 93.2562 87.03C93.2602 86.778 93.2622 86.59 93.2622 86.466L93.5982 86.64C93.2982 86.68 92.9722 86.72 92.6202 86.76C92.2722 86.8 91.9282 86.846 91.5882 86.898C91.2522 86.95 90.9482 87.012 90.6762 87.084C90.4922 87.136 90.3142 87.21 90.1422 87.306C89.9702 87.398 89.8282 87.522 89.7162 87.678C89.6082 87.834 89.5542 88.028 89.5542 88.26C89.5542 88.448 89.6002 88.63 89.6922 88.806C89.7882 88.982 89.9402 89.128 90.1482 89.244C90.3602 89.36 90.6402 89.418 90.9882 89.418ZM96.8942 90V83.52H97.7762V86.334H101.43V83.52H102.312V90H101.43V87.18H97.7762V90H96.8942ZM110.338 83.52V90H109.48V84.954L105.928 90H105.184V83.52H106.042V88.524L109.6 83.52H110.338ZM115.964 90.18C115.332 90.18 114.784 90.04 114.32 89.76C113.86 89.48 113.502 89.086 113.246 88.578C112.99 88.07 112.862 87.474 112.862 86.79C112.862 86.082 112.988 85.47 113.24 84.954C113.492 84.438 113.846 84.04 114.302 83.76C114.762 83.48 115.304 83.34 115.928 83.34C116.568 83.34 117.114 83.488 117.566 83.784C118.018 84.076 118.36 84.496 118.592 85.044C118.824 85.592 118.93 86.246 118.91 87.006H118.01V86.694C117.994 85.854 117.812 85.22 117.464 84.792C117.12 84.364 116.616 84.15 115.952 84.15C115.256 84.15 114.722 84.376 114.35 84.828C113.982 85.28 113.798 85.924 113.798 86.76C113.798 87.576 113.982 88.21 114.35 88.662C114.722 89.11 115.248 89.334 115.928 89.334C116.392 89.334 116.796 89.228 117.14 89.016C117.488 88.8 117.762 88.49 117.962 88.086L118.784 88.404C118.528 88.968 118.15 89.406 117.65 89.718C117.154 90.026 116.592 90.18 115.964 90.18ZM113.486 87.006V86.268H118.436V87.006H113.486ZM125.038 90V83.52H127.708C127.844 83.52 128.008 83.528 128.2 83.544C128.396 83.56 128.578 83.59 128.746 83.634C129.11 83.73 129.402 83.926 129.622 84.222C129.846 84.518 129.958 84.874 129.958 85.29C129.958 85.522 129.922 85.73 129.85 85.914C129.782 86.094 129.684 86.25 129.556 86.382C129.496 86.45 129.43 86.51 129.358 86.562C129.286 86.61 129.216 86.65 129.148 86.682C129.276 86.706 129.414 86.762 129.562 86.85C129.794 86.986 129.97 87.17 130.09 87.402C130.21 87.63 130.27 87.908 130.27 88.236C130.27 88.68 130.164 89.042 129.952 89.322C129.74 89.602 129.456 89.794 129.1 89.898C128.94 89.942 128.766 89.97 128.578 89.982C128.394 89.994 128.22 90 128.056 90H125.038ZM125.926 89.25H128.014C128.098 89.25 128.204 89.244 128.332 89.232C128.46 89.216 128.574 89.196 128.674 89.172C128.91 89.112 129.082 88.992 129.19 88.812C129.302 88.628 129.358 88.428 129.358 88.212C129.358 87.928 129.274 87.696 129.106 87.516C128.942 87.332 128.722 87.22 128.446 87.18C128.354 87.16 128.258 87.148 128.158 87.144C128.058 87.14 127.968 87.138 127.888 87.138H125.926V89.25ZM125.926 86.382H127.738C127.842 86.382 127.958 86.376 128.086 86.364C128.218 86.348 128.332 86.322 128.428 86.286C128.636 86.214 128.788 86.09 128.884 85.914C128.984 85.738 129.034 85.546 129.034 85.338C129.034 85.11 128.98 84.91 128.872 84.738C128.768 84.566 128.61 84.446 128.398 84.378C128.254 84.326 128.098 84.296 127.93 84.288C127.766 84.28 127.662 84.276 127.618 84.276H125.926V86.382ZM134.52 90.18C134.032 90.18 133.622 90.092 133.29 89.916C132.962 89.74 132.716 89.506 132.552 89.214C132.388 88.922 132.306 88.604 132.306 88.26C132.306 87.908 132.376 87.608 132.516 87.36C132.66 87.108 132.854 86.902 133.098 86.742C133.346 86.582 133.632 86.46 133.956 86.376C134.284 86.296 134.646 86.226 135.042 86.166C135.442 86.102 135.832 86.048 136.212 86.004C136.596 85.956 136.932 85.91 137.22 85.866L136.908 86.058C136.92 85.418 136.796 84.944 136.536 84.636C136.276 84.328 135.824 84.174 135.18 84.174C134.736 84.174 134.36 84.274 134.052 84.474C133.748 84.674 133.534 84.99 133.41 85.422L132.552 85.17C132.7 84.59 132.998 84.14 133.446 83.82C133.894 83.5 134.476 83.34 135.192 83.34C135.784 83.34 136.286 83.452 136.698 83.676C137.114 83.896 137.408 84.216 137.58 84.636C137.66 84.824 137.712 85.034 137.736 85.266C137.76 85.498 137.772 85.734 137.772 85.974V90H136.986V88.374L137.214 88.47C136.994 89.026 136.652 89.45 136.188 89.742C135.724 90.034 135.168 90.18 134.52 90.18ZM134.622 89.418C135.034 89.418 135.394 89.344 135.702 89.196C136.01 89.048 136.258 88.846 136.446 88.59C136.634 88.33 136.756 88.038 136.812 87.714C136.86 87.506 136.886 87.278 136.89 87.03C136.894 86.778 136.896 86.59 136.896 86.466L137.232 86.64C136.932 86.68 136.606 86.72 136.254 86.76C135.906 86.8 135.562 86.846 135.222 86.898C134.886 86.95 134.582 87.012 134.31 87.084C134.126 87.136 133.948 87.21 133.776 87.306C133.604 87.398 133.462 87.522 133.35 87.678C133.242 87.834 133.188 88.028 133.188 88.26C133.188 88.448 133.234 88.63 133.326 88.806C133.422 88.982 133.574 89.128 133.782 89.244C133.994 89.36 134.274 89.418 134.622 89.418ZM140.528 90V83.52H141.386V89.184H143.816V83.52H144.674V89.184H147.098V83.52H147.956V90H140.528ZM155.987 83.52V90H155.129V84.954L151.577 90H150.833V83.52H151.691V88.524L155.249 83.52H155.987ZM158.151 90L160.683 86.724L158.205 83.52H159.261L161.199 86.046L163.119 83.52H164.175L161.697 86.724L164.235 90H163.173L161.199 87.402L159.213 90H158.151ZM172.69 90.18C172.038 90.18 171.486 90.034 171.034 89.742C170.582 89.45 170.238 89.048 170.002 88.536C169.77 88.02 169.65 87.428 169.642 86.76C169.65 86.08 169.774 85.484 170.014 84.972C170.254 84.456 170.6 84.056 171.052 83.772C171.504 83.484 172.052 83.34 172.696 83.34C173.352 83.34 173.922 83.5 174.406 83.82C174.894 84.14 175.228 84.578 175.408 85.134L174.544 85.41C174.392 85.022 174.15 84.722 173.818 84.51C173.49 84.294 173.114 84.186 172.69 84.186C172.214 84.186 171.82 84.296 171.508 84.516C171.196 84.732 170.964 85.034 170.812 85.422C170.66 85.81 170.582 86.256 170.578 86.76C170.586 87.536 170.766 88.16 171.118 88.632C171.47 89.1 171.994 89.334 172.69 89.334C173.13 89.334 173.504 89.234 173.812 89.034C174.124 88.83 174.36 88.534 174.52 88.146L175.408 88.41C175.168 88.986 174.816 89.426 174.352 89.73C173.888 90.03 173.334 90.18 172.69 90.18ZM180.376 90.18C179.732 90.18 179.182 90.034 178.726 89.742C178.27 89.45 177.92 89.046 177.676 88.53C177.432 88.014 177.31 87.422 177.31 86.754C177.31 86.074 177.434 85.478 177.682 84.966C177.93 84.454 178.282 84.056 178.738 83.772C179.198 83.484 179.744 83.34 180.376 83.34C181.024 83.34 181.576 83.486 182.032 83.778C182.492 84.066 182.842 84.468 183.082 84.984C183.326 85.496 183.448 86.086 183.448 86.754C183.448 87.434 183.326 88.032 183.082 88.548C182.838 89.06 182.486 89.46 182.026 89.748C181.566 90.036 181.016 90.18 180.376 90.18ZM180.376 89.334C181.096 89.334 181.632 89.096 181.984 88.62C182.336 88.14 182.512 87.518 182.512 86.754C182.512 85.97 182.334 85.346 181.978 84.882C181.626 84.418 181.092 84.186 180.376 84.186C179.892 84.186 179.492 84.296 179.176 84.516C178.864 84.732 178.63 85.034 178.474 85.422C178.322 85.806 178.246 86.25 178.246 86.754C178.246 87.534 178.426 88.16 178.786 88.632C179.146 89.1 179.676 89.334 180.376 89.334ZM185.135 90L187.667 86.724L185.189 83.52H186.245L188.183 86.046L190.103 83.52H191.159L188.681 86.724L191.219 90H190.157L188.183 87.402L186.197 90H185.135ZM196.293 90.18C195.697 90.18 195.193 90.03 194.781 89.73C194.369 89.426 194.057 89.016 193.845 88.5C193.633 87.98 193.527 87.398 193.527 86.754C193.527 86.098 193.633 85.514 193.845 85.002C194.061 84.486 194.377 84.08 194.793 83.784C195.209 83.488 195.721 83.34 196.329 83.34C196.921 83.34 197.429 83.49 197.853 83.79C198.277 84.09 198.601 84.498 198.825 85.014C199.053 85.53 199.167 86.11 199.167 86.754C199.167 87.402 199.053 87.984 198.825 88.5C198.597 89.016 198.269 89.426 197.841 89.73C197.413 90.03 196.897 90.18 196.293 90.18ZM193.377 92.88V83.52H194.169V88.398H194.265V92.88H193.377ZM196.203 89.358C196.655 89.358 197.031 89.244 197.331 89.016C197.631 88.788 197.855 88.478 198.003 88.086C198.155 87.69 198.231 87.246 198.231 86.754C198.231 86.266 198.157 85.826 198.009 85.434C197.861 85.042 197.635 84.732 197.331 84.504C197.031 84.276 196.649 84.162 196.185 84.162C195.733 84.162 195.357 84.272 195.057 84.492C194.761 84.712 194.539 85.018 194.391 85.41C194.243 85.798 194.169 86.246 194.169 86.754C194.169 87.254 194.243 87.702 194.391 88.098C194.539 88.49 194.763 88.798 195.063 89.022C195.363 89.246 195.743 89.358 196.203 89.358ZM203.539 90.18C203.051 90.18 202.641 90.092 202.309 89.916C201.981 89.74 201.735 89.506 201.571 89.214C201.407 88.922 201.325 88.604 201.325 88.26C201.325 87.908 201.395 87.608 201.535 87.36C201.679 87.108 201.873 86.902 202.117 86.742C202.365 86.582 202.651 86.46 202.975 86.376C203.303 86.296 203.665 86.226 204.061 86.166C204.461 86.102 204.851 86.048 205.231 86.004C205.615 85.956 205.951 85.91 206.239 85.866L205.927 86.058C205.939 85.418 205.815 84.944 205.555 84.636C205.295 84.328 204.843 84.174 204.199 84.174C203.755 84.174 203.379 84.274 203.071 84.474C202.767 84.674 202.553 84.99 202.429 85.422L201.571 85.17C201.719 84.59 202.017 84.14 202.465 83.82C202.913 83.5 203.495 83.34 204.211 83.34C204.803 83.34 205.305 83.452 205.717 83.676C206.133 83.896 206.427 84.216 206.599 84.636C206.679 84.824 206.731 85.034 206.755 85.266C206.779 85.498 206.791 85.734 206.791 85.974V90H206.005V88.374L206.233 88.47C206.013 89.026 205.671 89.45 205.207 89.742C204.743 90.034 204.187 90.18 203.539 90.18ZM203.641 89.418C204.053 89.418 204.413 89.344 204.721 89.196C205.029 89.048 205.277 88.846 205.465 88.59C205.653 88.33 205.775 88.038 205.831 87.714C205.879 87.506 205.905 87.278 205.909 87.03C205.913 86.778 205.915 86.59 205.915 86.466L206.251 86.64C205.951 86.68 205.625 86.72 205.273 86.76C204.925 86.8 204.581 86.846 204.241 86.898C203.905 86.95 203.601 87.012 203.329 87.084C203.145 87.136 202.967 87.21 202.795 87.306C202.623 87.398 202.481 87.522 202.369 87.678C202.261 87.834 202.207 88.028 202.207 88.26C202.207 88.448 202.253 88.63 202.345 88.806C202.441 88.982 202.593 89.128 202.801 89.244C203.013 89.36 203.293 89.418 203.641 89.418ZM209.546 90V83.52H210.428V86.334H214.082V83.52H214.964V90H214.082V87.18H210.428V90H209.546ZM221.214 82.254V81.294H222.174V82.254H221.214ZM218.928 82.254V81.294H219.888V82.254H218.928ZM220.584 90.18C219.952 90.18 219.404 90.04 218.94 89.76C218.48 89.48 218.122 89.086 217.866 88.578C217.61 88.07 217.482 87.474 217.482 86.79C217.482 86.082 217.608 85.47 217.86 84.954C218.112 84.438 218.466 84.04 218.922 83.76C219.382 83.48 219.924 83.34 220.548 83.34C221.188 83.34 221.734 83.488 222.186 83.784C222.638 84.076 222.98 84.496 223.212 85.044C223.444 85.592 223.55 86.246 223.53 87.006H222.63V86.694C222.614 85.854 222.432 85.22 222.084 84.792C221.74 84.364 221.236 84.15 220.572 84.15C219.876 84.15 219.342 84.376 218.97 84.828C218.602 85.28 218.418 85.924 218.418 86.76C218.418 87.576 218.602 88.21 218.97 88.662C219.342 89.11 219.868 89.334 220.548 89.334C221.012 89.334 221.416 89.228 221.76 89.016C222.108 88.8 222.382 88.49 222.582 88.086L223.404 88.404C223.148 88.968 222.77 89.406 222.27 89.718C221.774 90.026 221.212 90.18 220.584 90.18ZM218.106 87.006V86.268H223.056V87.006H218.106ZM226.056 90V83.52H226.938V86.334H230.592V83.52H231.474V90H230.592V87.18H226.938V90H226.056ZM234.346 90V83.52H235.228V86.334H238.882V83.52H239.764V90H238.882V87.18H235.228V90H234.346ZM245.348 90.18C244.704 90.18 244.154 90.034 243.698 89.742C243.242 89.45 242.892 89.046 242.648 88.53C242.404 88.014 242.282 87.422 242.282 86.754C242.282 86.074 242.406 85.478 242.654 84.966C242.902 84.454 243.254 84.056 243.71 83.772C244.17 83.484 244.716 83.34 245.348 83.34C245.996 83.34 246.548 83.486 247.004 83.778C247.464 84.066 247.814 84.468 248.054 84.984C248.298 85.496 248.42 86.086 248.42 86.754C248.42 87.434 248.298 88.032 248.054 88.548C247.81 89.06 247.458 89.46 246.998 89.748C246.538 90.036 245.988 90.18 245.348 90.18ZM245.348 89.334C246.068 89.334 246.604 89.096 246.956 88.62C247.308 88.14 247.484 87.518 247.484 86.754C247.484 85.97 247.306 85.346 246.95 84.882C246.598 84.418 246.064 84.186 245.348 84.186C244.864 84.186 244.464 84.296 244.148 84.516C243.836 84.732 243.602 85.034 243.446 85.422C243.294 85.806 243.218 86.25 243.218 86.754C243.218 87.534 243.398 88.16 243.758 88.632C244.118 89.1 244.648 89.334 245.348 89.334ZM250.937 90L250.943 83.52H251.831V86.64L254.723 83.52H255.899L252.863 86.76L256.295 90H255.011L251.831 86.88V90H250.937Z" fill="#B4B4B4"/>
<rect x="371.5" y="78" width="14" height="14" rx="7" stroke="#707070"/>
<path d="M378.42 87.9049C378.974 87.9534 379.323 87.4307 379.684 87.0971C379.759 87.0809 379.752 87.2012 379.732 87.2467C379.665 87.4085 379.118 88.1769 378.979 88.3133C378.32 88.9665 376.469 89.5357 376.663 88.1283C376.741 87.5622 378.064 84.4017 377.914 84.2663C377.384 84.24 376.914 84.6292 376.549 84.973C376.494 84.5675 377.237 83.9195 377.608 83.7072C378.288 83.3169 379.99 82.9499 379.815 84.1884C379.737 84.7424 378.239 87.7229 378.42 87.9049Z" fill="#707070"/>
<path d="M379 81.0563C380.748 80.6064 380.945 82.9944 379.456 83.1329C378.228 83.2472 377.913 81.3363 379 81.0563Z" fill="#707070"/>
<line x1="20.5" y1="112.5" x2="385.5" y2="112.5" stroke="#212121" stroke-linecap="round" stroke-dasharray="6 6"/>
<path d="M23.876 146.144C22.852 146.144 22.088 145.772 21.584 145.028C21.088 144.284 20.84 143.212 20.84 141.812C20.84 140.412 21.088 139.34 21.584 138.596C22.088 137.852 22.852 137.48 23.876 137.48C24.26 137.48 24.592 137.532 24.872 137.636C25.152 137.74 25.392 137.88 25.592 138.056C25.792 138.232 25.96 138.432 26.096 138.656C26.232 138.872 26.352 139.092 26.456 139.316L25.592 139.712C25.52 139.528 25.436 139.356 25.34 139.196C25.244 139.028 25.128 138.884 24.992 138.764C24.864 138.636 24.708 138.536 24.524 138.464C24.348 138.392 24.132 138.356 23.876 138.356C23.212 138.356 22.716 138.608 22.388 139.112C22.068 139.616 21.908 140.288 21.908 141.128V142.496C21.908 143.336 22.068 144.008 22.388 144.512C22.716 145.016 23.212 145.268 23.876 145.268C24.132 145.268 24.348 145.232 24.524 145.16C24.708 145.088 24.864 144.992 24.992 144.872C25.128 144.744 25.244 144.6 25.34 144.44C25.436 144.272 25.52 144.096 25.592 143.912L26.456 144.308C26.352 144.54 26.232 144.764 26.096 144.98C25.96 145.196 25.792 145.392 25.592 145.568C25.392 145.744 25.152 145.884 24.872 145.988C24.592 146.092 24.26 146.144 23.876 146.144ZM32.2113 146.144C31.7633 146.144 31.3633 146.068 31.0113 145.916C30.6673 145.756 30.3753 145.536 30.1353 145.256C29.8953 144.976 29.7113 144.636 29.5833 144.236C29.4633 143.836 29.4033 143.392 29.4033 142.904C29.4033 142.416 29.4673 141.972 29.5953 141.572C29.7233 141.172 29.9073 140.832 30.1473 140.552C30.3873 140.264 30.6793 140.044 31.0233 139.892C31.3673 139.74 31.7593 139.664 32.1993 139.664C32.7993 139.664 33.2873 139.796 33.6633 140.06C34.0393 140.324 34.3153 140.668 34.4913 141.092L33.7233 141.5C33.6113 141.18 33.4233 140.932 33.1593 140.756C32.9033 140.58 32.5833 140.492 32.1993 140.492C31.9193 140.492 31.6673 140.54 31.4433 140.636C31.2273 140.724 31.0433 140.852 30.8913 141.02C30.7393 141.188 30.6233 141.388 30.5433 141.62C30.4713 141.852 30.4353 142.104 30.4353 142.376V143.432C30.4353 143.704 30.4713 143.956 30.5433 144.188C30.6233 144.42 30.7393 144.62 30.8913 144.788C31.0433 144.956 31.2313 145.088 31.4553 145.184C31.6793 145.272 31.9353 145.316 32.2233 145.316C32.6393 145.316 32.9833 145.22 33.2553 145.028C33.5273 144.836 33.7433 144.572 33.9033 144.236L34.5873 144.704C34.4033 145.12 34.1153 145.464 33.7233 145.736C33.3393 146.008 32.8353 146.144 32.2113 146.144ZM37.4386 139.808H38.3986V142.052H39.4426C40.0666 142.052 40.5626 142.228 40.9306 142.58C41.2986 142.932 41.4826 143.416 41.4826 144.032C41.4826 144.656 41.3026 145.14 40.9426 145.484C40.5826 145.828 40.0866 146 39.4546 146H37.4386V139.808ZM39.3106 145.184C39.6706 145.184 39.9506 145.112 40.1506 144.968C40.3586 144.824 40.4626 144.592 40.4626 144.272V143.768C40.4626 143.448 40.3586 143.22 40.1506 143.084C39.9506 142.94 39.6706 142.868 39.3106 142.868H38.3986V145.184H39.3106ZM42.3826 139.808H43.3426V146H42.3826V139.808ZM45.4979 145.184H46.2659C46.3859 145.032 46.4899 144.852 46.5779 144.644C46.6739 144.436 46.7499 144.188 46.8059 143.9C46.8699 143.612 46.9179 143.28 46.9499 142.904C46.9819 142.52 46.9979 142.076 46.9979 141.572V139.808H51.1139V146H50.1539V140.624H47.9339V141.596C47.9339 142.716 47.8499 143.596 47.6819 144.236C47.5219 144.868 47.3059 145.32 47.0339 145.592C46.8819 145.744 46.7139 145.852 46.5299 145.916C46.3459 145.972 46.1259 146 45.8699 146H45.4979V145.184ZM54.8652 139.808H55.8252V142.4H57.1452L58.8132 139.808H59.8092L58.2972 142.16C58.1612 142.368 58.0412 142.516 57.9372 142.604C57.8332 142.684 57.7092 142.744 57.5652 142.784V142.832C57.7252 142.856 57.8612 142.912 57.9732 143C58.0852 143.08 58.2012 143.224 58.3212 143.432L59.3292 145.184H60.0252V146H59.3292C59.1212 146 58.9412 145.944 58.7892 145.832C58.6372 145.72 58.4852 145.536 58.3332 145.28L57.1452 143.216H55.8252V146H54.8652V139.808ZM67.9166 146C67.5406 146 67.2726 145.904 67.1126 145.712C66.9526 145.52 66.8526 145.28 66.8126 144.992H66.7526C66.6166 145.352 66.3966 145.636 66.0926 145.844C65.7966 146.044 65.3966 146.144 64.8926 146.144C64.2446 146.144 63.7286 145.976 63.3446 145.64C62.9606 145.304 62.7686 144.844 62.7686 144.26C62.7686 143.684 62.9766 143.24 63.3926 142.928C63.8166 142.616 64.4966 142.46 65.4326 142.46H66.7526V141.848C66.7526 141.392 66.6246 141.052 66.3686 140.828C66.1126 140.596 65.7486 140.48 65.2766 140.48C64.8606 140.48 64.5206 140.564 64.2566 140.732C63.9926 140.892 63.7806 141.112 63.6206 141.392L62.9726 140.912C63.0526 140.752 63.1606 140.596 63.2966 140.444C63.4326 140.292 63.6006 140.16 63.8006 140.048C64.0006 139.928 64.2286 139.836 64.4846 139.772C64.7406 139.7 65.0246 139.664 65.3366 139.664C66.0646 139.664 66.6406 139.848 67.0646 140.216C67.4966 140.584 67.7126 141.096 67.7126 141.752V145.16H68.5766V146H67.9166ZM65.0606 145.34C65.3086 145.34 65.5326 145.312 65.7326 145.256C65.9406 145.192 66.1206 145.112 66.2726 145.016C66.4246 144.912 66.5406 144.792 66.6206 144.656C66.7086 144.512 66.7526 144.36 66.7526 144.2V143.18H65.4326C64.8566 143.18 64.4366 143.26 64.1726 143.42C63.9086 143.58 63.7766 143.812 63.7766 144.116V144.368C63.7766 144.688 63.8886 144.932 64.1126 145.1C64.3446 145.26 64.6606 145.34 65.0606 145.34ZM79.9072 139.808H80.8672V142.4H83.8672V139.808H84.8272V146H83.8672V143.216H80.8672V146H79.9072V139.808ZM93.1025 146C92.7265 146 92.4585 145.904 92.2985 145.712C92.1385 145.52 92.0385 145.28 91.9985 144.992H91.9385C91.8025 145.352 91.5825 145.636 91.2785 145.844C90.9825 146.044 90.5825 146.144 90.0785 146.144C89.4305 146.144 88.9145 145.976 88.5305 145.64C88.1465 145.304 87.9545 144.844 87.9545 144.26C87.9545 143.684 88.1625 143.24 88.5785 142.928C89.0025 142.616 89.6825 142.46 90.6185 142.46H91.9385V141.848C91.9385 141.392 91.8105 141.052 91.5545 140.828C91.2985 140.596 90.9345 140.48 90.4625 140.48C90.0465 140.48 89.7065 140.564 89.4425 140.732C89.1785 140.892 88.9665 141.112 88.8065 141.392L88.1585 140.912C88.2385 140.752 88.3465 140.596 88.4825 140.444C88.6185 140.292 88.7865 140.16 88.9865 140.048C89.1865 139.928 89.4145 139.836 89.6705 139.772C89.9265 139.7 90.2105 139.664 90.5225 139.664C91.2505 139.664 91.8265 139.848 92.2505 140.216C92.6825 140.584 92.8985 141.096 92.8985 141.752V145.16H93.7625V146H93.1025ZM90.2465 145.34C90.4945 145.34 90.7185 145.312 90.9185 145.256C91.1265 145.192 91.3065 145.112 91.4585 145.016C91.6105 144.912 91.7265 144.792 91.8065 144.656C91.8945 144.512 91.9385 144.36 91.9385 144.2V143.18H90.6185C90.0425 143.18 89.6225 143.26 89.3585 143.42C89.0945 143.58 88.9625 143.812 88.9625 144.116V144.368C88.9625 144.688 89.0745 144.932 89.2985 145.1C89.5305 145.26 89.8465 145.34 90.2465 145.34ZM105.117 139.808H109.989V146H109.029V140.624H106.077V146H105.117V139.808ZM115.948 146.144C115.516 146.144 115.124 146.068 114.772 145.916C114.428 145.764 114.132 145.548 113.884 145.268C113.644 144.98 113.46 144.64 113.332 144.248C113.204 143.848 113.14 143.4 113.14 142.904C113.14 142.416 113.204 141.972 113.332 141.572C113.46 141.172 113.644 140.832 113.884 140.552C114.132 140.264 114.428 140.044 114.772 139.892C115.124 139.74 115.516 139.664 115.948 139.664C116.38 139.664 116.768 139.74 117.112 139.892C117.464 140.044 117.76 140.264 118 140.552C118.248 140.832 118.436 141.172 118.564 141.572C118.692 141.972 118.756 142.416 118.756 142.904C118.756 143.4 118.692 143.848 118.564 144.248C118.436 144.64 118.248 144.98 118 145.268C117.76 145.548 117.464 145.764 117.112 145.916C116.768 146.068 116.38 146.144 115.948 146.144ZM115.948 145.316C116.484 145.316 116.916 145.156 117.244 144.836C117.572 144.516 117.736 144.02 117.736 143.348V142.46C117.736 141.788 117.572 141.292 117.244 140.972C116.916 140.652 116.484 140.492 115.948 140.492C115.412 140.492 114.98 140.652 114.652 140.972C114.324 141.292 114.16 141.788 114.16 142.46V143.348C114.16 144.02 114.324 144.516 114.652 144.836C114.98 145.156 115.412 145.316 115.948 145.316ZM124.56 146.144C124.112 146.144 123.712 146.068 123.36 145.916C123.016 145.756 122.724 145.536 122.484 145.256C122.244 144.976 122.06 144.636 121.932 144.236C121.812 143.836 121.752 143.392 121.752 142.904C121.752 142.416 121.816 141.972 121.944 141.572C122.072 141.172 122.256 140.832 122.496 140.552C122.736 140.264 123.028 140.044 123.372 139.892C123.716 139.74 124.108 139.664 124.548 139.664C125.148 139.664 125.636 139.796 126.012 140.06C126.388 140.324 126.664 140.668 126.84 141.092L126.072 141.5C125.96 141.18 125.772 140.932 125.508 140.756C125.252 140.58 124.932 140.492 124.548 140.492C124.268 140.492 124.016 140.54 123.792 140.636C123.576 140.724 123.392 140.852 123.24 141.02C123.088 141.188 122.972 141.388 122.892 141.62C122.82 141.852 122.784 142.104 122.784 142.376V143.432C122.784 143.704 122.82 143.956 122.892 144.188C122.972 144.42 123.088 144.62 123.24 144.788C123.392 144.956 123.58 145.088 123.804 145.184C124.028 145.272 124.284 145.316 124.572 145.316C124.988 145.316 125.332 145.22 125.604 145.028C125.876 144.836 126.092 144.572 126.252 144.236L126.936 144.704C126.752 145.12 126.464 145.464 126.072 145.736C125.688 146.008 125.184 146.144 124.56 146.144ZM132.259 140.624H129.979V139.808H135.499V140.624H133.219V146H132.259V140.624ZM138.614 147.656L142.79 136.88H143.654L139.478 147.656H138.614ZM147.094 139.808H151.966V146H151.006V140.624H148.054V146H147.094V139.808ZM155.465 139.808H156.425V140.816H156.473C156.873 140.048 157.509 139.664 158.381 139.664C159.141 139.664 159.733 139.948 160.157 140.516C160.589 141.084 160.805 141.88 160.805 142.904C160.805 143.928 160.589 144.724 160.157 145.292C159.733 145.86 159.141 146.144 158.381 146.144C157.509 146.144 156.873 145.76 156.473 144.992H156.425V148.4H155.465V139.808ZM158.009 145.292C158.569 145.292 159.001 145.124 159.305 144.788C159.617 144.444 159.773 143.992 159.773 143.432V142.376C159.773 141.816 159.617 141.368 159.305 141.032C159.001 140.688 158.569 140.516 158.009 140.516C157.793 140.516 157.589 140.544 157.397 140.6C157.205 140.656 157.037 140.74 156.893 140.852C156.749 140.956 156.633 141.088 156.545 141.248C156.465 141.4 156.425 141.58 156.425 141.788V144.02C156.425 144.228 156.465 144.412 156.545 144.572C156.633 144.724 156.749 144.856 156.893 144.968C157.037 145.072 157.205 145.152 157.397 145.208C157.589 145.264 157.793 145.292 158.009 145.292ZM166.32 146.144C165.888 146.144 165.496 146.068 165.144 145.916C164.8 145.764 164.504 145.548 164.256 145.268C164.016 144.98 163.832 144.64 163.704 144.248C163.576 143.848 163.512 143.4 163.512 142.904C163.512 142.416 163.576 141.972 163.704 141.572C163.832 141.172 164.016 140.832 164.256 140.552C164.504 140.264 164.8 140.044 165.144 139.892C165.496 139.74 165.888 139.664 166.32 139.664C166.752 139.664 167.14 139.74 167.484 139.892C167.836 140.044 168.132 140.264 168.372 140.552C168.62 140.832 168.808 141.172 168.936 141.572C169.064 141.972 169.128 142.416 169.128 142.904C169.128 143.4 169.064 143.848 168.936 144.248C168.808 144.64 168.62 144.98 168.372 145.268C168.132 145.548 167.836 145.764 167.484 145.916C167.14 146.068 166.752 146.144 166.32 146.144ZM166.32 145.316C166.856 145.316 167.288 145.156 167.616 144.836C167.944 144.516 168.108 144.02 168.108 143.348V142.46C168.108 141.788 167.944 141.292 167.616 140.972C167.288 140.652 166.856 140.492 166.32 140.492C165.784 140.492 165.352 140.652 165.024 140.972C164.696 141.292 164.532 141.788 164.532 142.46V143.348C164.532 144.02 164.696 144.516 165.024 144.836C165.352 145.156 165.784 145.316 166.32 145.316ZM173.444 145.34C173.708 145.34 173.912 145.264 174.056 145.112C174.2 144.96 174.272 144.732 174.272 144.428V141.38C174.272 141.076 174.2 140.848 174.056 140.696C173.912 140.544 173.708 140.468 173.444 140.468C173.3 140.468 173.172 140.496 173.06 140.552C172.948 140.608 172.856 140.708 172.784 140.852C172.712 140.996 172.656 141.192 172.616 141.44C172.576 141.68 172.556 141.988 172.556 142.364V143.444C172.556 143.82 172.576 144.132 172.616 144.38C172.656 144.62 172.712 144.812 172.784 144.956C172.856 145.1 172.948 145.2 173.06 145.256C173.172 145.312 173.3 145.34 173.444 145.34ZM174.272 145.364H174.236C174.1 145.644 173.94 145.844 173.756 145.964C173.58 146.084 173.376 146.144 173.144 146.144C172.904 146.144 172.688 146.096 172.496 146C172.312 145.896 172.156 145.72 172.028 145.472C171.9 145.224 171.804 144.892 171.74 144.476C171.676 144.06 171.644 143.536 171.644 142.904C171.644 142.272 171.676 141.748 171.74 141.332C171.804 140.916 171.9 140.584 172.028 140.336C172.156 140.088 172.312 139.916 172.496 139.82C172.688 139.716 172.904 139.664 173.144 139.664C173.376 139.664 173.58 139.724 173.756 139.844C173.94 139.964 174.1 140.164 174.236 140.444H174.272V137.48H175.16V140.444H175.196C175.332 140.164 175.488 139.964 175.664 139.844C175.848 139.724 176.056 139.664 176.288 139.664C176.528 139.664 176.74 139.716 176.924 139.82C177.116 139.916 177.276 140.088 177.404 140.336C177.532 140.584 177.628 140.916 177.692 141.332C177.756 141.748 177.788 142.272 177.788 142.904C177.788 143.536 177.756 144.06 177.692 144.476C177.628 144.892 177.532 145.224 177.404 145.472C177.276 145.72 177.116 145.896 176.924 146C176.74 146.096 176.528 146.144 176.288 146.144C176.056 146.144 175.848 146.084 175.664 145.964C175.488 145.844 175.332 145.644 175.196 145.364H175.16V148.4H174.272V145.364ZM175.988 145.34C176.132 145.34 176.26 145.312 176.372 145.256C176.484 145.2 176.576 145.1 176.648 144.956C176.72 144.812 176.776 144.62 176.816 144.38C176.856 144.132 176.876 143.82 176.876 143.444V142.364C176.876 141.988 176.856 141.68 176.816 141.44C176.776 141.192 176.72 140.996 176.648 140.852C176.576 140.708 176.484 140.608 176.372 140.552C176.26 140.496 176.132 140.468 175.988 140.468C175.724 140.468 175.52 140.544 175.376 140.696C175.232 140.848 175.16 141.076 175.16 141.38V144.428C175.16 144.732 175.232 144.96 175.376 145.112C175.52 145.264 175.724 145.34 175.988 145.34ZM180.651 139.808H181.611V142.964L181.515 144.548H181.563L184.671 139.808H185.571V146H184.611V142.844L184.707 141.26H184.659L181.551 146H180.651V139.808ZM188.218 145.184H188.986C189.106 145.032 189.21 144.852 189.298 144.644C189.394 144.436 189.47 144.188 189.526 143.9C189.59 143.612 189.638 143.28 189.67 142.904C189.702 142.52 189.718 142.076 189.718 141.572V139.808H193.834V146H192.874V140.624H190.654V141.596C190.654 142.716 190.57 143.596 190.402 144.236C190.242 144.868 190.026 145.32 189.754 145.592C189.602 145.744 189.434 145.852 189.25 145.916C189.066 145.972 188.846 146 188.59 146H188.218V145.184ZM197.634 139.808H198.594V142.052H200.514C201.138 142.052 201.634 142.228 202.002 142.58C202.37 142.932 202.554 143.416 202.554 144.032C202.554 144.656 202.374 145.14 202.014 145.484C201.654 145.828 201.158 146 200.526 146H197.634V139.808ZM200.382 145.184C200.742 145.184 201.022 145.112 201.222 144.968C201.43 144.824 201.534 144.592 201.534 144.272V143.768C201.534 143.448 201.43 143.22 201.222 143.084C201.022 142.94 200.742 142.868 200.382 142.868H198.594V145.184H200.382Z" fill="#B4B4B4"/>
<rect x="371.5" y="134" width="14" height="14" rx="7" stroke="#707070"/>
<path d="M378.42 143.905C378.974 143.953 379.323 143.431 379.684 143.097C379.759 143.081 379.752 143.201 379.732 143.247C379.665 143.408 379.118 144.177 378.979 144.313C378.32 144.966 376.469 145.536 376.663 144.128C376.741 143.562 378.064 140.402 377.914 140.266C377.384 140.24 376.914 140.629 376.549 140.973C376.494 140.568 377.237 139.919 377.608 139.707C378.288 139.317 379.99 138.95 379.815 140.188C379.737 140.742 378.239 143.723 378.42 143.905Z" fill="#707070"/>
<path d="M379 137.056C380.748 136.606 380.945 138.994 379.456 139.133C378.228 139.247 377.913 137.336 379 137.056Z" fill="#707070"/>
<rect x="20" y="157" width="366" height="36" rx="10" fill="#262626" fill-opacity="0.2"/>
<rect x="20.5" y="157.5" width="365" height="35" rx="9.5" stroke="url(#paint0_linear_5403_3975)" stroke-opacity="0.3"/>
<path d="M35.52 180V176.694C35.52 176.334 35.486 176.004 35.418 175.704C35.35 175.4 35.24 175.136 35.088 174.912C34.94 174.684 34.746 174.508 34.506 174.384C34.27 174.26 33.982 174.198 33.642 174.198C33.33 174.198 33.054 174.252 32.814 174.36C32.578 174.468 32.378 174.624 32.214 174.828C32.054 175.028 31.932 175.272 31.848 175.56C31.764 175.848 31.722 176.176 31.722 176.544L31.098 176.406C31.098 175.742 31.214 175.184 31.446 174.732C31.678 174.28 31.998 173.938 32.406 173.706C32.814 173.474 33.282 173.358 33.81 173.358C34.198 173.358 34.536 173.418 34.824 173.538C35.116 173.658 35.362 173.82 35.562 174.024C35.766 174.228 35.93 174.462 36.054 174.726C36.178 174.986 36.268 175.264 36.324 175.56C36.38 175.852 36.408 176.144 36.408 176.436V180H35.52ZM30.834 180V171.36H31.632V176.238H31.722V180H30.834ZM42.693 180C42.329 180.076 41.969 180.106 41.613 180.09C41.261 180.074 40.945 179.998 40.665 179.862C40.389 179.726 40.179 179.514 40.035 179.226C39.919 178.986 39.855 178.744 39.843 178.5C39.835 178.252 39.831 177.97 39.831 177.654V171.72H40.707V177.618C40.707 177.89 40.709 178.118 40.713 178.302C40.721 178.482 40.763 178.642 40.839 178.782C40.983 179.05 41.211 179.21 41.523 179.262C41.839 179.314 42.229 179.302 42.693 179.226V180ZM38.445 174.276V173.52H42.693V174.276H38.445ZM46.779 180C46.415 180.076 46.055 180.106 45.699 180.09C45.347 180.074 45.031 179.998 44.751 179.862C44.475 179.726 44.265 179.514 44.121 179.226C44.005 178.986 43.941 178.744 43.929 178.5C43.921 178.252 43.917 177.97 43.917 177.654V171.72H44.793V177.618C44.793 177.89 44.795 178.118 44.799 178.302C44.807 178.482 44.849 178.642 44.925 178.782C45.069 179.05 45.297 179.21 45.609 179.262C45.925 179.314 46.315 179.302 46.779 179.226V180ZM42.531 174.276V173.52H46.779V174.276H42.531ZM52.1695 180.18C51.5735 180.18 51.0695 180.03 50.6575 179.73C50.2455 179.426 49.9335 179.016 49.7215 178.5C49.5095 177.98 49.4035 177.398 49.4035 176.754C49.4035 176.098 49.5095 175.514 49.7215 175.002C49.9375 174.486 50.2535 174.08 50.6695 173.784C51.0855 173.488 51.5975 173.34 52.2055 173.34C52.7975 173.34 53.3055 173.49 53.7295 173.79C54.1535 174.09 54.4775 174.498 54.7015 175.014C54.9295 175.53 55.0435 176.11 55.0435 176.754C55.0435 177.402 54.9295 177.984 54.7015 178.5C54.4735 179.016 54.1455 179.426 53.7175 179.73C53.2895 180.03 52.7735 180.18 52.1695 180.18ZM49.2535 182.88V173.52H50.0455V178.398H50.1415V182.88H49.2535ZM52.0795 179.358C52.5315 179.358 52.9075 179.244 53.2075 179.016C53.5075 178.788 53.7315 178.478 53.8795 178.086C54.0315 177.69 54.1075 177.246 54.1075 176.754C54.1075 176.266 54.0335 175.826 53.8855 175.434C53.7375 175.042 53.5115 174.732 53.2075 174.504C52.9075 174.276 52.5255 174.162 52.0615 174.162C51.6095 174.162 51.2335 174.272 50.9335 174.492C50.6375 174.712 50.4155 175.018 50.2675 175.41C50.1195 175.798 50.0455 176.246 50.0455 176.754C50.0455 177.254 50.1195 177.702 50.2675 178.098C50.4155 178.49 50.6395 178.798 50.9395 179.022C51.2395 179.246 51.6195 179.358 52.0795 179.358ZM59.9205 180.174C59.1605 180.174 58.5345 180.01 58.0425 179.682C57.5545 179.354 57.2545 178.898 57.1425 178.314L58.0425 178.164C58.1385 178.532 58.3565 178.826 58.6965 179.046C59.0405 179.262 59.4645 179.37 59.9685 179.37C60.4605 179.37 60.8485 179.268 61.1325 179.064C61.4165 178.856 61.5585 178.574 61.5585 178.218C61.5585 178.018 61.5125 177.856 61.4205 177.732C61.3325 177.604 61.1505 177.486 60.8745 177.378C60.5985 177.27 60.1865 177.142 59.6385 176.994C59.0505 176.834 58.5905 176.674 58.2585 176.514C57.9265 176.354 57.6905 176.17 57.5505 175.962C57.4105 175.75 57.3405 175.492 57.3405 175.188C57.3405 174.82 57.4445 174.498 57.6525 174.222C57.8605 173.942 58.1485 173.726 58.5165 173.574C58.8845 173.418 59.3125 173.34 59.8005 173.34C60.2885 173.34 60.7245 173.42 61.1085 173.58C61.4965 173.736 61.8085 173.956 62.0445 174.24C62.2805 174.524 62.4205 174.854 62.4645 175.23L61.5645 175.392C61.5045 175.012 61.3145 174.712 60.9945 174.492C60.6785 174.268 60.2765 174.152 59.7885 174.144C59.3285 174.132 58.9545 174.22 58.6665 174.408C58.3785 174.592 58.2345 174.838 58.2345 175.146C58.2345 175.318 58.2865 175.466 58.3905 175.59C58.4945 175.71 58.6825 175.824 58.9545 175.932C59.2305 176.04 59.6225 176.158 60.1305 176.286C60.7265 176.438 61.1945 176.598 61.5345 176.766C61.8745 176.934 62.1165 177.132 62.2605 177.36C62.4045 177.588 62.4765 177.87 62.4765 178.206C62.4765 178.818 62.2485 179.3 61.7925 179.652C61.3405 180 60.7165 180.174 59.9205 180.174ZM65.4872 179.04V178.014H66.5132V179.04H65.4872ZM65.4932 175.506V174.48H66.5192V175.506H65.4932ZM71.0162 171.36H71.9222L69.6182 180H68.7122L71.0162 171.36ZM75.1928 171.36H76.0988L73.7948 180H72.8888L75.1928 171.36ZM78.8611 180V173.52H79.6531V175.08L79.4971 174.876C79.5691 174.684 79.6631 174.508 79.7791 174.348C79.8951 174.184 80.0211 174.05 80.1571 173.946C80.3251 173.798 80.5211 173.686 80.7451 173.61C80.9691 173.53 81.1951 173.484 81.4231 173.472C81.6511 173.456 81.8591 173.472 82.0471 173.52V174.348C81.8111 174.288 81.5531 174.274 81.2731 174.306C80.9931 174.338 80.7351 174.45 80.4991 174.642C80.2831 174.81 80.1211 175.012 80.0131 175.248C79.9051 175.48 79.8331 175.728 79.7971 175.992C79.7611 176.252 79.7431 176.51 79.7431 176.766V180H78.8611ZM86.8633 180.162C86.4753 180.162 86.1353 180.102 85.8433 179.982C85.5553 179.862 85.3093 179.7 85.1053 179.496C84.9053 179.292 84.7433 179.06 84.6193 178.8C84.4953 178.536 84.4053 178.258 84.3493 177.966C84.2933 177.67 84.2653 177.376 84.2653 177.084V173.52H85.1533V176.826C85.1533 177.182 85.1873 177.512 85.2553 177.816C85.3233 178.12 85.4313 178.386 85.5793 178.614C85.7313 178.838 85.9253 179.012 86.1613 179.136C86.4013 179.26 86.6913 179.322 87.0313 179.322C87.3433 179.322 87.6173 179.268 87.8533 179.16C88.0933 179.052 88.2933 178.898 88.4533 178.698C88.6173 178.494 88.7413 178.248 88.8253 177.96C88.9093 177.668 88.9513 177.34 88.9513 176.976L89.5753 177.114C89.5753 177.778 89.4593 178.336 89.2273 178.788C88.9953 179.24 88.6753 179.582 88.2673 179.814C87.8593 180.046 87.3913 180.162 86.8633 180.162ZM89.0413 180V178.404H88.9513V173.52H89.8333V180H89.0413ZM92.8783 180V178.974H93.9043V180H92.8783ZM99.8672 180.18C99.2712 180.18 98.7672 180.03 98.3552 179.73C97.9432 179.426 97.6312 179.016 97.4192 178.5C97.2072 177.98 97.1012 177.398 97.1012 176.754C97.1012 176.098 97.2072 175.514 97.4192 175.002C97.6352 174.486 97.9512 174.08 98.3672 173.784C98.7832 173.488 99.2952 173.34 99.9032 173.34C100.495 173.34 101.003 173.49 101.427 173.79C101.851 174.09 102.175 174.498 102.399 175.014C102.627 175.53 102.741 176.11 102.741 176.754C102.741 177.402 102.627 177.984 102.399 178.5C102.171 179.016 101.843 179.426 101.415 179.73C100.987 180.03 100.471 180.18 99.8672 180.18ZM96.9512 182.88V173.52H97.7432V178.398H97.8392V182.88H96.9512ZM99.7772 179.358C100.229 179.358 100.605 179.244 100.905 179.016C101.205 178.788 101.429 178.478 101.577 178.086C101.729 177.69 101.805 177.246 101.805 176.754C101.805 176.266 101.731 175.826 101.583 175.434C101.435 175.042 101.209 174.732 100.905 174.504C100.605 174.276 100.223 174.162 99.7592 174.162C99.3072 174.162 98.9312 174.272 98.6312 174.492C98.3352 174.712 98.1132 175.018 97.9652 175.41C97.8172 175.798 97.7432 176.246 97.7432 176.754C97.7432 177.254 97.8172 177.702 97.9652 178.098C98.1132 178.49 98.3372 178.798 98.6372 179.022C98.9372 179.246 99.3172 179.358 99.7772 179.358ZM105.379 172.29V171.3H106.261V172.29H105.379ZM105.379 180V173.52H106.261V180H105.379ZM113.94 180V176.694C113.94 176.334 113.906 176.004 113.838 175.704C113.77 175.4 113.66 175.136 113.508 174.912C113.36 174.684 113.166 174.508 112.926 174.384C112.69 174.26 112.402 174.198 112.062 174.198C111.75 174.198 111.474 174.252 111.234 174.36C110.998 174.468 110.798 174.624 110.634 174.828C110.474 175.028 110.352 175.272 110.268 175.56C110.184 175.848 110.142 176.176 110.142 176.544L109.518 176.406C109.518 175.742 109.634 175.184 109.866 174.732C110.098 174.28 110.418 173.938 110.826 173.706C111.234 173.474 111.702 173.358 112.23 173.358C112.618 173.358 112.956 173.418 113.244 173.538C113.536 173.658 113.782 173.82 113.982 174.024C114.186 174.228 114.35 174.462 114.474 174.726C114.598 174.986 114.688 175.264 114.744 175.56C114.8 175.852 114.828 176.144 114.828 176.436V180H113.94ZM109.254 180V173.52H110.052V175.116H110.142V180H109.254ZM121.113 180C120.749 180.076 120.389 180.106 120.033 180.09C119.681 180.074 119.365 179.998 119.085 179.862C118.809 179.726 118.599 179.514 118.455 179.226C118.339 178.986 118.275 178.744 118.263 178.5C118.255 178.252 118.251 177.97 118.251 177.654V171.72H119.127V177.618C119.127 177.89 119.129 178.118 119.133 178.302C119.141 178.482 119.183 178.642 119.259 178.782C119.403 179.05 119.631 179.21 119.943 179.262C120.259 179.314 120.649 179.302 121.113 179.226V180ZM116.865 174.276V173.52H121.113V174.276H116.865ZM126.097 180.18C125.465 180.18 124.917 180.04 124.453 179.76C123.993 179.48 123.635 179.086 123.379 178.578C123.123 178.07 122.995 177.474 122.995 176.79C122.995 176.082 123.121 175.47 123.373 174.954C123.625 174.438 123.979 174.04 124.435 173.76C124.895 173.48 125.437 173.34 126.061 173.34C126.701 173.34 127.247 173.488 127.699 173.784C128.151 174.076 128.493 174.496 128.725 175.044C128.957 175.592 129.063 176.246 129.043 177.006H128.143V176.694C128.127 175.854 127.945 175.22 127.597 174.792C127.253 174.364 126.749 174.15 126.085 174.15C125.389 174.15 124.855 174.376 124.483 174.828C124.115 175.28 123.931 175.924 123.931 176.76C123.931 177.576 124.115 178.21 124.483 178.662C124.855 179.11 125.381 179.334 126.061 179.334C126.525 179.334 126.929 179.228 127.273 179.016C127.621 178.8 127.895 178.49 128.095 178.086L128.917 178.404C128.661 178.968 128.283 179.406 127.783 179.718C127.287 180.026 126.725 180.18 126.097 180.18ZM123.619 177.006V176.268H128.569V177.006H123.619ZM131.574 180V173.52H132.366V175.08L132.21 174.876C132.282 174.684 132.376 174.508 132.492 174.348C132.608 174.184 132.734 174.05 132.87 173.946C133.038 173.798 133.234 173.686 133.458 173.61C133.682 173.53 133.908 173.484 134.136 173.472C134.364 173.456 134.572 173.472 134.76 173.52V174.348C134.524 174.288 134.266 174.274 133.986 174.306C133.706 174.338 133.448 174.45 133.212 174.642C132.996 174.81 132.834 175.012 132.726 175.248C132.618 175.48 132.546 175.728 132.51 175.992C132.474 176.252 132.456 176.51 132.456 176.766V180H131.574ZM139.723 180.18C139.091 180.18 138.543 180.04 138.079 179.76C137.619 179.48 137.261 179.086 137.005 178.578C136.749 178.07 136.621 177.474 136.621 176.79C136.621 176.082 136.747 175.47 136.999 174.954C137.251 174.438 137.605 174.04 138.061 173.76C138.521 173.48 139.063 173.34 139.687 173.34C140.327 173.34 140.873 173.488 141.325 173.784C141.777 174.076 142.119 174.496 142.351 175.044C142.583 175.592 142.689 176.246 142.669 177.006H141.769V176.694C141.753 175.854 141.571 175.22 141.223 174.792C140.879 174.364 140.375 174.15 139.711 174.15C139.015 174.15 138.481 174.376 138.109 174.828C137.741 175.28 137.557 175.924 137.557 176.76C137.557 177.576 137.741 178.21 138.109 178.662C138.481 179.11 139.007 179.334 139.687 179.334C140.151 179.334 140.555 179.228 140.899 179.016C141.247 178.8 141.521 178.49 141.721 178.086L142.543 178.404C142.287 178.968 141.909 179.406 141.409 179.718C140.913 180.026 140.351 180.18 139.723 180.18ZM137.245 177.006V176.268H142.195V177.006H137.245ZM147.619 180.174C146.859 180.174 146.233 180.01 145.741 179.682C145.253 179.354 144.953 178.898 144.841 178.314L145.741 178.164C145.837 178.532 146.055 178.826 146.395 179.046C146.739 179.262 147.163 179.37 147.667 179.37C148.159 179.37 148.547 179.268 148.831 179.064C149.115 178.856 149.257 178.574 149.257 178.218C149.257 178.018 149.211 177.856 149.119 177.732C149.031 177.604 148.849 177.486 148.573 177.378C148.297 177.27 147.885 177.142 147.337 176.994C146.749 176.834 146.289 176.674 145.957 176.514C145.625 176.354 145.389 176.17 145.249 175.962C145.109 175.75 145.039 175.492 145.039 175.188C145.039 174.82 145.143 174.498 145.351 174.222C145.559 173.942 145.847 173.726 146.215 173.574C146.583 173.418 147.011 173.34 147.499 173.34C147.987 173.34 148.423 173.42 148.807 173.58C149.195 173.736 149.507 173.956 149.743 174.24C149.979 174.524 150.119 174.854 150.163 175.23L149.263 175.392C149.203 175.012 149.013 174.712 148.693 174.492C148.377 174.268 147.975 174.152 147.487 174.144C147.027 174.132 146.653 174.22 146.365 174.408C146.077 174.592 145.933 174.838 145.933 175.146C145.933 175.318 145.985 175.466 146.089 175.59C146.193 175.71 146.381 175.824 146.653 175.932C146.929 176.04 147.321 176.158 147.829 176.286C148.425 176.438 148.893 176.598 149.233 176.766C149.573 176.934 149.815 177.132 149.959 177.36C150.103 177.588 150.175 177.87 150.175 178.206C150.175 178.818 149.947 179.3 149.491 179.652C149.039 180 148.415 180.174 147.619 180.174ZM156.234 180C155.87 180.076 155.51 180.106 155.154 180.09C154.802 180.074 154.486 179.998 154.206 179.862C153.93 179.726 153.72 179.514 153.576 179.226C153.46 178.986 153.396 178.744 153.384 178.5C153.376 178.252 153.372 177.97 153.372 177.654V171.72H154.248V177.618C154.248 177.89 154.25 178.118 154.254 178.302C154.262 178.482 154.304 178.642 154.38 178.782C154.524 179.05 154.752 179.21 155.064 179.262C155.38 179.314 155.77 179.302 156.234 179.226V180ZM151.986 174.276V173.52H156.234V174.276H151.986ZM158.878 180V178.974H159.904V180H158.878ZM165.645 180.18C164.993 180.18 164.441 180.034 163.989 179.742C163.537 179.45 163.193 179.048 162.957 178.536C162.725 178.02 162.605 177.428 162.597 176.76C162.605 176.08 162.729 175.484 162.969 174.972C163.209 174.456 163.555 174.056 164.007 173.772C164.459 173.484 165.007 173.34 165.651 173.34C166.307 173.34 166.877 173.5 167.361 173.82C167.849 174.14 168.183 174.578 168.363 175.134L167.499 175.41C167.347 175.022 167.105 174.722 166.773 174.51C166.445 174.294 166.069 174.186 165.645 174.186C165.169 174.186 164.775 174.296 164.463 174.516C164.151 174.732 163.919 175.034 163.767 175.422C163.615 175.81 163.537 176.256 163.533 176.76C163.541 177.536 163.721 178.16 164.073 178.632C164.425 179.1 164.949 179.334 165.645 179.334C166.085 179.334 166.459 179.234 166.767 179.034C167.079 178.83 167.315 178.534 167.475 178.146L168.363 178.41C168.123 178.986 167.771 179.426 167.307 179.73C166.843 180.03 166.289 180.18 165.645 180.18ZM173.332 180.18C172.688 180.18 172.138 180.034 171.682 179.742C171.226 179.45 170.876 179.046 170.632 178.53C170.388 178.014 170.266 177.422 170.266 176.754C170.266 176.074 170.39 175.478 170.638 174.966C170.886 174.454 171.238 174.056 171.694 173.772C172.154 173.484 172.7 173.34 173.332 173.34C173.98 173.34 174.532 173.486 174.988 173.778C175.448 174.066 175.798 174.468 176.038 174.984C176.282 175.496 176.404 176.086 176.404 176.754C176.404 177.434 176.282 178.032 176.038 178.548C175.794 179.06 175.442 179.46 174.982 179.748C174.522 180.036 173.972 180.18 173.332 180.18ZM173.332 179.334C174.052 179.334 174.588 179.096 174.94 178.62C175.292 178.14 175.468 177.518 175.468 176.754C175.468 175.97 175.29 175.346 174.934 174.882C174.582 174.418 174.048 174.186 173.332 174.186C172.848 174.186 172.448 174.296 172.132 174.516C171.82 174.732 171.586 175.034 171.43 175.422C171.278 175.806 171.202 176.25 171.202 176.754C171.202 177.534 171.382 178.16 171.742 178.632C172.102 179.1 172.632 179.334 173.332 179.334ZM186.655 180L186.661 175.746C186.661 175.246 186.521 174.854 186.241 174.57C185.965 174.282 185.613 174.138 185.185 174.138C184.941 174.138 184.703 174.194 184.471 174.306C184.239 174.418 184.047 174.598 183.895 174.846C183.747 175.094 183.673 175.418 183.673 175.818L183.151 175.668C183.139 175.204 183.229 174.798 183.421 174.45C183.617 174.102 183.885 173.832 184.225 173.64C184.569 173.444 184.957 173.346 185.389 173.346C186.041 173.346 186.563 173.548 186.955 173.952C187.347 174.352 187.543 174.894 187.543 175.578L187.537 180H186.655ZM178.921 180V173.52H179.713V175.116H179.809V180H178.921ZM182.797 180L182.803 175.806C182.803 175.29 182.665 174.884 182.389 174.588C182.117 174.288 181.757 174.138 181.309 174.138C180.861 174.138 180.499 174.292 180.223 174.6C179.947 174.904 179.809 175.31 179.809 175.818L179.281 175.53C179.281 175.114 179.379 174.742 179.575 174.414C179.771 174.082 180.039 173.822 180.379 173.634C180.719 173.442 181.105 173.346 181.537 173.346C181.949 173.346 182.315 173.434 182.635 173.61C182.959 173.786 183.213 174.042 183.397 174.378C183.581 174.714 183.673 175.122 183.673 175.602L183.667 180H182.797ZM192.483 171.36H193.389L191.085 180H190.179L192.483 171.36ZM198.698 180.18C198.102 180.18 197.598 180.03 197.186 179.73C196.774 179.426 196.462 179.016 196.25 178.5C196.038 177.98 195.932 177.398 195.932 176.754C195.932 176.098 196.038 175.514 196.25 175.002C196.466 174.486 196.782 174.08 197.198 173.784C197.614 173.488 198.126 173.34 198.734 173.34C199.326 173.34 199.834 173.49 200.258 173.79C200.682 174.09 201.006 174.498 201.23 175.014C201.458 175.53 201.572 176.11 201.572 176.754C201.572 177.402 201.458 177.984 201.23 178.5C201.002 179.016 200.674 179.426 200.246 179.73C199.818 180.03 199.302 180.18 198.698 180.18ZM195.782 182.88V173.52H196.574V178.398H196.67V182.88H195.782ZM198.608 179.358C199.06 179.358 199.436 179.244 199.736 179.016C200.036 178.788 200.26 178.478 200.408 178.086C200.56 177.69 200.636 177.246 200.636 176.754C200.636 176.266 200.562 175.826 200.414 175.434C200.266 175.042 200.04 174.732 199.736 174.504C199.436 174.276 199.054 174.162 198.59 174.162C198.138 174.162 197.762 174.272 197.462 174.492C197.166 174.712 196.944 175.018 196.796 175.41C196.648 175.798 196.574 176.246 196.574 176.754C196.574 177.254 196.648 177.702 196.796 178.098C196.944 178.49 197.168 178.798 197.468 179.022C197.768 179.246 198.148 179.358 198.608 179.358ZM204.21 172.29V171.3H205.092V172.29H204.21ZM204.21 180V173.52H205.092V180H204.21ZM212.771 180V176.694C212.771 176.334 212.737 176.004 212.669 175.704C212.601 175.4 212.491 175.136 212.339 174.912C212.191 174.684 211.997 174.508 211.757 174.384C211.521 174.26 211.233 174.198 210.893 174.198C210.581 174.198 210.305 174.252 210.065 174.36C209.829 174.468 209.629 174.624 209.465 174.828C209.305 175.028 209.183 175.272 209.099 175.56C209.015 175.848 208.973 176.176 208.973 176.544L208.349 176.406C208.349 175.742 208.465 175.184 208.697 174.732C208.929 174.28 209.249 173.938 209.657 173.706C210.065 173.474 210.533 173.358 211.061 173.358C211.449 173.358 211.787 173.418 212.075 173.538C212.367 173.658 212.613 173.82 212.813 174.024C213.017 174.228 213.181 174.462 213.305 174.726C213.429 174.986 213.519 175.264 213.575 175.56C213.631 175.852 213.659 176.144 213.659 176.436V180H212.771ZM208.085 180V173.52H208.883V175.116H208.973V180H208.085ZM218.6 171.36H219.506L217.202 180H216.296L218.6 171.36Z" fill="#707070" fill-opacity="0.4"/>
<path d="M23.876 221.144C22.852 221.144 22.088 220.772 21.584 220.028C21.088 219.284 20.84 218.212 20.84 216.812C20.84 215.412 21.088 214.34 21.584 213.596C22.088 212.852 22.852 212.48 23.876 212.48C24.26 212.48 24.592 212.532 24.872 212.636C25.152 212.74 25.392 212.88 25.592 213.056C25.792 213.232 25.96 213.432 26.096 213.656C26.232 213.872 26.352 214.092 26.456 214.316L25.592 214.712C25.52 214.528 25.436 214.356 25.34 214.196C25.244 214.028 25.128 213.884 24.992 213.764C24.864 213.636 24.708 213.536 24.524 213.464C24.348 213.392 24.132 213.356 23.876 213.356C23.212 213.356 22.716 213.608 22.388 214.112C22.068 214.616 21.908 215.288 21.908 216.128V217.496C21.908 218.336 22.068 219.008 22.388 219.512C22.716 220.016 23.212 220.268 23.876 220.268C24.132 220.268 24.348 220.232 24.524 220.16C24.708 220.088 24.864 219.992 24.992 219.872C25.128 219.744 25.244 219.6 25.34 219.44C25.436 219.272 25.52 219.096 25.592 218.912L26.456 219.308C26.352 219.54 26.232 219.764 26.096 219.98C25.96 220.196 25.792 220.392 25.592 220.568C25.392 220.744 25.152 220.884 24.872 220.988C24.592 221.092 24.26 221.144 23.876 221.144ZM29.6793 214.808H30.6393V217.4H31.9593L33.6273 214.808H34.6233L33.1113 217.16C32.9753 217.368 32.8553 217.516 32.7513 217.604C32.6473 217.684 32.5233 217.744 32.3793 217.784V217.832C32.5393 217.856 32.6753 217.912 32.7873 218C32.8993 218.08 33.0153 218.224 33.1353 218.432L34.1433 220.184H34.8393V221H34.1433C33.9353 221 33.7553 220.944 33.6033 220.832C33.4513 220.72 33.2993 220.536 33.1473 220.28L31.9593 218.216H30.6393V221H29.6793V214.808ZM40.3906 221.144C39.9586 221.144 39.5666 221.068 39.2146 220.916C38.8706 220.764 38.5746 220.548 38.3266 220.268C38.0866 219.98 37.9026 219.64 37.7746 219.248C37.6466 218.848 37.5826 218.4 37.5826 217.904C37.5826 217.416 37.6466 216.972 37.7746 216.572C37.9026 216.172 38.0866 215.832 38.3266 215.552C38.5746 215.264 38.8706 215.044 39.2146 214.892C39.5666 214.74 39.9586 214.664 40.3906 214.664C40.8226 214.664 41.2106 214.74 41.5546 214.892C41.9066 215.044 42.2026 215.264 42.4426 215.552C42.6906 215.832 42.8786 216.172 43.0066 216.572C43.1346 216.972 43.1986 217.416 43.1986 217.904C43.1986 218.4 43.1346 218.848 43.0066 219.248C42.8786 219.64 42.6906 219.98 42.4426 220.268C42.2026 220.548 41.9066 220.764 41.5546 220.916C41.2106 221.068 40.8226 221.144 40.3906 221.144ZM40.3906 220.316C40.9266 220.316 41.3586 220.156 41.6866 219.836C42.0146 219.516 42.1786 219.02 42.1786 218.348V217.46C42.1786 216.788 42.0146 216.292 41.6866 215.972C41.3586 215.652 40.9266 215.492 40.3906 215.492C39.8546 215.492 39.4226 215.652 39.0946 215.972C38.7666 216.292 38.6026 216.788 38.6026 217.46V218.348C38.6026 219.02 38.7666 219.516 39.0946 219.836C39.4226 220.156 39.8546 220.316 40.3906 220.316ZM46.3259 214.808H47.2859V215.816H47.3339C47.7339 215.048 48.3699 214.664 49.2419 214.664C50.0019 214.664 50.5939 214.948 51.0179 215.516C51.4499 216.084 51.6659 216.88 51.6659 217.904C51.6659 218.928 51.4499 219.724 51.0179 220.292C50.5939 220.86 50.0019 221.144 49.2419 221.144C48.3699 221.144 47.7339 220.76 47.3339 219.992H47.2859V223.4H46.3259V214.808ZM48.8699 220.292C49.4299 220.292 49.8619 220.124 50.1659 219.788C50.4779 219.444 50.6339 218.992 50.6339 218.432V217.376C50.6339 216.816 50.4779 216.368 50.1659 216.032C49.8619 215.688 49.4299 215.516 48.8699 215.516C48.6539 215.516 48.4499 215.544 48.2579 215.6C48.0659 215.656 47.8979 215.74 47.7539 215.852C47.6099 215.956 47.4939 216.088 47.4059 216.248C47.3259 216.4 47.2859 216.58 47.2859 216.788V219.02C47.2859 219.228 47.3259 219.412 47.4059 219.572C47.4939 219.724 47.6099 219.856 47.7539 219.968C47.8979 220.072 48.0659 220.152 48.2579 220.208C48.4499 220.264 48.6539 220.292 48.8699 220.292ZM57.1812 221.144C56.7492 221.144 56.3572 221.068 56.0052 220.916C55.6612 220.764 55.3652 220.548 55.1172 220.268C54.8772 219.98 54.6932 219.64 54.5652 219.248C54.4372 218.848 54.3732 218.4 54.3732 217.904C54.3732 217.416 54.4372 216.972 54.5652 216.572C54.6932 216.172 54.8772 215.832 55.1172 215.552C55.3652 215.264 55.6612 215.044 56.0052 214.892C56.3572 214.74 56.7492 214.664 57.1812 214.664C57.6132 214.664 58.0012 214.74 58.3452 214.892C58.6972 215.044 58.9932 215.264 59.2332 215.552C59.4812 215.832 59.6692 216.172 59.7972 216.572C59.9252 216.972 59.9892 217.416 59.9892 217.904C59.9892 218.4 59.9252 218.848 59.7972 219.248C59.6692 219.64 59.4812 219.98 59.2332 220.268C58.9932 220.548 58.6972 220.764 58.3452 220.916C58.0012 221.068 57.6132 221.144 57.1812 221.144ZM57.1812 220.316C57.7172 220.316 58.1492 220.156 58.4772 219.836C58.8052 219.516 58.9692 219.02 58.9692 218.348V217.46C58.9692 216.788 58.8052 216.292 58.4772 215.972C58.1492 215.652 57.7172 215.492 57.1812 215.492C56.6452 215.492 56.2132 215.652 55.8852 215.972C55.5572 216.292 55.3932 216.788 55.3932 217.46V218.348C55.3932 219.02 55.5572 219.516 55.8852 219.836C56.2132 220.156 56.6452 220.316 57.1812 220.316ZM65.7926 221.144C65.3446 221.144 64.9446 221.068 64.5926 220.916C64.2486 220.756 63.9566 220.536 63.7166 220.256C63.4766 219.976 63.2926 219.636 63.1646 219.236C63.0446 218.836 62.9846 218.392 62.9846 217.904C62.9846 217.416 63.0486 216.972 63.1766 216.572C63.3046 216.172 63.4886 215.832 63.7286 215.552C63.9686 215.264 64.2606 215.044 64.6046 214.892C64.9486 214.74 65.3406 214.664 65.7806 214.664C66.3806 214.664 66.8686 214.796 67.2446 215.06C67.6206 215.324 67.8966 215.668 68.0726 216.092L67.3046 216.5C67.1926 216.18 67.0046 215.932 66.7406 215.756C66.4846 215.58 66.1646 215.492 65.7806 215.492C65.5006 215.492 65.2486 215.54 65.0246 215.636C64.8086 215.724 64.6246 215.852 64.4726 216.02C64.3206 216.188 64.2046 216.388 64.1246 216.62C64.0526 216.852 64.0166 217.104 64.0166 217.376V218.432C64.0166 218.704 64.0526 218.956 64.1246 219.188C64.2046 219.42 64.3206 219.62 64.4726 219.788C64.6246 219.956 64.8126 220.088 65.0366 220.184C65.2606 220.272 65.5166 220.316 65.8046 220.316C66.2206 220.316 66.5646 220.22 66.8366 220.028C67.1086 219.836 67.3246 219.572 67.4846 219.236L68.1686 219.704C67.9846 220.12 67.6966 220.464 67.3046 220.736C66.9206 221.008 66.4166 221.144 65.7926 221.144ZM73.4919 215.624H71.2119V214.808H76.7319V215.624H74.4519V221H73.4919V215.624ZM80.0992 214.808H81.0592V217.052H82.9792C83.6032 217.052 84.0992 217.228 84.4672 217.58C84.8352 217.932 85.0192 218.416 85.0192 219.032C85.0192 219.656 84.8392 220.14 84.4792 220.484C84.1192 220.828 83.6232 221 82.9912 221H80.0992V214.808ZM82.8472 220.184C83.2072 220.184 83.4872 220.112 83.6872 219.968C83.8952 219.824 83.9992 219.592 83.9992 219.272V218.768C83.9992 218.448 83.8952 218.22 83.6872 218.084C83.4872 217.94 83.2072 217.868 82.8472 217.868H81.0592V220.184H82.8472ZM98.9058 221.144C98.2658 221.144 97.7338 221.04 97.3098 220.832C96.8938 220.624 96.5538 220.328 96.2898 219.944L96.9978 219.368C97.1898 219.672 97.4418 219.908 97.7538 220.076C98.0658 220.236 98.4498 220.316 98.9058 220.316C99.4818 220.316 99.8978 220.224 100.154 220.04C100.41 219.856 100.538 219.62 100.538 219.332V219.164C100.538 218.852 100.434 218.616 100.226 218.456C100.026 218.288 99.7338 218.204 99.3498 218.204H97.6818V217.4H99.2298C100.014 217.4 100.406 217.108 100.406 216.524V216.38C100.406 216.116 100.294 215.904 100.07 215.744C99.8538 215.576 99.4738 215.492 98.9298 215.492C98.4498 215.492 98.0618 215.572 97.7658 215.732C97.4778 215.892 97.2418 216.116 97.0578 216.404L96.3858 215.948C96.6658 215.54 97.0058 215.224 97.4058 215C97.8058 214.776 98.3298 214.664 98.9778 214.664C99.8018 214.664 100.414 214.812 100.814 215.108C101.222 215.404 101.426 215.812 101.426 216.332C101.426 216.716 101.326 217.02 101.126 217.244C100.926 217.468 100.646 217.624 100.286 217.712V217.76C100.702 217.824 101.018 217.984 101.234 218.24C101.45 218.488 101.558 218.808 101.558 219.2C101.558 219.8 101.326 220.276 100.862 220.628C100.406 220.972 99.7538 221.144 98.9058 221.144ZM109.893 221C109.517 221 109.249 220.904 109.089 220.712C108.929 220.52 108.829 220.28 108.789 219.992H108.729C108.593 220.352 108.373 220.636 108.069 220.844C107.773 221.044 107.373 221.144 106.869 221.144C106.221 221.144 105.705 220.976 105.321 220.64C104.937 220.304 104.745 219.844 104.745 219.26C104.745 218.684 104.953 218.24 105.369 217.928C105.793 217.616 106.473 217.46 107.409 217.46H108.729V216.848C108.729 216.392 108.601 216.052 108.345 215.828C108.089 215.596 107.725 215.48 107.253 215.48C106.837 215.48 106.497 215.564 106.233 215.732C105.969 215.892 105.757 216.112 105.597 216.392L104.949 215.912C105.029 215.752 105.137 215.596 105.273 215.444C105.409 215.292 105.577 215.16 105.777 215.048C105.977 214.928 106.205 214.836 106.461 214.772C106.717 214.7 107.001 214.664 107.313 214.664C108.041 214.664 108.617 214.848 109.041 215.216C109.473 215.584 109.689 216.096 109.689 216.752V220.16H110.553V221H109.893ZM107.037 220.34C107.285 220.34 107.509 220.312 107.709 220.256C107.917 220.192 108.097 220.112 108.249 220.016C108.401 219.912 108.517 219.792 108.597 219.656C108.685 219.512 108.729 219.36 108.729 219.2V218.18H107.409C106.833 218.18 106.413 218.26 106.149 218.42C105.885 218.58 105.753 218.812 105.753 219.116V219.368C105.753 219.688 105.865 219.932 106.089 220.1C106.321 220.26 106.637 220.34 107.037 220.34ZM113.968 214.808H118.408V215.624H114.928V221H113.968V214.808ZM121.884 214.808H122.844V215.816H122.892C123.292 215.048 123.928 214.664 124.8 214.664C125.56 214.664 126.152 214.948 126.576 215.516C127.008 216.084 127.224 216.88 127.224 217.904C127.224 218.928 127.008 219.724 126.576 220.292C126.152 220.86 125.56 221.144 124.8 221.144C123.928 221.144 123.292 220.76 122.892 219.992H122.844V223.4H121.884V214.808ZM124.428 220.292C124.988 220.292 125.42 220.124 125.724 219.788C126.036 219.444 126.192 218.992 126.192 218.432V217.376C126.192 216.816 126.036 216.368 125.724 216.032C125.42 215.688 124.988 215.516 124.428 215.516C124.212 215.516 124.008 215.544 123.816 215.6C123.624 215.656 123.456 215.74 123.312 215.852C123.168 215.956 123.052 216.088 122.964 216.248C122.884 216.4 122.844 216.58 122.844 216.788V219.02C122.844 219.228 122.884 219.412 122.964 219.572C123.052 219.724 123.168 219.856 123.312 219.968C123.456 220.072 123.624 220.152 123.816 220.208C124.008 220.264 124.212 220.292 124.428 220.292ZM134.743 214.808H135.703L132.631 222.356C132.559 222.532 132.479 222.684 132.391 222.812C132.303 222.948 132.199 223.056 132.079 223.136C131.959 223.224 131.815 223.288 131.647 223.328C131.479 223.376 131.279 223.4 131.047 223.4H130.135V222.584H131.575L132.271 220.88L129.775 214.808H130.759L131.803 217.4L132.727 219.752H132.775L133.699 217.4L134.743 214.808ZM140.882 221.144C140.242 221.144 139.71 221.04 139.286 220.832C138.87 220.624 138.53 220.328 138.266 219.944L138.974 219.368C139.166 219.672 139.418 219.908 139.73 220.076C140.042 220.236 140.426 220.316 140.882 220.316C141.458 220.316 141.874 220.224 142.13 220.04C142.386 219.856 142.514 219.62 142.514 219.332V219.164C142.514 218.852 142.41 218.616 142.202 218.456C142.002 218.288 141.71 218.204 141.326 218.204H139.658V217.4H141.206C141.99 217.4 142.382 217.108 142.382 216.524V216.38C142.382 216.116 142.27 215.904 142.046 215.744C141.83 215.576 141.45 215.492 140.906 215.492C140.426 215.492 140.038 215.572 139.742 215.732C139.454 215.892 139.218 216.116 139.034 216.404L138.362 215.948C138.642 215.54 138.982 215.224 139.382 215C139.782 214.776 140.306 214.664 140.954 214.664C141.778 214.664 142.39 214.812 142.79 215.108C143.198 215.404 143.402 215.812 143.402 216.332C143.402 216.716 143.302 217.02 143.102 217.244C142.902 217.468 142.622 217.624 142.262 217.712V217.76C142.678 217.824 142.994 217.984 143.21 218.24C143.426 218.488 143.534 218.808 143.534 219.2C143.534 219.8 143.302 220.276 142.838 220.628C142.382 220.972 141.73 221.144 140.882 221.144ZM147.214 214.808H148.174V217.4H149.494L151.162 214.808H152.158L150.646 217.16C150.51 217.368 150.39 217.516 150.286 217.604C150.182 217.684 150.058 217.744 149.914 217.784V217.832C150.074 217.856 150.21 217.912 150.322 218C150.434 218.08 150.55 218.224 150.67 218.432L151.678 220.184H152.374V221H151.678C151.47 221 151.29 220.944 151.138 220.832C150.986 220.72 150.834 220.536 150.682 220.28L149.494 218.216H148.174V221H147.214V214.808ZM155.465 214.808H156.425V217.964L156.329 219.548H156.377L159.485 214.808H160.385V221H159.425V217.844L159.521 216.26H159.473L156.365 221H155.465V214.808Z" fill="#B4B4B4"/>
<rect x="371.5" y="209" width="14" height="14" rx="7" stroke="#707070"/>
<path d="M378.42 218.905C378.974 218.953 379.323 218.431 379.684 218.097C379.759 218.081 379.752 218.201 379.732 218.247C379.665 218.408 379.118 219.177 378.979 219.313C378.32 219.966 376.469 220.536 376.663 219.128C376.741 218.562 378.064 215.402 377.914 215.266C377.384 215.24 376.914 215.629 376.549 215.973C376.494 215.568 377.237 214.919 377.608 214.707C378.288 214.317 379.99 213.95 379.815 215.188C379.737 215.742 378.239 218.723 378.42 218.905Z" fill="#707070"/>
<path d="M379 212.056C380.748 211.606 380.945 213.994 379.456 214.133C378.228 214.247 377.913 212.336 379 212.056Z" fill="#707070"/>
<rect x="20" y="232" width="366" height="36" rx="10" fill="#262626" fill-opacity="0.2"/>
<rect x="20.5" y="232.5" width="365" height="35" rx="9.5" stroke="url(#paint1_linear_5403_3975)" stroke-opacity="0.3"/>
<path d="M34.338 255.18C33.478 255.18 32.752 254.99 32.16 254.61C31.568 254.226 31.12 253.696 30.816 253.02C30.512 252.344 30.36 251.564 30.36 250.68C30.36 249.796 30.512 249.016 30.816 248.34C31.12 247.664 31.568 247.136 32.16 246.756C32.752 246.372 33.478 246.18 34.338 246.18C35.342 246.18 36.162 246.438 36.798 246.954C37.434 247.466 37.87 248.154 38.106 249.018L37.206 249.252C37.022 248.568 36.692 248.026 36.216 247.626C35.74 247.226 35.114 247.026 34.338 247.026C33.662 247.026 33.1 247.18 32.652 247.488C32.204 247.796 31.866 248.226 31.638 248.778C31.414 249.326 31.298 249.96 31.29 250.68C31.286 251.4 31.396 252.034 31.62 252.582C31.848 253.13 32.188 253.56 32.64 253.872C33.096 254.18 33.662 254.334 34.338 254.334C35.114 254.334 35.74 254.134 36.216 253.734C36.692 253.33 37.022 252.788 37.206 252.108L38.106 252.342C37.87 253.206 37.434 253.896 36.798 254.412C36.162 254.924 35.342 255.18 34.338 255.18ZM43.2278 255.186C42.6238 255.182 42.1058 255.05 41.6738 254.79C41.2418 254.53 40.9058 254.142 40.6658 253.626C40.4298 253.11 40.3018 252.466 40.2818 251.694C40.2698 251.354 40.2778 250.984 40.3058 250.584C40.3338 250.18 40.3778 249.796 40.4378 249.432C40.4978 249.068 40.5698 248.772 40.6538 248.544C40.7578 248.248 40.9058 247.972 41.0978 247.716C41.2938 247.456 41.5198 247.244 41.7758 247.08C42.0238 246.912 42.3038 246.782 42.6158 246.69C42.9318 246.594 43.2598 246.52 43.5998 246.468C43.9438 246.416 44.2838 246.37 44.6198 246.33C44.9598 246.29 45.2738 246.24 45.5618 246.18L45.6578 246.978C45.4378 247.022 45.1778 247.062 44.8778 247.098C44.5778 247.134 44.2638 247.178 43.9358 247.23C43.6078 247.278 43.2938 247.344 42.9938 247.428C42.6938 247.512 42.4378 247.622 42.2258 247.758C41.9018 247.954 41.6518 248.25 41.4758 248.646C41.3038 249.042 41.1978 249.496 41.1578 250.008C41.4058 249.62 41.7338 249.328 42.1418 249.132C42.5538 248.936 42.9998 248.838 43.4798 248.838C44.0638 248.838 44.5658 248.972 44.9858 249.24C45.4098 249.508 45.7358 249.88 45.9638 250.356C46.1918 250.832 46.3058 251.378 46.3058 251.994C46.3058 252.638 46.1798 253.2 45.9278 253.68C45.6798 254.16 45.3258 254.532 44.8658 254.796C44.4058 255.056 43.8598 255.186 43.2278 255.186ZM43.2938 254.34C43.9738 254.34 44.4898 254.128 44.8418 253.704C45.1978 253.28 45.3758 252.716 45.3758 252.012C45.3758 251.292 45.1918 250.724 44.8238 250.308C44.4598 249.892 43.9458 249.684 43.2818 249.684C42.6178 249.684 42.1078 249.892 41.7518 250.308C41.3958 250.724 41.2178 251.292 41.2178 252.012C41.2178 252.732 41.3958 253.3 41.7518 253.716C42.1078 254.132 42.6218 254.34 43.2938 254.34ZM50.6799 255.18C50.1919 255.18 49.7819 255.092 49.4499 254.916C49.1219 254.74 48.8759 254.506 48.7119 254.214C48.5479 253.922 48.4659 253.604 48.4659 253.26C48.4659 252.908 48.5359 252.608 48.6759 252.36C48.8199 252.108 49.0139 251.902 49.2579 251.742C49.5059 251.582 49.7919 251.46 50.1159 251.376C50.4439 251.296 50.8059 251.226 51.2019 251.166C51.6019 251.102 51.9919 251.048 52.3719 251.004C52.7559 250.956 53.0919 250.91 53.3799 250.866L53.0679 251.058C53.0799 250.418 52.9559 249.944 52.6959 249.636C52.4359 249.328 51.9839 249.174 51.3399 249.174C50.8959 249.174 50.5199 249.274 50.2119 249.474C49.9079 249.674 49.6939 249.99 49.5699 250.422L48.7119 250.17C48.8599 249.59 49.1579 249.14 49.6059 248.82C50.0539 248.5 50.6359 248.34 51.3519 248.34C51.9439 248.34 52.4459 248.452 52.8579 248.676C53.2739 248.896 53.5679 249.216 53.7399 249.636C53.8199 249.824 53.8719 250.034 53.8959 250.266C53.9199 250.498 53.9319 250.734 53.9319 250.974V255H53.1459V253.374L53.3739 253.47C53.1539 254.026 52.8119 254.45 52.3479 254.742C51.8839 255.034 51.3279 255.18 50.6799 255.18ZM50.7819 254.418C51.1939 254.418 51.5539 254.344 51.8619 254.196C52.1699 254.048 52.4179 253.846 52.6059 253.59C52.7939 253.33 52.9159 253.038 52.9719 252.714C53.0199 252.506 53.0459 252.278 53.0499 252.03C53.0539 251.778 53.0559 251.59 53.0559 251.466L53.3919 251.64C53.0919 251.68 52.7659 251.72 52.4139 251.76C52.0659 251.8 51.7219 251.846 51.3819 251.898C51.0459 251.95 50.7419 252.012 50.4699 252.084C50.2859 252.136 50.1079 252.21 49.9359 252.306C49.7639 252.398 49.6219 252.522 49.5099 252.678C49.4019 252.834 49.3479 253.028 49.3479 253.26C49.3479 253.448 49.3939 253.63 49.4859 253.806C49.5819 253.982 49.7339 254.128 49.9419 254.244C50.1539 254.36 50.4339 254.418 50.7819 254.418ZM56.0939 255V254.226C56.3339 254.27 56.5159 254.26 56.6399 254.196C56.7679 254.128 56.8619 254.016 56.9219 253.86C56.9819 253.7 57.0319 253.502 57.0719 253.266C57.1359 252.874 57.1939 252.442 57.2459 251.97C57.2979 251.498 57.3439 250.978 57.3839 250.41C57.4279 249.838 57.4719 249.208 57.5159 248.52H61.9199V255H61.0439V249.366H58.3319C58.3039 249.79 58.2719 250.212 58.2359 250.632C58.1999 251.052 58.1619 251.456 58.1219 251.844C58.0859 252.228 58.0459 252.582 58.0019 252.906C57.9579 253.23 57.9119 253.51 57.8639 253.746C57.7919 254.102 57.6959 254.386 57.5759 254.598C57.4599 254.81 57.2859 254.95 57.0539 255.018C56.8219 255.086 56.5019 255.08 56.0939 255ZM66.6502 255.18C66.1622 255.18 65.7522 255.092 65.4202 254.916C65.0922 254.74 64.8462 254.506 64.6822 254.214C64.5182 253.922 64.4362 253.604 64.4362 253.26C64.4362 252.908 64.5062 252.608 64.6462 252.36C64.7902 252.108 64.9842 251.902 65.2282 251.742C65.4762 251.582 65.7622 251.46 66.0862 251.376C66.4142 251.296 66.7762 251.226 67.1722 251.166C67.5722 251.102 67.9622 251.048 68.3422 251.004C68.7262 250.956 69.0622 250.91 69.3502 250.866L69.0382 251.058C69.0502 250.418 68.9262 249.944 68.6662 249.636C68.4062 249.328 67.9542 249.174 67.3102 249.174C66.8662 249.174 66.4902 249.274 66.1822 249.474C65.8782 249.674 65.6642 249.99 65.5402 250.422L64.6822 250.17C64.8302 249.59 65.1282 249.14 65.5762 248.82C66.0242 248.5 66.6062 248.34 67.3222 248.34C67.9142 248.34 68.4162 248.452 68.8282 248.676C69.2442 248.896 69.5382 249.216 69.7102 249.636C69.7902 249.824 69.8422 250.034 69.8662 250.266C69.8902 250.498 69.9022 250.734 69.9022 250.974V255H69.1162V253.374L69.3442 253.47C69.1242 254.026 68.7822 254.45 68.3182 254.742C67.8542 255.034 67.2982 255.18 66.6502 255.18ZM66.7522 254.418C67.1642 254.418 67.5242 254.344 67.8322 254.196C68.1402 254.048 68.3882 253.846 68.5762 253.59C68.7642 253.33 68.8862 253.038 68.9422 252.714C68.9902 252.506 69.0162 252.278 69.0202 252.03C69.0242 251.778 69.0262 251.59 69.0262 251.466L69.3622 251.64C69.0622 251.68 68.7362 251.72 68.3842 251.76C68.0362 251.8 67.6922 251.846 67.3522 251.898C67.0162 251.95 66.7122 252.012 66.4402 252.084C66.2562 252.136 66.0782 252.21 65.9062 252.306C65.7342 252.398 65.5922 252.522 65.4802 252.678C65.3722 252.834 65.3182 253.028 65.3182 253.26C65.3182 253.448 65.3642 253.63 65.4562 253.806C65.5522 253.982 65.7042 254.128 65.9122 254.244C66.1242 254.36 66.4042 254.418 66.7522 254.418ZM72.6582 255V248.52H73.5402V251.334H77.1942V248.52H78.0762V255H77.1942V252.18H73.5402V255H72.6582ZM83.6421 255.18C82.9901 255.18 82.4381 255.034 81.9861 254.742C81.5341 254.45 81.1901 254.048 80.9541 253.536C80.7221 253.02 80.6021 252.428 80.5941 251.76C80.6021 251.08 80.7261 250.484 80.9661 249.972C81.2061 249.456 81.5521 249.056 82.0041 248.772C82.4561 248.484 83.0041 248.34 83.6481 248.34C84.3041 248.34 84.8741 248.5 85.3581 248.82C85.8461 249.14 86.1801 249.578 86.3601 250.134L85.4961 250.41C85.3441 250.022 85.1021 249.722 84.7701 249.51C84.4421 249.294 84.0661 249.186 83.6421 249.186C83.1661 249.186 82.7721 249.296 82.4601 249.516C82.1481 249.732 81.9161 250.034 81.7641 250.422C81.6121 250.81 81.5341 251.256 81.5301 251.76C81.5381 252.536 81.7181 253.16 82.0701 253.632C82.4221 254.1 82.9461 254.334 83.6421 254.334C84.0821 254.334 84.4561 254.234 84.7641 254.034C85.0761 253.83 85.3121 253.534 85.4721 253.146L86.3601 253.41C86.1201 253.986 85.7681 254.426 85.3041 254.73C84.8401 255.03 84.2861 255.18 83.6421 255.18ZM93.9466 248.52V255H93.0886V249.954L89.5366 255H88.7926V248.52H89.6506V253.524L93.2086 248.52H93.9466ZM99.7406 255.18C99.1446 255.18 98.6406 255.03 98.2286 254.73C97.8166 254.426 97.5046 254.016 97.2926 253.5C97.0806 252.98 96.9746 252.398 96.9746 251.754C96.9746 251.098 97.0806 250.514 97.2926 250.002C97.5086 249.486 97.8246 249.08 98.2406 248.784C98.6566 248.488 99.1686 248.34 99.7766 248.34C100.369 248.34 100.877 248.49 101.301 248.79C101.725 249.09 102.049 249.498 102.273 250.014C102.501 250.53 102.615 251.11 102.615 251.754C102.615 252.402 102.501 252.984 102.273 253.5C102.045 254.016 101.717 254.426 101.289 254.73C100.861 255.03 100.345 255.18 99.7406 255.18ZM96.8246 257.88V248.52H97.6166V253.398H97.7126V257.88H96.8246ZM99.6506 254.358C100.103 254.358 100.479 254.244 100.779 254.016C101.079 253.788 101.303 253.478 101.451 253.086C101.603 252.69 101.679 252.246 101.679 251.754C101.679 251.266 101.605 250.826 101.457 250.434C101.309 250.042 101.083 249.732 100.779 249.504C100.479 249.276 100.097 249.162 99.6326 249.162C99.1806 249.162 98.8046 249.272 98.5046 249.492C98.2086 249.712 97.9866 250.018 97.8386 250.41C97.6906 250.798 97.6166 251.246 97.6166 251.754C97.6166 252.254 97.6906 252.702 97.8386 253.098C97.9866 253.49 98.2106 253.798 98.5106 254.022C98.8106 254.246 99.1906 254.358 99.6506 254.358ZM107.838 255.18C107.194 255.18 106.644 255.034 106.188 254.742C105.732 254.45 105.382 254.046 105.138 253.53C104.894 253.014 104.772 252.422 104.772 251.754C104.772 251.074 104.896 250.478 105.144 249.966C105.392 249.454 105.744 249.056 106.2 248.772C106.66 248.484 107.206 248.34 107.838 248.34C108.486 248.34 109.038 248.486 109.494 248.778C109.954 249.066 110.304 249.468 110.544 249.984C110.788 250.496 110.91 251.086 110.91 251.754C110.91 252.434 110.788 253.032 110.544 253.548C110.3 254.06 109.948 254.46 109.488 254.748C109.028 255.036 108.478 255.18 107.838 255.18ZM107.838 254.334C108.558 254.334 109.094 254.096 109.446 253.62C109.798 253.14 109.974 252.518 109.974 251.754C109.974 250.97 109.796 250.346 109.44 249.882C109.088 249.418 108.554 249.186 107.838 249.186C107.354 249.186 106.954 249.296 106.638 249.516C106.326 249.732 106.092 250.034 105.936 250.422C105.784 250.806 105.708 251.25 105.708 251.754C105.708 252.534 105.888 253.16 106.248 253.632C106.608 254.1 107.138 254.334 107.838 254.334ZM113.428 255V248.52H116.098C116.234 248.52 116.398 248.528 116.59 248.544C116.786 248.56 116.968 248.59 117.136 248.634C117.5 248.73 117.792 248.926 118.012 249.222C118.236 249.518 118.348 249.874 118.348 250.29C118.348 250.522 118.312 250.73 118.24 250.914C118.172 251.094 118.074 251.25 117.946 251.382C117.886 251.45 117.82 251.51 117.748 251.562C117.676 251.61 117.606 251.65 117.538 251.682C117.666 251.706 117.804 251.762 117.952 251.85C118.184 251.986 118.36 252.17 118.48 252.402C118.6 252.63 118.66 252.908 118.66 253.236C118.66 253.68 118.554 254.042 118.342 254.322C118.13 254.602 117.846 254.794 117.49 254.898C117.33 254.942 117.156 254.97 116.968 254.982C116.784 254.994 116.61 255 116.446 255H113.428ZM114.316 254.25H116.404C116.488 254.25 116.594 254.244 116.722 254.232C116.85 254.216 116.964 254.196 117.064 254.172C117.3 254.112 117.472 253.992 117.58 253.812C117.692 253.628 117.748 253.428 117.748 253.212C117.748 252.928 117.664 252.696 117.496 252.516C117.332 252.332 117.112 252.22 116.836 252.18C116.744 252.16 116.648 252.148 116.548 252.144C116.448 252.14 116.358 252.138 116.278 252.138H114.316V254.25ZM114.316 251.382H116.128C116.232 251.382 116.348 251.376 116.476 251.364C116.608 251.348 116.722 251.322 116.818 251.286C117.026 251.214 117.178 251.09 117.274 250.914C117.374 250.738 117.424 250.546 117.424 250.338C117.424 250.11 117.37 249.91 117.262 249.738C117.158 249.566 117 249.446 116.788 249.378C116.644 249.326 116.488 249.296 116.32 249.288C116.156 249.28 116.052 249.276 116.008 249.276H114.316V251.382ZM122.91 255.18C122.422 255.18 122.012 255.092 121.68 254.916C121.352 254.74 121.106 254.506 120.942 254.214C120.778 253.922 120.696 253.604 120.696 253.26C120.696 252.908 120.766 252.608 120.906 252.36C121.05 252.108 121.244 251.902 121.488 251.742C121.736 251.582 122.022 251.46 122.346 251.376C122.674 251.296 123.036 251.226 123.432 251.166C123.832 251.102 124.222 251.048 124.602 251.004C124.986 250.956 125.322 250.91 125.61 250.866L125.298 251.058C125.31 250.418 125.186 249.944 124.926 249.636C124.666 249.328 124.214 249.174 123.57 249.174C123.126 249.174 122.75 249.274 122.442 249.474C122.138 249.674 121.924 249.99 121.8 250.422L120.942 250.17C121.09 249.59 121.388 249.14 121.836 248.82C122.284 248.5 122.866 248.34 123.582 248.34C124.174 248.34 124.676 248.452 125.088 248.676C125.504 248.896 125.798 249.216 125.97 249.636C126.05 249.824 126.102 250.034 126.126 250.266C126.15 250.498 126.162 250.734 126.162 250.974V255H125.376V253.374L125.604 253.47C125.384 254.026 125.042 254.45 124.578 254.742C124.114 255.034 123.558 255.18 122.91 255.18ZM123.012 254.418C123.424 254.418 123.784 254.344 124.092 254.196C124.4 254.048 124.648 253.846 124.836 253.59C125.024 253.33 125.146 253.038 125.202 252.714C125.25 252.506 125.276 252.278 125.28 252.03C125.284 251.778 125.286 251.59 125.286 251.466L125.622 251.64C125.322 251.68 124.996 251.72 124.644 251.76C124.296 251.8 123.952 251.846 123.612 251.898C123.276 251.95 122.972 252.012 122.7 252.084C122.516 252.136 122.338 252.21 122.166 252.306C121.994 252.398 121.852 252.522 121.74 252.678C121.632 252.834 121.578 253.028 121.578 253.26C121.578 253.448 121.624 253.63 121.716 253.806C121.812 253.982 121.964 254.128 122.172 254.244C122.384 254.36 122.664 254.418 123.012 254.418ZM128.918 255V248.52H129.8V251.334H133.454V248.52H134.336V255H133.454V252.18H129.8V255H128.918ZM137.207 255V248.52H138.089V251.334H141.743V248.52H142.625V255H141.743V252.18H138.089V255H137.207ZM147.357 255.18C146.869 255.18 146.459 255.092 146.127 254.916C145.799 254.74 145.553 254.506 145.389 254.214C145.225 253.922 145.143 253.604 145.143 253.26C145.143 252.908 145.213 252.608 145.353 252.36C145.497 252.108 145.691 251.902 145.935 251.742C146.183 251.582 146.469 251.46 146.793 251.376C147.121 251.296 147.483 251.226 147.879 251.166C148.279 251.102 148.669 251.048 149.049 251.004C149.433 250.956 149.769 250.91 150.057 250.866L149.745 251.058C149.757 250.418 149.633 249.944 149.373 249.636C149.113 249.328 148.661 249.174 148.017 249.174C147.573 249.174 147.197 249.274 146.889 249.474C146.585 249.674 146.371 249.99 146.247 250.422L145.389 250.17C145.537 249.59 145.835 249.14 146.283 248.82C146.731 248.5 147.313 248.34 148.029 248.34C148.621 248.34 149.123 248.452 149.535 248.676C149.951 248.896 150.245 249.216 150.417 249.636C150.497 249.824 150.549 250.034 150.573 250.266C150.597 250.498 150.609 250.734 150.609 250.974V255H149.823V253.374L150.051 253.47C149.831 254.026 149.489 254.45 149.025 254.742C148.561 255.034 148.005 255.18 147.357 255.18ZM147.459 254.418C147.871 254.418 148.231 254.344 148.539 254.196C148.847 254.048 149.095 253.846 149.283 253.59C149.471 253.33 149.593 253.038 149.649 252.714C149.697 252.506 149.723 252.278 149.727 252.03C149.731 251.778 149.733 251.59 149.733 251.466L150.069 251.64C149.769 251.68 149.443 251.72 149.091 251.76C148.743 251.8 148.399 251.846 148.059 251.898C147.723 251.95 147.419 252.012 147.147 252.084C146.963 252.136 146.785 252.21 146.613 252.306C146.441 252.398 146.299 252.522 146.187 252.678C146.079 252.834 146.025 253.028 146.025 253.26C146.025 253.448 146.071 253.63 146.163 253.806C146.259 253.982 146.411 254.128 146.619 254.244C146.831 254.36 147.111 254.418 147.459 254.418ZM157.433 255V252.558H155.921C155.745 252.558 155.563 252.552 155.375 252.54C155.191 252.524 155.019 252.502 154.859 252.474C154.403 252.386 154.015 252.186 153.695 251.874C153.379 251.558 153.221 251.122 153.221 250.566C153.221 250.022 153.369 249.586 153.665 249.258C153.961 248.926 154.319 248.71 154.739 248.61C154.931 248.566 155.125 248.54 155.321 248.532C155.521 248.524 155.693 248.52 155.837 248.52H158.315L158.321 255H157.433ZM153.011 255L154.817 252.282H155.795L153.977 255H153.011ZM155.873 251.802H157.433V249.276H155.873C155.777 249.276 155.643 249.28 155.471 249.288C155.299 249.296 155.137 249.322 154.985 249.366C154.853 249.406 154.721 249.476 154.589 249.576C154.461 249.672 154.353 249.802 154.265 249.966C154.177 250.126 154.133 250.322 154.133 250.554C154.133 250.878 154.221 251.138 154.397 251.334C154.577 251.526 154.801 251.658 155.069 251.73C155.213 251.762 155.357 251.782 155.501 251.79C155.645 251.798 155.769 251.802 155.873 251.802Z" fill="#B4B4B4"/>
<path d="M166.99 246.36H167.896L165.592 255H164.686L166.99 246.36ZM174.261 255V246.36H179.595V247.206H175.143V249.72H177.597C177.681 249.72 177.775 249.724 177.879 249.732C177.987 249.736 178.095 249.746 178.203 249.762C178.647 249.822 179.025 249.974 179.337 250.218C179.653 250.462 179.893 250.77 180.057 251.142C180.225 251.514 180.309 251.92 180.309 252.36C180.309 252.8 180.225 253.206 180.057 253.578C179.893 253.95 179.653 254.258 179.337 254.502C179.025 254.746 178.647 254.898 178.203 254.958C178.095 254.97 177.987 254.98 177.879 254.988C177.775 254.996 177.681 255 177.597 255H174.261ZM175.143 254.154H177.573C177.645 254.154 177.729 254.15 177.825 254.142C177.921 254.134 178.015 254.122 178.107 254.106C178.551 254.018 178.877 253.806 179.085 253.47C179.297 253.13 179.403 252.76 179.403 252.36C179.403 251.956 179.297 251.586 179.085 251.25C178.877 250.914 178.551 250.702 178.107 250.614C178.015 250.594 177.921 250.582 177.825 250.578C177.729 250.57 177.645 250.566 177.573 250.566H175.143V254.154ZM182.709 255L182.697 248.52H183.585V250.962H184.713C184.901 250.962 185.085 250.966 185.265 250.974C185.445 250.982 185.607 250.998 185.751 251.022C186.071 251.086 186.355 251.194 186.603 251.346C186.851 251.498 187.047 251.708 187.191 251.976C187.335 252.24 187.407 252.574 187.407 252.978C187.407 253.534 187.263 253.972 186.975 254.292C186.687 254.612 186.325 254.82 185.889 254.916C185.725 254.952 185.547 254.976 185.355 254.988C185.163 254.996 184.975 255 184.791 255H182.709ZM183.585 254.244H184.755C184.887 254.244 185.037 254.24 185.205 254.232C185.373 254.224 185.521 254.202 185.649 254.166C185.865 254.106 186.059 253.986 186.231 253.806C186.407 253.622 186.495 253.346 186.495 252.978C186.495 252.614 186.411 252.34 186.243 252.156C186.075 251.968 185.851 251.844 185.571 251.784C185.443 251.756 185.307 251.738 185.163 251.73C185.023 251.722 184.887 251.718 184.755 251.718H183.585V254.244ZM188.181 255V248.52H189.063V255H188.181ZM194.63 255.18C193.978 255.18 193.426 255.034 192.974 254.742C192.522 254.45 192.178 254.048 191.942 253.536C191.71 253.02 191.59 252.428 191.582 251.76C191.59 251.08 191.714 250.484 191.954 249.972C192.194 249.456 192.54 249.056 192.992 248.772C193.444 248.484 193.992 248.34 194.636 248.34C195.292 248.34 195.862 248.5 196.346 248.82C196.834 249.14 197.168 249.578 197.348 250.134L196.484 250.41C196.332 250.022 196.09 249.722 195.758 249.51C195.43 249.294 195.054 249.186 194.63 249.186C194.154 249.186 193.76 249.296 193.448 249.516C193.136 249.732 192.904 250.034 192.752 250.422C192.6 250.81 192.522 251.256 192.518 251.76C192.526 252.536 192.706 253.16 193.058 253.632C193.41 254.1 193.934 254.334 194.63 254.334C195.07 254.334 195.444 254.234 195.752 254.034C196.064 253.83 196.3 253.534 196.46 253.146L197.348 253.41C197.108 253.986 196.756 254.426 196.292 254.73C195.828 255.03 195.274 255.18 194.63 255.18ZM201.381 255V249.336H199.083V248.52H204.561V249.336H202.263V255H201.381ZM209.815 255.18C209.219 255.18 208.715 255.03 208.303 254.73C207.891 254.426 207.579 254.016 207.367 253.5C207.155 252.98 207.049 252.398 207.049 251.754C207.049 251.098 207.155 250.514 207.367 250.002C207.583 249.486 207.899 249.08 208.315 248.784C208.731 248.488 209.243 248.34 209.851 248.34C210.443 248.34 210.951 248.49 211.375 248.79C211.799 249.09 212.123 249.498 212.347 250.014C212.575 250.53 212.689 251.11 212.689 251.754C212.689 252.402 212.575 252.984 212.347 253.5C212.119 254.016 211.791 254.426 211.363 254.73C210.935 255.03 210.419 255.18 209.815 255.18ZM206.899 257.88V248.52H207.691V253.398H207.787V257.88H206.899ZM209.725 254.358C210.177 254.358 210.553 254.244 210.853 254.016C211.153 253.788 211.377 253.478 211.525 253.086C211.677 252.69 211.753 252.246 211.753 251.754C211.753 251.266 211.679 250.826 211.531 250.434C211.383 250.042 211.157 249.732 210.853 249.504C210.553 249.276 210.171 249.162 209.707 249.162C209.255 249.162 208.879 249.272 208.579 249.492C208.283 249.712 208.061 250.018 207.913 250.41C207.765 250.798 207.691 251.246 207.691 251.754C207.691 252.254 207.765 252.702 207.913 253.098C208.061 253.49 208.285 253.798 208.585 254.022C208.885 254.246 209.265 254.358 209.725 254.358ZM217.948 255.18C217.316 255.18 216.768 255.04 216.304 254.76C215.844 254.48 215.486 254.086 215.23 253.578C214.974 253.07 214.846 252.474 214.846 251.79C214.846 251.082 214.972 250.47 215.224 249.954C215.476 249.438 215.83 249.04 216.286 248.76C216.746 248.48 217.288 248.34 217.912 248.34C218.552 248.34 219.098 248.488 219.55 248.784C220.002 249.076 220.344 249.496 220.576 250.044C220.808 250.592 220.914 251.246 220.894 252.006H219.994V251.694C219.978 250.854 219.796 250.22 219.448 249.792C219.104 249.364 218.6 249.15 217.936 249.15C217.24 249.15 216.706 249.376 216.334 249.828C215.966 250.28 215.782 250.924 215.782 251.76C215.782 252.576 215.966 253.21 216.334 253.662C216.706 254.11 217.232 254.334 217.912 254.334C218.376 254.334 218.78 254.228 219.124 254.016C219.472 253.8 219.746 253.49 219.946 253.086L220.768 253.404C220.512 253.968 220.134 254.406 219.634 254.718C219.138 255.026 218.576 255.18 217.948 255.18ZM215.47 252.006V251.268H220.42V252.006H215.47ZM226.168 255.18C225.536 255.18 224.988 255.04 224.524 254.76C224.064 254.48 223.706 254.086 223.45 253.578C223.194 253.07 223.066 252.474 223.066 251.79C223.066 251.082 223.192 250.47 223.444 249.954C223.696 249.438 224.05 249.04 224.506 248.76C224.966 248.48 225.508 248.34 226.132 248.34C226.772 248.34 227.318 248.488 227.77 248.784C228.222 249.076 228.564 249.496 228.796 250.044C229.028 250.592 229.134 251.246 229.114 252.006H228.214V251.694C228.198 250.854 228.016 250.22 227.668 249.792C227.324 249.364 226.82 249.15 226.156 249.15C225.46 249.15 224.926 249.376 224.554 249.828C224.186 250.28 224.002 250.924 224.002 251.76C224.002 252.576 224.186 253.21 224.554 253.662C224.926 254.11 225.452 254.334 226.132 254.334C226.596 254.334 227 254.228 227.344 254.016C227.692 253.8 227.966 253.49 228.166 253.086L228.988 253.404C228.732 253.968 228.354 254.406 227.854 254.718C227.358 255.026 226.796 255.18 226.168 255.18ZM223.69 252.006V251.268H228.64V252.006H223.69ZM237.936 255.18C237.284 255.18 236.732 255.034 236.28 254.742C235.828 254.45 235.484 254.048 235.248 253.536C235.016 253.02 234.896 252.428 234.888 251.76C234.896 251.08 235.02 250.484 235.26 249.972C235.5 249.456 235.846 249.056 236.298 248.772C236.75 248.484 237.298 248.34 237.942 248.34C238.598 248.34 239.168 248.5 239.652 248.82C240.14 249.14 240.474 249.578 240.654 250.134L239.79 250.41C239.638 250.022 239.396 249.722 239.064 249.51C238.736 249.294 238.36 249.186 237.936 249.186C237.46 249.186 237.066 249.296 236.754 249.516C236.442 249.732 236.21 250.034 236.058 250.422C235.906 250.81 235.828 251.256 235.824 251.76C235.832 252.536 236.012 253.16 236.364 253.632C236.716 254.1 237.24 254.334 237.936 254.334C238.376 254.334 238.75 254.234 239.058 254.034C239.37 253.83 239.606 253.534 239.766 253.146L240.654 253.41C240.414 253.986 240.062 254.426 239.598 254.73C239.134 255.03 238.58 255.18 237.936 255.18ZM244.686 255V249.336H242.388V248.52H247.866V249.336H245.568V255H244.686ZM251.83 255.18C251.342 255.18 250.932 255.092 250.6 254.916C250.272 254.74 250.026 254.506 249.862 254.214C249.698 253.922 249.616 253.604 249.616 253.26C249.616 252.908 249.686 252.608 249.826 252.36C249.97 252.108 250.164 251.902 250.408 251.742C250.656 251.582 250.942 251.46 251.266 251.376C251.594 251.296 251.956 251.226 252.352 251.166C252.752 251.102 253.142 251.048 253.522 251.004C253.906 250.956 254.242 250.91 254.53 250.866L254.218 251.058C254.23 250.418 254.106 249.944 253.846 249.636C253.586 249.328 253.134 249.174 252.49 249.174C252.046 249.174 251.67 249.274 251.362 249.474C251.058 249.674 250.844 249.99 250.72 250.422L249.862 250.17C250.01 249.59 250.308 249.14 250.756 248.82C251.204 248.5 251.786 248.34 252.502 248.34C253.094 248.34 253.596 248.452 254.008 248.676C254.424 248.896 254.718 249.216 254.89 249.636C254.97 249.824 255.022 250.034 255.046 250.266C255.07 250.498 255.082 250.734 255.082 250.974V255H254.296V253.374L254.524 253.47C254.304 254.026 253.962 254.45 253.498 254.742C253.034 255.034 252.478 255.18 251.83 255.18ZM251.932 254.418C252.344 254.418 252.704 254.344 253.012 254.196C253.32 254.048 253.568 253.846 253.756 253.59C253.944 253.33 254.066 253.038 254.122 252.714C254.17 252.506 254.196 252.278 254.2 252.03C254.204 251.778 254.206 251.59 254.206 251.466L254.542 251.64C254.242 251.68 253.916 251.72 253.564 251.76C253.216 251.8 252.872 251.846 252.532 251.898C252.196 251.95 251.892 252.012 251.62 252.084C251.436 252.136 251.258 252.21 251.086 252.306C250.914 252.398 250.772 252.522 250.66 252.678C250.552 252.834 250.498 253.028 250.498 253.26C250.498 253.448 250.544 253.63 250.636 253.806C250.732 253.982 250.884 254.128 251.092 254.244C251.304 254.36 251.584 254.418 251.932 254.418ZM257.838 255V248.52H258.72V251.334H262.374V248.52H263.256V255H262.374V252.18H258.72V255H257.838ZM265.654 256.44V254.244C266.022 254.244 266.286 254.126 266.446 253.89C266.606 253.65 266.736 253.268 266.836 252.744C266.904 252.404 266.96 252.038 267.004 251.646C267.048 251.254 267.086 250.806 267.118 250.302C267.15 249.794 267.18 249.2 267.208 248.52H271.492V254.244H272.116V256.44H271.264V255H266.5V256.44H265.654ZM267.148 254.244H270.616V249.276H268.024C268.012 249.58 267.994 249.902 267.97 250.242C267.95 250.582 267.924 250.922 267.892 251.262C267.864 251.602 267.83 251.922 267.79 252.222C267.754 252.518 267.71 252.778 267.658 253.002C267.598 253.29 267.532 253.536 267.46 253.74C267.392 253.944 267.288 254.112 267.148 254.244ZM276.371 255.18C275.883 255.18 275.473 255.092 275.141 254.916C274.813 254.74 274.567 254.506 274.403 254.214C274.239 253.922 274.157 253.604 274.157 253.26C274.157 252.908 274.227 252.608 274.367 252.36C274.511 252.108 274.705 251.902 274.949 251.742C275.197 251.582 275.483 251.46 275.807 251.376C276.135 251.296 276.497 251.226 276.893 251.166C277.293 251.102 277.683 251.048 278.063 251.004C278.447 250.956 278.783 250.91 279.071 250.866L278.759 251.058C278.771 250.418 278.647 249.944 278.387 249.636C278.127 249.328 277.675 249.174 277.031 249.174C276.587 249.174 276.211 249.274 275.903 249.474C275.599 249.674 275.385 249.99 275.261 250.422L274.403 250.17C274.551 249.59 274.849 249.14 275.297 248.82C275.745 248.5 276.327 248.34 277.043 248.34C277.635 248.34 278.137 248.452 278.549 248.676C278.965 248.896 279.259 249.216 279.431 249.636C279.511 249.824 279.563 250.034 279.587 250.266C279.611 250.498 279.623 250.734 279.623 250.974V255H278.837V253.374L279.065 253.47C278.845 254.026 278.503 254.45 278.039 254.742C277.575 255.034 277.019 255.18 276.371 255.18ZM276.473 254.418C276.885 254.418 277.245 254.344 277.553 254.196C277.861 254.048 278.109 253.846 278.297 253.59C278.485 253.33 278.607 253.038 278.663 252.714C278.711 252.506 278.737 252.278 278.741 252.03C278.745 251.778 278.747 251.59 278.747 251.466L279.083 251.64C278.783 251.68 278.457 251.72 278.105 251.76C277.757 251.8 277.413 251.846 277.073 251.898C276.737 251.95 276.433 252.012 276.161 252.084C275.977 252.136 275.799 252.21 275.627 252.306C275.455 252.398 275.313 252.522 275.201 252.678C275.093 252.834 275.039 253.028 275.039 253.26C275.039 253.448 275.085 253.63 275.177 253.806C275.273 253.982 275.425 254.128 275.633 254.244C275.845 254.36 276.125 254.418 276.473 254.418ZM285.295 255.18C284.699 255.18 284.195 255.03 283.783 254.73C283.371 254.426 283.059 254.016 282.847 253.5C282.635 252.98 282.529 252.398 282.529 251.754C282.529 251.098 282.635 250.514 282.847 250.002C283.063 249.486 283.379 249.08 283.795 248.784C284.211 248.488 284.723 248.34 285.331 248.34C285.923 248.34 286.431 248.49 286.855 248.79C287.279 249.09 287.603 249.498 287.827 250.014C288.055 250.53 288.169 251.11 288.169 251.754C288.169 252.402 288.055 252.984 287.827 253.5C287.599 254.016 287.271 254.426 286.843 254.73C286.415 255.03 285.899 255.18 285.295 255.18ZM282.379 257.88V248.52H283.171V253.398H283.267V257.88H282.379ZM285.205 254.358C285.657 254.358 286.033 254.244 286.333 254.016C286.633 253.788 286.857 253.478 287.005 253.086C287.157 252.69 287.233 252.246 287.233 251.754C287.233 251.266 287.159 250.826 287.011 250.434C286.863 250.042 286.637 249.732 286.333 249.504C286.033 249.276 285.651 249.162 285.187 249.162C284.735 249.162 284.359 249.272 284.059 249.492C283.763 249.712 283.541 250.018 283.393 250.41C283.245 250.798 283.171 251.246 283.171 251.754C283.171 252.254 283.245 252.702 283.393 253.098C283.541 253.49 283.765 253.798 284.065 254.022C284.365 254.246 284.745 254.358 285.205 254.358ZM292.445 255V249.336H290.147V248.52H295.625V249.336H293.327V255H292.445ZM297.963 255V248.52H298.845V251.334H302.499V248.52H303.381V255H302.499V252.18H298.845V255H297.963ZM308.965 255.18C308.321 255.18 307.771 255.034 307.315 254.742C306.859 254.45 306.509 254.046 306.265 253.53C306.021 253.014 305.899 252.422 305.899 251.754C305.899 251.074 306.023 250.478 306.271 249.966C306.519 249.454 306.871 249.056 307.327 248.772C307.787 248.484 308.333 248.34 308.965 248.34C309.613 248.34 310.165 248.486 310.621 248.778C311.081 249.066 311.431 249.468 311.671 249.984C311.915 250.496 312.037 251.086 312.037 251.754C312.037 252.434 311.915 253.032 311.671 253.548C311.427 254.06 311.075 254.46 310.615 254.748C310.155 255.036 309.605 255.18 308.965 255.18ZM308.965 254.334C309.685 254.334 310.221 254.096 310.573 253.62C310.925 253.14 311.101 252.518 311.101 251.754C311.101 250.97 310.923 250.346 310.567 249.882C310.215 249.418 309.681 249.186 308.965 249.186C308.481 249.186 308.081 249.296 307.765 249.516C307.453 249.732 307.219 250.034 307.063 250.422C306.911 250.806 306.835 251.25 306.835 251.754C306.835 252.534 307.015 253.16 307.375 253.632C307.735 254.1 308.265 254.334 308.965 254.334ZM317.248 247.752C316.964 247.752 316.704 247.682 316.468 247.542C316.232 247.402 316.044 247.216 315.904 246.984C315.768 246.748 315.7 246.488 315.7 246.204H316.432C316.432 246.428 316.512 246.62 316.672 246.78C316.832 246.94 317.024 247.02 317.248 247.02C317.476 247.02 317.668 246.94 317.824 246.78C317.984 246.62 318.064 246.428 318.064 246.204H318.796C318.796 246.488 318.726 246.748 318.586 246.984C318.45 247.216 318.264 247.402 318.028 247.542C317.792 247.682 317.532 247.752 317.248 247.752ZM319.708 248.52V255H318.85V249.954L315.298 255H314.554V248.52H315.412V253.524L318.97 248.52H319.708Z" fill="#707070"/>
<path d="M366 247.5L371 252.5L376 247.5" stroke="#707070" stroke-linecap="round" stroke-linejoin="round"/>
<line x1="20.5" y1="287.5" x2="385.5" y2="287.5" stroke="#212121" stroke-linecap="round" stroke-dasharray="6 6"/>
<g filter="url(#filter0_ii_5403_3975)">
<rect x="20" y="308" width="36" height="18" rx="9" fill="#292929"/>
</g>
<rect x="24.05" y="312.05" width="27.9" height="9.9" rx="4.95" fill="#070709" stroke="url(#paint2_linear_5403_3975)" stroke-width="0.1"/>
<g filter="url(#filter1_i_5403_3975)">
<rect x="25" y="313" width="26" height="8" rx="4" fill="url(#paint3_radial_5403_3975)"/>
<rect x="25" y="313" width="26" height="8" rx="4" fill="url(#paint4_radial_5403_3975)"/>
</g>
<g filter="url(#filter2_i_5403_3975)">
<rect x="22" y="310" width="23" height="14" rx="7" fill="url(#paint5_linear_5403_3975)"/>
<rect x="22" y="310" width="23" height="14" rx="7" fill="url(#paint6_radial_5403_3975)"/>
<path d="M28 311.1C30.6899 311.1 32.9004 313.724 32.9004 317C32.9004 320.276 30.6899 322.9 28 322.9C25.3101 322.9 23.0996 320.276 23.0996 317C23.0996 313.724 25.3101 311.1 28 311.1Z" fill="url(#paint7_linear_5403_3975)" stroke="url(#paint8_linear_5403_3975)" stroke-width="0.2"/>
<path d="M39 311.1C41.6899 311.1 43.9004 313.724 43.9004 317C43.9004 320.276 41.6899 322.9 39 322.9C36.3101 322.9 34.0996 320.276 34.0996 317C34.0996 313.724 36.3101 311.1 39 311.1Z" fill="url(#paint9_linear_5403_3975)" stroke="url(#paint10_linear_5403_3975)" stroke-width="0.2"/>
</g>
<path d="M64.438 323.44V321.154C64.774 321.154 65.044 321.07 65.248 320.902C65.452 320.73 65.608 320.502 65.716 320.218C65.824 319.934 65.906 319.616 65.962 319.264C66.018 318.908 66.066 318.548 66.106 318.184C66.162 317.652 66.206 317.138 66.238 316.642C66.274 316.146 66.304 315.632 66.328 315.1C66.356 314.568 66.388 313.986 66.424 313.354L71.752 313.36V321.154H72.37V323.44H71.494V322H65.32V323.44H64.438ZM66.124 321.154H70.87V314.206L67.246 314.2C67.222 314.688 67.198 315.16 67.174 315.616C67.15 316.072 67.122 316.532 67.09 316.996C67.058 317.46 67.016 317.944 66.964 318.448C66.92 318.908 66.868 319.31 66.808 319.654C66.748 319.998 66.664 320.292 66.556 320.536C66.452 320.78 66.308 320.986 66.124 321.154ZM77.5937 322.18C76.9497 322.18 76.3997 322.034 75.9437 321.742C75.4877 321.45 75.1377 321.046 74.8937 320.53C74.6497 320.014 74.5277 319.422 74.5277 318.754C74.5277 318.074 74.6517 317.478 74.8997 316.966C75.1477 316.454 75.4997 316.056 75.9557 315.772C76.4157 315.484 76.9617 315.34 77.5937 315.34C78.2417 315.34 78.7937 315.486 79.2497 315.778C79.7097 316.066 80.0597 316.468 80.2997 316.984C80.5437 317.496 80.6657 318.086 80.6657 318.754C80.6657 319.434 80.5437 320.032 80.2997 320.548C80.0557 321.06 79.7037 321.46 79.2437 321.748C78.7837 322.036 78.2337 322.18 77.5937 322.18ZM77.5937 321.334C78.3137 321.334 78.8497 321.096 79.2017 320.62C79.5537 320.14 79.7297 319.518 79.7297 318.754C79.7297 317.97 79.5517 317.346 79.1957 316.882C78.8437 316.418 78.3097 316.186 77.5937 316.186C77.1097 316.186 76.7097 316.296 76.3937 316.516C76.0817 316.732 75.8477 317.034 75.6917 317.422C75.5397 317.806 75.4637 318.25 75.4637 318.754C75.4637 319.534 75.6437 320.16 76.0037 320.632C76.3637 321.1 76.8937 321.334 77.5937 321.334ZM83.1832 322V315.52H88.3372V322H87.4552V316.366H84.0652V322H83.1832ZM93.9273 322.18C93.2833 322.18 92.7333 322.034 92.2773 321.742C91.8213 321.45 91.4713 321.046 91.2273 320.53C90.9833 320.014 90.8613 319.422 90.8613 318.754C90.8613 318.074 90.9853 317.478 91.2333 316.966C91.4813 316.454 91.8333 316.056 92.2893 315.772C92.7493 315.484 93.2953 315.34 93.9273 315.34C94.5753 315.34 95.1273 315.486 95.5833 315.778C96.0433 316.066 96.3933 316.468 96.6333 316.984C96.8773 317.496 96.9993 318.086 96.9993 318.754C96.9993 319.434 96.8773 320.032 96.6333 320.548C96.3893 321.06 96.0373 321.46 95.5773 321.748C95.1173 322.036 94.5673 322.18 93.9273 322.18ZM93.9273 321.334C94.6473 321.334 95.1833 321.096 95.5353 320.62C95.8873 320.14 96.0633 319.518 96.0633 318.754C96.0633 317.97 95.8853 317.346 95.5293 316.882C95.1773 316.418 94.6433 316.186 93.9273 316.186C93.4433 316.186 93.0433 316.296 92.7273 316.516C92.4153 316.732 92.1813 317.034 92.0253 317.422C91.8733 317.806 91.7973 318.25 91.7973 318.754C91.7973 319.534 91.9773 320.16 92.3373 320.632C92.6973 321.1 93.2273 321.334 93.9273 321.334ZM98.9228 322V321.226C99.1628 321.27 99.3448 321.26 99.4688 321.196C99.5968 321.128 99.6908 321.016 99.7508 320.86C99.8108 320.7 99.8608 320.502 99.9008 320.266C99.9648 319.874 100.023 319.442 100.075 318.97C100.127 318.498 100.173 317.978 100.213 317.41C100.257 316.838 100.301 316.208 100.345 315.52H104.749V322H103.873V316.366H101.161C101.133 316.79 101.101 317.212 101.065 317.632C101.029 318.052 100.991 318.456 100.951 318.844C100.915 319.228 100.875 319.582 100.831 319.906C100.787 320.23 100.741 320.51 100.693 320.746C100.621 321.102 100.525 321.386 100.405 321.598C100.289 321.81 100.115 321.95 99.8828 322.018C99.6508 322.086 99.3308 322.08 98.9228 322ZM107.619 322V315.52H108.501V318.334H112.155V315.52H113.037V322H112.155V319.18H108.501V322H107.619ZM121.063 315.52V322H120.205V316.954L116.653 322H115.909V315.52H116.767V320.524L120.325 315.52H121.063ZM125.705 322V316.336H123.407V315.52H128.885V316.336H126.587V322H125.705ZM133.971 322.18C133.339 322.18 132.791 322.04 132.327 321.76C131.867 321.48 131.509 321.086 131.253 320.578C130.997 320.07 130.869 319.474 130.869 318.79C130.869 318.082 130.995 317.47 131.247 316.954C131.499 316.438 131.853 316.04 132.309 315.76C132.769 315.48 133.311 315.34 133.935 315.34C134.575 315.34 135.121 315.488 135.573 315.784C136.025 316.076 136.367 316.496 136.599 317.044C136.831 317.592 136.937 318.246 136.917 319.006H136.017V318.694C136.001 317.854 135.819 317.22 135.471 316.792C135.127 316.364 134.623 316.15 133.959 316.15C133.263 316.15 132.729 316.376 132.357 316.828C131.989 317.28 131.805 317.924 131.805 318.76C131.805 319.576 131.989 320.21 132.357 320.662C132.729 321.11 133.255 321.334 133.935 321.334C134.399 321.334 134.803 321.228 135.147 321.016C135.495 320.8 135.769 320.49 135.969 320.086L136.791 320.404C136.535 320.968 136.157 321.406 135.657 321.718C135.161 322.026 134.599 322.18 133.971 322.18ZM131.493 319.006V318.268H136.443V319.006H131.493ZM138.849 322V321.226C139.089 321.27 139.271 321.26 139.395 321.196C139.523 321.128 139.617 321.016 139.677 320.86C139.737 320.7 139.787 320.502 139.827 320.266C139.891 319.874 139.949 319.442 140.001 318.97C140.053 318.498 140.099 317.978 140.139 317.41C140.183 316.838 140.227 316.208 140.271 315.52H144.675V322H143.799V316.366H141.087C141.059 316.79 141.027 317.212 140.991 317.632C140.955 318.052 140.917 318.456 140.877 318.844C140.841 319.228 140.801 319.582 140.757 319.906C140.713 320.23 140.667 320.51 140.619 320.746C140.547 321.102 140.451 321.386 140.331 321.598C140.215 321.81 140.041 321.95 139.809 322.018C139.577 322.086 139.257 322.08 138.849 322ZM147.557 322L147.545 315.52H148.433V317.962H149.951C150.139 317.962 150.323 317.966 150.503 317.974C150.687 317.982 150.849 317.998 150.989 318.022C151.309 318.082 151.593 318.188 151.841 318.34C152.093 318.492 152.289 318.702 152.429 318.97C152.573 319.238 152.645 319.574 152.645 319.978C152.645 320.534 152.501 320.972 152.213 321.292C151.929 321.612 151.569 321.82 151.133 321.916C150.969 321.952 150.791 321.976 150.599 321.988C150.407 321.996 150.217 322 150.029 322H147.557ZM148.433 321.244H149.993C150.129 321.244 150.281 321.24 150.449 321.232C150.617 321.224 150.765 321.202 150.893 321.166C151.105 321.106 151.297 320.986 151.469 320.806C151.645 320.622 151.733 320.346 151.733 319.978C151.733 319.614 151.649 319.34 151.481 319.156C151.313 318.968 151.089 318.844 150.809 318.784C150.685 318.756 150.551 318.738 150.407 318.73C150.263 318.722 150.125 318.718 149.993 318.718H148.433V321.244ZM154.979 322V315.52H155.861V318.334H159.515V315.52H160.397V322H159.515V319.18H155.861V322H154.979ZM163.281 322L163.269 315.52H164.157V317.962H165.285C165.473 317.962 165.657 317.966 165.837 317.974C166.017 317.982 166.179 317.998 166.323 318.022C166.643 318.086 166.927 318.194 167.175 318.346C167.423 318.498 167.619 318.708 167.763 318.976C167.907 319.24 167.979 319.574 167.979 319.978C167.979 320.534 167.835 320.972 167.547 321.292C167.259 321.612 166.897 321.82 166.461 321.916C166.297 321.952 166.119 321.976 165.927 321.988C165.735 321.996 165.547 322 165.363 322H163.281ZM164.157 321.244H165.327C165.459 321.244 165.609 321.24 165.777 321.232C165.945 321.224 166.093 321.202 166.221 321.166C166.437 321.106 166.631 320.986 166.803 320.806C166.979 320.622 167.067 320.346 167.067 319.978C167.067 319.614 166.983 319.34 166.815 319.156C166.647 318.968 166.423 318.844 166.143 318.784C166.015 318.756 165.879 318.738 165.735 318.73C165.595 318.722 165.459 318.718 165.327 318.718H164.157V321.244ZM168.753 322V315.52H169.635V322H168.753ZM175.256 322.18C174.624 322.18 174.076 322.04 173.612 321.76C173.152 321.48 172.794 321.086 172.538 320.578C172.282 320.07 172.154 319.474 172.154 318.79C172.154 318.082 172.28 317.47 172.532 316.954C172.784 316.438 173.138 316.04 173.594 315.76C174.054 315.48 174.596 315.34 175.22 315.34C175.86 315.34 176.406 315.488 176.858 315.784C177.31 316.076 177.652 316.496 177.884 317.044C178.116 317.592 178.222 318.246 178.202 319.006H177.302V318.694C177.286 317.854 177.104 317.22 176.756 316.792C176.412 316.364 175.908 316.15 175.244 316.15C174.548 316.15 174.014 316.376 173.642 316.828C173.274 317.28 173.09 317.924 173.09 318.76C173.09 319.576 173.274 320.21 173.642 320.662C174.014 321.11 174.54 321.334 175.22 321.334C175.684 321.334 176.088 321.228 176.432 321.016C176.78 320.8 177.054 320.49 177.254 320.086L178.076 320.404C177.82 320.968 177.442 321.406 176.942 321.718C176.446 322.026 175.884 322.18 175.256 322.18ZM172.778 319.006V318.268H177.728V319.006H172.778ZM187.408 324.7V322.126C186.776 322.226 186.2 322.158 185.68 321.922C185.16 321.682 184.746 321.294 184.438 320.758C184.13 320.222 183.976 319.558 183.976 318.766C183.976 317.974 184.13 317.31 184.438 316.774C184.746 316.234 185.16 315.844 185.68 315.604C186.2 315.364 186.776 315.294 187.408 315.394V313.408H188.224V315.394C188.856 315.294 189.432 315.364 189.952 315.604C190.472 315.844 190.886 316.234 191.194 316.774C191.502 317.31 191.656 317.974 191.656 318.766C191.656 319.558 191.502 320.222 191.194 320.758C190.886 321.294 190.472 321.682 189.952 321.922C189.432 322.158 188.856 322.226 188.224 322.126V324.7H187.408ZM187.408 321.304V316.222C187.084 316.166 186.772 316.176 186.472 316.252C186.172 316.324 185.902 316.466 185.662 316.678C185.422 316.886 185.232 317.164 185.092 317.512C184.956 317.856 184.888 318.274 184.888 318.766C184.888 319.258 184.958 319.678 185.098 320.026C185.238 320.37 185.428 320.646 185.668 320.854C185.908 321.062 186.178 321.202 186.478 321.274C186.778 321.346 187.088 321.356 187.408 321.304ZM188.224 321.304C188.544 321.356 188.854 321.346 189.154 321.274C189.454 321.202 189.724 321.064 189.964 320.86C190.204 320.652 190.394 320.376 190.534 320.032C190.674 319.684 190.744 319.262 190.744 318.766C190.744 318.27 190.674 317.85 190.534 317.506C190.398 317.158 190.21 316.88 189.97 316.672C189.73 316.464 189.46 316.324 189.16 316.252C188.86 316.176 188.548 316.166 188.224 316.222V321.304ZM199.321 315.52V322H198.463V316.954L194.911 322H194.167V315.52H195.025V320.524L198.583 315.52H199.321ZM201.605 322V321.226C201.845 321.27 202.027 321.26 202.151 321.196C202.279 321.128 202.373 321.016 202.433 320.86C202.493 320.7 202.543 320.502 202.583 320.266C202.647 319.874 202.705 319.442 202.757 318.97C202.809 318.498 202.855 317.978 202.895 317.41C202.939 316.838 202.983 316.208 203.027 315.52H207.431V322H206.555V316.366H203.843C203.815 316.79 203.783 317.212 203.747 317.632C203.711 318.052 203.673 318.456 203.633 318.844C203.597 319.228 203.557 319.582 203.513 319.906C203.469 320.23 203.423 320.51 203.375 320.746C203.303 321.102 203.207 321.386 203.087 321.598C202.971 321.81 202.797 321.95 202.565 322.018C202.333 322.086 202.013 322.08 201.605 322ZM210.313 322L210.301 315.52H211.189V317.962H212.707C212.895 317.962 213.079 317.966 213.259 317.974C213.443 317.982 213.605 317.998 213.745 318.022C214.065 318.082 214.349 318.188 214.597 318.34C214.849 318.492 215.045 318.702 215.185 318.97C215.329 319.238 215.401 319.574 215.401 319.978C215.401 320.534 215.257 320.972 214.969 321.292C214.685 321.612 214.325 321.82 213.889 321.916C213.725 321.952 213.547 321.976 213.355 321.988C213.163 321.996 212.973 322 212.785 322H210.313ZM211.189 321.244H212.749C212.885 321.244 213.037 321.24 213.205 321.232C213.373 321.224 213.521 321.202 213.649 321.166C213.861 321.106 214.053 320.986 214.225 320.806C214.401 320.622 214.489 320.346 214.489 319.978C214.489 319.614 214.405 319.34 214.237 319.156C214.069 318.968 213.845 318.844 213.565 318.784C213.441 318.756 213.307 318.738 213.163 318.73C213.019 318.722 212.881 318.718 212.749 318.718H211.189V321.244ZM219.675 322V316.336H217.377V315.52H222.855V316.336H220.557V322H219.675ZM228.109 322.18C227.513 322.18 227.009 322.03 226.597 321.73C226.185 321.426 225.873 321.016 225.661 320.5C225.449 319.98 225.343 319.398 225.343 318.754C225.343 318.098 225.449 317.514 225.661 317.002C225.877 316.486 226.193 316.08 226.609 315.784C227.025 315.488 227.537 315.34 228.145 315.34C228.737 315.34 229.245 315.49 229.669 315.79C230.093 316.09 230.417 316.498 230.641 317.014C230.869 317.53 230.983 318.11 230.983 318.754C230.983 319.402 230.869 319.984 230.641 320.5C230.413 321.016 230.085 321.426 229.657 321.73C229.229 322.03 228.713 322.18 228.109 322.18ZM225.193 324.88V315.52H225.985V320.398H226.081V324.88H225.193ZM228.019 321.358C228.471 321.358 228.847 321.244 229.147 321.016C229.447 320.788 229.671 320.478 229.819 320.086C229.971 319.69 230.047 319.246 230.047 318.754C230.047 318.266 229.973 317.826 229.825 317.434C229.677 317.042 229.451 316.732 229.147 316.504C228.847 316.276 228.465 316.162 228.001 316.162C227.549 316.162 227.173 316.272 226.873 316.492C226.577 316.712 226.355 317.018 226.207 317.41C226.059 317.798 225.985 318.246 225.985 318.754C225.985 319.254 226.059 319.702 226.207 320.098C226.355 320.49 226.579 320.798 226.879 321.022C227.179 321.246 227.559 321.358 228.019 321.358ZM233.507 322L233.495 315.52H234.383V317.962H235.511C235.699 317.962 235.883 317.966 236.063 317.974C236.243 317.982 236.405 317.998 236.549 318.022C236.869 318.086 237.153 318.194 237.401 318.346C237.649 318.498 237.845 318.708 237.989 318.976C238.133 319.24 238.205 319.574 238.205 319.978C238.205 320.534 238.061 320.972 237.773 321.292C237.485 321.612 237.123 321.82 236.687 321.916C236.523 321.952 236.345 321.976 236.153 321.988C235.961 321.996 235.773 322 235.589 322H233.507ZM234.383 321.244H235.553C235.685 321.244 235.835 321.24 236.003 321.232C236.171 321.224 236.319 321.202 236.447 321.166C236.663 321.106 236.857 320.986 237.029 320.806C237.205 320.622 237.293 320.346 237.293 319.978C237.293 319.614 237.209 319.34 237.041 319.156C236.873 318.968 236.649 318.844 236.369 318.784C236.241 318.756 236.105 318.738 235.961 318.73C235.821 318.722 235.685 318.718 235.553 318.718H234.383V321.244ZM238.979 322V315.52H239.861V322H238.979Z" fill="#B4B4B4"/>
<path d="M21.12 360.228H22.296V364.54H24.018L26.09 360.228H27.336L25.474 364.092C25.3153 364.419 25.166 364.647 25.026 364.778C24.886 364.899 24.732 364.974 24.564 365.002V365.072C24.7693 365.119 24.942 365.217 25.082 365.366C25.222 365.506 25.376 365.767 25.544 366.15L26.804 368.978H27.714V370H26.832C26.552 370 26.3047 369.921 26.09 369.762C25.8753 369.594 25.6887 369.328 25.53 368.964L24.018 365.548H22.296V370H21.12V360.228ZM36.5285 370L35.7025 367.214H32.2725L31.4465 370H30.2285L33.2245 360.228H34.7785L37.7745 370H36.5285ZM34.0505 361.474H33.9245L32.5525 366.192H35.4225L34.0505 361.474ZM40.7091 360.228H41.8851V364.54H43.6071L45.6791 360.228H46.9251L45.0631 364.092C44.9044 364.419 44.7551 364.647 44.6151 364.778C44.4751 364.899 44.3211 364.974 44.1531 365.002V365.072C44.3584 365.119 44.5311 365.217 44.6711 365.366C44.8111 365.506 44.9651 365.767 45.1331 366.15L46.3931 368.978H47.3031V370H46.4211C46.1411 370 45.8937 369.921 45.6791 369.762C45.4644 369.594 45.2777 369.328 45.1191 368.964L43.6071 365.548H41.8851V370H40.7091V360.228ZM53.5836 370.168C52.9863 370.168 52.4729 370.056 52.0436 369.832C51.6143 369.599 51.2596 369.267 50.9796 368.838C50.6996 368.409 50.4943 367.881 50.3636 367.256C50.2329 366.631 50.1676 365.917 50.1676 365.114C50.1676 364.321 50.2329 363.611 50.3636 362.986C50.4943 362.351 50.6996 361.819 50.9796 361.39C51.2596 360.961 51.6143 360.634 52.0436 360.41C52.4729 360.177 52.9863 360.06 53.5836 360.06C54.1809 360.06 54.6943 360.177 55.1236 360.41C55.5529 360.634 55.9076 360.961 56.1876 361.39C56.4676 361.819 56.6729 362.351 56.8036 362.986C56.9343 363.611 56.9996 364.321 56.9996 365.114C56.9996 365.917 56.9343 366.631 56.8036 367.256C56.6729 367.881 56.4676 368.409 56.1876 368.838C55.9076 369.267 55.5529 369.599 55.1236 369.832C54.6943 370.056 54.1809 370.168 53.5836 370.168ZM53.5836 369.146C53.9756 369.146 54.3069 369.071 54.5776 368.922C54.8483 368.763 55.0723 368.544 55.2496 368.264C55.4269 367.984 55.5529 367.648 55.6276 367.256C55.7116 366.855 55.7536 366.407 55.7536 365.912V364.316C55.7536 363.831 55.7116 363.387 55.6276 362.986C55.5529 362.585 55.4269 362.244 55.2496 361.964C55.0723 361.684 54.8483 361.469 54.5776 361.32C54.3069 361.161 53.9756 361.082 53.5836 361.082C53.1916 361.082 52.8603 361.161 52.5896 361.32C52.3189 361.469 52.0949 361.684 51.9176 361.964C51.7403 362.244 51.6096 362.585 51.5256 362.986C51.4509 363.387 51.4136 363.831 51.4136 364.316V365.912C51.4136 366.407 51.4509 366.855 51.5256 367.256C51.6096 367.648 51.7403 367.984 51.9176 368.264C52.0949 368.544 52.3189 368.763 52.5896 368.922C52.8603 369.071 53.1916 369.146 53.5836 369.146ZM60.2981 360.228H61.4741V365.156L61.2781 367.984H61.3481L65.3381 360.228H66.4581V370H65.2821V365.072L65.4781 362.244H65.4081L61.4181 370H60.2981V360.228ZM63.3781 359.29C62.9021 359.29 62.5148 359.187 62.2161 358.982C61.9175 358.767 61.6561 358.436 61.4321 357.988L61.0401 357.19L62.0481 356.868L62.6081 358.352C62.7108 358.389 62.8368 358.413 62.9861 358.422C63.1355 358.431 63.2661 358.436 63.3781 358.436C63.4901 358.436 63.6208 358.431 63.7701 358.422C63.9195 358.413 64.0455 358.389 64.1481 358.352L64.7081 356.868L65.7161 357.19L65.3241 357.988C65.1001 358.436 64.8388 358.767 64.5401 358.982C64.2415 359.187 63.8541 359.29 63.3781 359.29ZM83.5552 361.25V370H82.3792V361.25H79.1172V360.228H86.8172V361.25H83.5552ZM89.6817 360.228H90.8577V365.156L90.6617 367.984H90.7317L94.7217 360.228H95.8417V370H94.6657V365.072L94.8617 362.244H94.7917L90.8017 370H89.6817V360.228ZM99.5182 360.228H105.594V370H104.418V361.25H100.694V370H99.5182V360.228ZM121.557 369.146C120.979 369.109 120.484 368.983 120.073 368.768C119.672 368.544 119.336 368.255 119.065 367.9C118.804 367.536 118.613 367.121 118.491 366.654C118.37 366.178 118.309 365.669 118.309 365.128C118.309 364.587 118.37 364.083 118.491 363.616C118.613 363.14 118.804 362.725 119.065 362.37C119.336 362.006 119.672 361.717 120.073 361.502C120.484 361.278 120.979 361.147 121.557 361.11V359.85H122.733V361.11C123.303 361.147 123.793 361.278 124.203 361.502C124.614 361.717 124.95 362.006 125.211 362.37C125.482 362.725 125.678 363.14 125.799 363.616C125.921 364.083 125.981 364.587 125.981 365.128C125.981 365.669 125.921 366.178 125.799 366.654C125.678 367.121 125.482 367.536 125.211 367.9C124.95 368.255 124.614 368.544 124.203 368.768C123.793 368.983 123.303 369.109 122.733 369.146V370.406H121.557V369.146ZM121.585 362.104C120.848 362.179 120.321 362.44 120.003 362.888C119.686 363.327 119.527 363.882 119.527 364.554V365.702C119.527 366.374 119.686 366.934 120.003 367.382C120.321 367.821 120.848 368.077 121.585 368.152V362.104ZM122.705 368.152C123.443 368.077 123.97 367.821 124.287 367.382C124.605 366.934 124.763 366.374 124.763 365.702V364.554C124.763 363.882 124.605 363.327 124.287 362.888C123.97 362.44 123.443 362.179 122.705 362.104V368.152ZM134.474 370L133.648 367.214H130.218L129.392 370H128.174L131.17 360.228H132.724L135.72 370H134.474ZM131.996 361.474H131.87L130.498 366.192H133.368L131.996 361.474ZM138.654 360.228H139.83V365.156L139.634 367.984H139.704L143.694 360.228H144.814V370H143.638V365.072L143.834 362.244H143.764L139.774 370H138.654V360.228ZM141.734 359.29C141.258 359.29 140.871 359.187 140.572 358.982C140.274 358.767 140.012 358.436 139.788 357.988L139.396 357.19L140.404 356.868L140.964 358.352C141.067 358.389 141.193 358.413 141.342 358.422C141.492 358.431 141.622 358.436 141.734 358.436C141.846 358.436 141.977 358.431 142.126 358.422C142.276 358.413 142.402 358.389 142.504 358.352L143.064 356.868L144.072 357.19L143.68 357.988C143.456 358.436 143.195 358.767 142.896 358.982C142.598 359.187 142.21 359.29 141.734 359.29ZM153.447 361.25H150.703V363.014C150.703 364.022 150.67 364.885 150.605 365.604C150.549 366.323 150.465 366.929 150.353 367.424C150.241 367.919 150.101 368.325 149.933 368.642C149.765 368.959 149.574 369.225 149.359 369.44C149.163 369.636 148.944 369.781 148.701 369.874C148.458 369.958 148.169 370 147.833 370H147.399V368.978H148.337C148.552 368.773 148.734 368.525 148.883 368.236C149.042 367.937 149.168 367.559 149.261 367.102C149.364 366.635 149.438 366.066 149.485 365.394C149.532 364.722 149.555 363.901 149.555 362.93V360.228H154.623V370H153.447V361.25ZM161.323 370.168C160.726 370.168 160.213 370.056 159.783 369.832C159.354 369.599 158.999 369.267 158.719 368.838C158.439 368.409 158.234 367.881 158.103 367.256C157.973 366.631 157.907 365.917 157.907 365.114C157.907 364.321 157.973 363.611 158.103 362.986C158.234 362.351 158.439 361.819 158.719 361.39C158.999 360.961 159.354 360.634 159.783 360.41C160.213 360.177 160.726 360.06 161.323 360.06C161.921 360.06 162.434 360.177 162.863 360.41C163.293 360.634 163.647 360.961 163.927 361.39C164.207 361.819 164.413 362.351 164.543 362.986C164.674 363.611 164.739 364.321 164.739 365.114C164.739 365.917 164.674 366.631 164.543 367.256C164.413 367.881 164.207 368.409 163.927 368.838C163.647 369.267 163.293 369.599 162.863 369.832C162.434 370.056 161.921 370.168 161.323 370.168ZM161.323 369.146C161.715 369.146 162.047 369.071 162.317 368.922C162.588 368.763 162.812 368.544 162.989 368.264C163.167 367.984 163.293 367.648 163.367 367.256C163.451 366.855 163.493 366.407 163.493 365.912V364.316C163.493 363.831 163.451 363.387 163.367 362.986C163.293 362.585 163.167 362.244 162.989 361.964C162.812 361.684 162.588 361.469 162.317 361.32C162.047 361.161 161.715 361.082 161.323 361.082C160.931 361.082 160.6 361.161 160.329 361.32C160.059 361.469 159.835 361.684 159.657 361.964C159.48 362.244 159.349 362.585 159.265 362.986C159.191 363.387 159.153 363.831 159.153 364.316V365.912C159.153 366.407 159.191 366.855 159.265 367.256C159.349 367.648 159.48 367.984 159.657 368.264C159.835 368.544 160.059 368.763 160.329 368.922C160.6 369.071 160.931 369.146 161.323 369.146ZM168.15 360.228H171.468C172.308 360.228 172.966 360.457 173.442 360.914C173.918 361.371 174.156 361.983 174.156 362.748C174.156 363.336 174.011 363.798 173.722 364.134C173.442 364.47 173.078 364.708 172.63 364.848V364.89C173.181 365.021 173.633 365.268 173.988 365.632C174.343 365.987 174.52 366.505 174.52 367.186C174.52 367.578 174.455 367.947 174.324 368.292C174.193 368.637 174.007 368.936 173.764 369.188C173.531 369.44 173.251 369.641 172.924 369.79C172.607 369.93 172.261 370 171.888 370H168.15V360.228ZM171.538 368.978C172.079 368.978 172.504 368.857 172.812 368.614C173.12 368.371 173.274 367.998 173.274 367.494V366.92C173.274 366.425 173.12 366.057 172.812 365.814C172.504 365.562 172.079 365.436 171.538 365.436H169.326V368.978H171.538ZM171.342 364.47C171.837 364.47 172.224 364.363 172.504 364.148C172.784 363.924 172.924 363.588 172.924 363.14V362.594C172.924 362.146 172.784 361.81 172.504 361.586C172.224 361.362 171.837 361.25 171.342 361.25H169.326V364.47H171.342ZM187.627 360.228H188.803V365.156L188.607 367.984H188.677L192.667 360.228H193.787V370H192.611V365.072L192.807 362.244H192.737L188.747 370H187.627V360.228ZM200.824 370.168C199.629 370.168 198.738 369.734 198.15 368.866C197.571 367.998 197.282 366.747 197.282 365.114C197.282 363.481 197.571 362.23 198.15 361.362C198.738 360.494 199.629 360.06 200.824 360.06C201.272 360.06 201.659 360.121 201.986 360.242C202.312 360.363 202.592 360.527 202.826 360.732C203.059 360.937 203.255 361.171 203.414 361.432C203.572 361.684 203.712 361.941 203.834 362.202L202.826 362.664C202.742 362.449 202.644 362.249 202.532 362.062C202.42 361.866 202.284 361.698 202.126 361.558C201.976 361.409 201.794 361.292 201.58 361.208C201.374 361.124 201.122 361.082 200.824 361.082C200.049 361.082 199.47 361.376 199.088 361.964C198.714 362.552 198.528 363.336 198.528 364.316V365.912C198.528 366.892 198.714 367.676 199.088 368.264C199.47 368.852 200.049 369.146 200.824 369.146C201.122 369.146 201.374 369.104 201.58 369.02C201.794 368.936 201.976 368.824 202.126 368.684C202.284 368.535 202.42 368.367 202.532 368.18C202.644 367.984 202.742 367.779 202.826 367.564L203.834 368.026C203.712 368.297 203.572 368.558 203.414 368.81C203.255 369.062 203.059 369.291 202.826 369.496C202.592 369.701 202.312 369.865 201.986 369.986C201.659 370.107 201.272 370.168 200.824 370.168ZM207.216 360.228H208.392V364.54H210.114L212.186 360.228H213.432L211.57 364.092C211.411 364.419 211.262 364.647 211.122 364.778C210.982 364.899 210.828 364.974 210.66 365.002V365.072C210.865 365.119 211.038 365.217 211.178 365.366C211.318 365.506 211.472 365.767 211.64 366.15L212.9 368.978H213.81V370H212.928C212.648 370 212.401 369.921 212.186 369.762C211.971 369.594 211.785 369.328 211.626 368.964L210.114 365.548H208.392V370H207.216V360.228ZM222.625 370L221.799 367.214H218.369L217.543 370H216.325L219.321 360.228H220.875L223.871 370H222.625ZM220.147 361.474H220.021L218.649 366.192H221.519L220.147 361.474ZM230.473 361.25V370H229.297V361.25H226.035V360.228H233.735V361.25H230.473ZM236.768 360.228H237.944V364.148H240.338C241.215 364.148 241.887 364.4 242.354 364.904C242.83 365.408 243.068 366.131 243.068 367.074C243.068 368.017 242.83 368.74 242.354 369.244C241.887 369.748 241.215 370 240.338 370H236.768V360.228ZM240.31 368.978C240.776 368.978 241.145 368.857 241.416 368.614C241.686 368.362 241.822 367.97 241.822 367.438V366.71C241.822 366.178 241.686 365.791 241.416 365.548C241.145 365.296 240.776 365.17 240.31 365.17H237.944V368.978H240.31ZM248.62 366.99V364.792C249.423 364.755 250.053 364.582 250.51 364.274C250.968 363.957 251.196 363.481 251.196 362.846V362.65C251.196 362.127 251.038 361.735 250.72 361.474C250.412 361.213 249.988 361.082 249.446 361.082C248.886 361.082 248.438 361.236 248.102 361.544C247.766 361.852 247.533 362.244 247.402 362.72L246.352 362.328C246.446 362.02 246.576 361.731 246.744 361.46C246.912 361.18 247.122 360.937 247.374 360.732C247.636 360.527 247.939 360.363 248.284 360.242C248.639 360.121 249.04 360.06 249.488 360.06C249.936 360.06 250.338 360.125 250.692 360.256C251.056 360.377 251.364 360.555 251.616 360.788C251.868 361.012 252.064 361.287 252.204 361.614C252.344 361.941 252.414 362.305 252.414 362.706C252.414 363.145 252.335 363.532 252.176 363.868C252.018 364.195 251.812 364.475 251.56 364.708C251.308 364.941 251.019 365.133 250.692 365.282C250.375 365.422 250.053 365.52 249.726 365.576V366.99H248.62ZM249.222 370.126C248.84 370.126 248.569 370.047 248.41 369.888C248.261 369.729 248.186 369.529 248.186 369.286V369.034C248.186 368.791 248.261 368.591 248.41 368.432C248.569 368.273 248.84 368.194 249.222 368.194C249.605 368.194 249.871 368.273 250.02 368.432C250.179 368.591 250.258 368.791 250.258 369.034V369.286C250.258 369.529 250.179 369.729 250.02 369.888C249.871 370.047 249.605 370.126 249.222 370.126Z" fill="#707070"/>
<rect x="20" y="391" width="12" height="12" rx="3" fill="#707070" fill-opacity="0.3"/>
<path d="M44.338 402.18C43.478 402.18 42.752 401.99 42.16 401.61C41.568 401.226 41.12 400.696 40.816 400.02C40.512 399.344 40.36 398.564 40.36 397.68C40.36 396.796 40.512 396.016 40.816 395.34C41.12 394.664 41.568 394.136 42.16 393.756C42.752 393.372 43.478 393.18 44.338 393.18C45.202 393.18 45.928 393.372 46.516 393.756C47.108 394.136 47.556 394.664 47.86 395.34C48.168 396.016 48.322 396.796 48.322 397.68C48.322 398.564 48.168 399.344 47.86 400.02C47.556 400.696 47.108 401.226 46.516 401.61C45.928 401.99 45.202 402.18 44.338 402.18ZM44.338 401.334C45.014 401.334 45.578 401.18 46.03 400.872C46.482 400.564 46.82 400.136 47.044 399.588C47.272 399.036 47.386 398.4 47.386 397.68C47.386 396.96 47.272 396.326 47.044 395.778C46.82 395.23 46.482 394.802 46.03 394.494C45.578 394.186 45.014 394.03 44.338 394.026C43.662 394.026 43.1 394.18 42.652 394.488C42.204 394.796 41.866 395.226 41.638 395.778C41.414 396.326 41.3 396.96 41.296 397.68C41.292 398.4 41.402 399.034 41.626 399.582C41.854 400.126 42.194 400.554 42.646 400.866C43.098 401.174 43.662 401.33 44.338 401.334ZM53.3216 402.186C52.7176 402.182 52.1996 402.05 51.7676 401.79C51.3356 401.53 50.9996 401.142 50.7596 400.626C50.5236 400.11 50.3956 399.466 50.3756 398.694C50.3636 398.354 50.3716 397.984 50.3996 397.584C50.4276 397.18 50.4716 396.796 50.5316 396.432C50.5916 396.068 50.6636 395.772 50.7476 395.544C50.8516 395.248 50.9996 394.972 51.1916 394.716C51.3876 394.456 51.6136 394.244 51.8696 394.08C52.1176 393.912 52.3976 393.782 52.7096 393.69C53.0256 393.594 53.3536 393.52 53.6936 393.468C54.0376 393.416 54.3776 393.37 54.7136 393.33C55.0536 393.29 55.3676 393.24 55.6556 393.18L55.7516 393.978C55.5316 394.022 55.2716 394.062 54.9716 394.098C54.6716 394.134 54.3576 394.178 54.0296 394.23C53.7016 394.278 53.3876 394.344 53.0876 394.428C52.7876 394.512 52.5316 394.622 52.3196 394.758C51.9956 394.954 51.7456 395.25 51.5696 395.646C51.3976 396.042 51.2916 396.496 51.2516 397.008C51.4996 396.62 51.8276 396.328 52.2356 396.132C52.6476 395.936 53.0936 395.838 53.5736 395.838C54.1576 395.838 54.6596 395.972 55.0796 396.24C55.5036 396.508 55.8296 396.88 56.0576 397.356C56.2856 397.832 56.3996 398.378 56.3996 398.994C56.3996 399.638 56.2736 400.2 56.0216 400.68C55.7736 401.16 55.4196 401.532 54.9596 401.796C54.4996 402.056 53.9536 402.186 53.3216 402.186ZM53.3876 401.34C54.0676 401.34 54.5836 401.128 54.9356 400.704C55.2916 400.28 55.4696 399.716 55.4696 399.012C55.4696 398.292 55.2856 397.724 54.9176 397.308C54.5536 396.892 54.0396 396.684 53.3756 396.684C52.7116 396.684 52.2016 396.892 51.8456 397.308C51.4896 397.724 51.3116 398.292 51.3116 399.012C51.3116 399.732 51.4896 400.3 51.8456 400.716C52.2016 401.132 52.7156 401.34 53.3876 401.34ZM58.9257 402L58.9137 395.52H59.8017V397.962H60.9297C61.1177 397.962 61.3017 397.966 61.4817 397.974C61.6617 397.982 61.8237 397.998 61.9677 398.022C62.2877 398.086 62.5717 398.194 62.8197 398.346C63.0677 398.498 63.2637 398.708 63.4077 398.976C63.5517 399.24 63.6237 399.574 63.6237 399.978C63.6237 400.534 63.4797 400.972 63.1917 401.292C62.9037 401.612 62.5417 401.82 62.1057 401.916C61.9417 401.952 61.7637 401.976 61.5717 401.988C61.3797 401.996 61.1917 402 61.0077 402H58.9257ZM59.8017 401.244H60.9717C61.1037 401.244 61.2537 401.24 61.4217 401.232C61.5897 401.224 61.7377 401.202 61.8657 401.166C62.0817 401.106 62.2757 400.986 62.4477 400.806C62.6237 400.622 62.7117 400.346 62.7117 399.978C62.7117 399.614 62.6277 399.34 62.4597 399.156C62.2917 398.968 62.0677 398.844 61.7877 398.784C61.6597 398.756 61.5237 398.738 61.3797 398.73C61.2397 398.722 61.1037 398.718 60.9717 398.718H59.8017V401.244ZM64.3977 402V395.52H65.2797V402H64.3977ZM72.1248 402V399.588C71.9088 399.696 71.6428 399.79 71.3268 399.87C71.0108 399.95 70.6708 399.99 70.3068 399.99C69.6508 399.99 69.1188 399.844 68.7108 399.552C68.3028 399.26 68.0368 398.838 67.9128 398.286C67.8728 398.122 67.8448 397.948 67.8288 397.764C67.8168 397.58 67.8088 397.414 67.8048 397.266C67.8008 397.118 67.7988 397.012 67.7988 396.948V395.52H68.6868V396.948C68.6868 397.08 68.6908 397.23 68.6988 397.398C68.7068 397.566 68.7248 397.73 68.7528 397.89C68.8328 398.326 69.0128 398.656 69.2928 398.88C69.5768 399.104 69.9748 399.216 70.4868 399.216C70.8068 399.216 71.1088 399.176 71.3928 399.096C71.6808 399.012 71.9248 398.9 72.1248 398.76V395.52H73.0068V402H72.1248ZM75.8801 402V395.52H76.7621V398.334H80.4161V395.52H81.2981V402H80.4161V399.18H76.7621V402H75.8801ZM84.1819 402L84.1699 395.52H85.0579V397.962H86.1859C86.3739 397.962 86.5579 397.966 86.7379 397.974C86.9179 397.982 87.0799 397.998 87.2239 398.022C87.5439 398.086 87.8279 398.194 88.0759 398.346C88.3239 398.498 88.5199 398.708 88.6639 398.976C88.8079 399.24 88.8799 399.574 88.8799 399.978C88.8799 400.534 88.7359 400.972 88.4479 401.292C88.1599 401.612 87.7979 401.82 87.3619 401.916C87.1979 401.952 87.0199 401.976 86.8279 401.988C86.6359 401.996 86.4479 402 86.2639 402H84.1819ZM85.0579 401.244H86.2279C86.3599 401.244 86.5099 401.24 86.6779 401.232C86.8459 401.224 86.9939 401.202 87.1219 401.166C87.3379 401.106 87.5319 400.986 87.7039 400.806C87.8799 400.622 87.9679 400.346 87.9679 399.978C87.9679 399.614 87.8839 399.34 87.7159 399.156C87.5479 398.968 87.3239 398.844 87.0439 398.784C86.9159 398.756 86.7799 398.738 86.6359 398.73C86.4959 398.722 86.3599 398.718 86.2279 398.718H85.0579V401.244ZM89.6539 402V395.52H90.5359V402H89.6539ZM96.157 402.18C95.525 402.18 94.977 402.04 94.513 401.76C94.053 401.48 93.695 401.086 93.439 400.578C93.183 400.07 93.055 399.474 93.055 398.79C93.055 398.082 93.181 397.47 93.433 396.954C93.685 396.438 94.039 396.04 94.495 395.76C94.955 395.48 95.497 395.34 96.121 395.34C96.761 395.34 97.307 395.488 97.759 395.784C98.211 396.076 98.553 396.496 98.785 397.044C99.017 397.592 99.123 398.246 99.103 399.006H98.203V398.694C98.187 397.854 98.005 397.22 97.657 396.792C97.313 396.364 96.809 396.15 96.145 396.15C95.449 396.15 94.915 396.376 94.543 396.828C94.175 397.28 93.991 397.924 93.991 398.76C93.991 399.576 94.175 400.21 94.543 400.662C94.915 401.11 95.441 401.334 96.121 401.334C96.585 401.334 96.989 401.228 97.333 401.016C97.681 400.8 97.955 400.49 98.155 400.086L98.977 400.404C98.721 400.968 98.343 401.406 97.843 401.718C97.347 402.026 96.785 402.18 96.157 402.18ZM93.679 399.006V398.268H98.629V399.006H93.679ZM105.231 402V395.52H110.385V402H109.503V396.366H106.113V402H105.231ZM115.975 402.18C115.331 402.18 114.781 402.034 114.325 401.742C113.869 401.45 113.519 401.046 113.275 400.53C113.031 400.014 112.909 399.422 112.909 398.754C112.909 398.074 113.033 397.478 113.281 396.966C113.529 396.454 113.881 396.056 114.337 395.772C114.797 395.484 115.343 395.34 115.975 395.34C116.623 395.34 117.175 395.486 117.631 395.778C118.091 396.066 118.441 396.468 118.681 396.984C118.925 397.496 119.047 398.086 119.047 398.754C119.047 399.434 118.925 400.032 118.681 400.548C118.437 401.06 118.085 401.46 117.625 401.748C117.165 402.036 116.615 402.18 115.975 402.18ZM115.975 401.334C116.695 401.334 117.231 401.096 117.583 400.62C117.935 400.14 118.111 399.518 118.111 398.754C118.111 397.97 117.933 397.346 117.577 396.882C117.225 396.418 116.691 396.186 115.975 396.186C115.491 396.186 115.091 396.296 114.775 396.516C114.463 396.732 114.229 397.034 114.073 397.422C113.921 397.806 113.845 398.25 113.845 398.754C113.845 399.534 114.025 400.16 114.385 400.632C114.745 401.1 115.275 401.334 115.975 401.334ZM124.258 402.18C123.606 402.18 123.054 402.034 122.602 401.742C122.15 401.45 121.806 401.048 121.57 400.536C121.338 400.02 121.218 399.428 121.21 398.76C121.218 398.08 121.342 397.484 121.582 396.972C121.822 396.456 122.168 396.056 122.62 395.772C123.072 395.484 123.62 395.34 124.264 395.34C124.92 395.34 125.49 395.5 125.974 395.82C126.462 396.14 126.796 396.578 126.976 397.134L126.112 397.41C125.96 397.022 125.718 396.722 125.386 396.51C125.058 396.294 124.682 396.186 124.258 396.186C123.782 396.186 123.388 396.296 123.076 396.516C122.764 396.732 122.532 397.034 122.38 397.422C122.228 397.81 122.15 398.256 122.146 398.76C122.154 399.536 122.334 400.16 122.686 400.632C123.038 401.1 123.562 401.334 124.258 401.334C124.698 401.334 125.072 401.234 125.38 401.034C125.692 400.83 125.928 400.534 126.088 400.146L126.976 400.41C126.736 400.986 126.384 401.426 125.92 401.73C125.456 402.03 124.902 402.18 124.258 402.18ZM131.009 402V396.336H128.711V395.52H134.189V396.336H131.891V402H131.009ZM136.539 402L136.527 395.52H137.415V397.962H138.543C138.731 397.962 138.915 397.966 139.095 397.974C139.275 397.982 139.437 397.998 139.581 398.022C139.901 398.086 140.185 398.194 140.433 398.346C140.681 398.498 140.877 398.708 141.021 398.976C141.165 399.24 141.237 399.574 141.237 399.978C141.237 400.534 141.093 400.972 140.805 401.292C140.517 401.612 140.155 401.82 139.719 401.916C139.555 401.952 139.377 401.976 139.185 401.988C138.993 401.996 138.805 402 138.621 402H136.539ZM137.415 401.244H138.585C138.717 401.244 138.867 401.24 139.035 401.232C139.203 401.224 139.351 401.202 139.479 401.166C139.695 401.106 139.889 400.986 140.061 400.806C140.237 400.622 140.325 400.346 140.325 399.978C140.325 399.614 140.241 399.34 140.073 399.156C139.905 398.968 139.681 398.844 139.401 398.784C139.273 398.756 139.137 398.738 138.993 398.73C138.853 398.722 138.717 398.718 138.585 398.718H137.415V401.244ZM142.011 402V395.52H142.893V402H142.011Z" fill="#B4B4B4"/>
<rect x="174" y="391" width="12" height="12" rx="3" fill="#707070" fill-opacity="0.3"/>
<path d="M194.84 402V393.36H198.176C198.26 393.36 198.354 393.364 198.458 393.372C198.566 393.376 198.674 393.388 198.782 393.408C199.234 393.476 199.616 393.634 199.928 393.882C200.244 394.126 200.482 394.434 200.642 394.806C200.806 395.178 200.888 395.59 200.888 396.042C200.888 396.694 200.716 397.26 200.372 397.74C200.028 398.22 199.536 398.522 198.896 398.646L198.59 398.718H195.722V402H194.84ZM200.072 402L198.368 398.484L199.214 398.16L201.086 402H200.072ZM195.722 397.878H198.152C198.224 397.878 198.308 397.874 198.404 397.866C198.5 397.858 198.594 397.844 198.686 397.824C198.982 397.76 199.224 397.638 199.412 397.458C199.604 397.278 199.746 397.064 199.838 396.816C199.934 396.568 199.982 396.31 199.982 396.042C199.982 395.774 199.934 395.516 199.838 395.268C199.746 395.016 199.604 394.8 199.412 394.62C199.224 394.44 198.982 394.318 198.686 394.254C198.594 394.234 198.5 394.222 198.404 394.218C198.308 394.21 198.224 394.206 198.152 394.206H195.722V397.878ZM206.352 402.18C205.72 402.18 205.172 402.04 204.708 401.76C204.248 401.48 203.89 401.086 203.634 400.578C203.378 400.07 203.25 399.474 203.25 398.79C203.25 398.082 203.376 397.47 203.628 396.954C203.88 396.438 204.234 396.04 204.69 395.76C205.15 395.48 205.692 395.34 206.316 395.34C206.956 395.34 207.502 395.488 207.954 395.784C208.406 396.076 208.748 396.496 208.98 397.044C209.212 397.592 209.318 398.246 209.298 399.006H208.398V398.694C208.382 397.854 208.2 397.22 207.852 396.792C207.508 396.364 207.004 396.15 206.34 396.15C205.644 396.15 205.11 396.376 204.738 396.828C204.37 397.28 204.186 397.924 204.186 398.76C204.186 399.576 204.37 400.21 204.738 400.662C205.11 401.11 205.636 401.334 206.316 401.334C206.78 401.334 207.184 401.228 207.528 401.016C207.876 400.8 208.15 400.49 208.35 400.086L209.172 400.404C208.916 400.968 208.538 401.406 208.038 401.718C207.542 402.026 206.98 402.18 206.352 402.18ZM203.874 399.006V398.268H208.824V399.006H203.874ZM214.572 402.18C213.94 402.18 213.392 402.04 212.928 401.76C212.468 401.48 212.11 401.086 211.854 400.578C211.598 400.07 211.47 399.474 211.47 398.79C211.47 398.082 211.596 397.47 211.848 396.954C212.1 396.438 212.454 396.04 212.91 395.76C213.37 395.48 213.912 395.34 214.536 395.34C215.176 395.34 215.722 395.488 216.174 395.784C216.626 396.076 216.968 396.496 217.2 397.044C217.432 397.592 217.538 398.246 217.518 399.006H216.618V398.694C216.602 397.854 216.42 397.22 216.072 396.792C215.728 396.364 215.224 396.15 214.56 396.15C213.864 396.15 213.33 396.376 212.958 396.828C212.59 397.28 212.406 397.924 212.406 398.76C212.406 399.576 212.59 400.21 212.958 400.662C213.33 401.11 213.856 401.334 214.536 401.334C215 401.334 215.404 401.228 215.748 401.016C216.096 400.8 216.37 400.49 216.57 400.086L217.392 400.404C217.136 400.968 216.758 401.406 216.258 401.718C215.762 402.026 215.2 402.18 214.572 402.18ZM212.094 399.006V398.268H217.044V399.006H212.094ZM220.169 402V393.18H221.051V402H220.169ZM226.468 402.174C225.708 402.174 225.082 402.01 224.59 401.682C224.102 401.354 223.802 400.898 223.69 400.314L224.59 400.164C224.686 400.532 224.904 400.826 225.244 401.046C225.588 401.262 226.012 401.37 226.516 401.37C227.008 401.37 227.396 401.268 227.68 401.064C227.964 400.856 228.106 400.574 228.106 400.218C228.106 400.018 228.06 399.856 227.968 399.732C227.88 399.604 227.698 399.486 227.422 399.378C227.146 399.27 226.734 399.142 226.186 398.994C225.598 398.834 225.138 398.674 224.806 398.514C224.474 398.354 224.238 398.17 224.098 397.962C223.958 397.75 223.888 397.492 223.888 397.188C223.888 396.82 223.992 396.498 224.2 396.222C224.408 395.942 224.696 395.726 225.064 395.574C225.432 395.418 225.86 395.34 226.348 395.34C226.836 395.34 227.272 395.42 227.656 395.58C228.044 395.736 228.356 395.956 228.592 396.24C228.828 396.524 228.968 396.854 229.012 397.23L228.112 397.392C228.052 397.012 227.862 396.712 227.542 396.492C227.226 396.268 226.824 396.152 226.336 396.144C225.876 396.132 225.502 396.22 225.214 396.408C224.926 396.592 224.782 396.838 224.782 397.146C224.782 397.318 224.834 397.466 224.938 397.59C225.042 397.71 225.23 397.824 225.502 397.932C225.778 398.04 226.17 398.158 226.678 398.286C227.274 398.438 227.742 398.598 228.082 398.766C228.422 398.934 228.664 399.132 228.808 399.36C228.952 399.588 229.024 399.87 229.024 400.206C229.024 400.818 228.796 401.3 228.34 401.652C227.888 402 227.264 402.174 226.468 402.174Z" fill="#B4B4B4"/>
<rect x="260" y="391" width="12" height="12" rx="3" fill="#707070" fill-opacity="0.3"/>
<path d="M280.84 402V393.36H281.722V397.44L285.664 393.36H286.792L282.766 397.53L287.122 402H285.97L281.722 397.68V402H280.84ZM291.019 402.18C290.531 402.18 290.121 402.092 289.789 401.916C289.461 401.74 289.215 401.506 289.051 401.214C288.887 400.922 288.805 400.604 288.805 400.26C288.805 399.908 288.875 399.608 289.015 399.36C289.159 399.108 289.353 398.902 289.597 398.742C289.845 398.582 290.131 398.46 290.455 398.376C290.783 398.296 291.145 398.226 291.541 398.166C291.941 398.102 292.331 398.048 292.711 398.004C293.095 397.956 293.431 397.91 293.719 397.866L293.407 398.058C293.419 397.418 293.295 396.944 293.035 396.636C292.775 396.328 292.323 396.174 291.679 396.174C291.235 396.174 290.859 396.274 290.551 396.474C290.247 396.674 290.033 396.99 289.909 397.422L289.051 397.17C289.199 396.59 289.497 396.14 289.945 395.82C290.393 395.5 290.975 395.34 291.691 395.34C292.283 395.34 292.785 395.452 293.197 395.676C293.613 395.896 293.907 396.216 294.079 396.636C294.159 396.824 294.211 397.034 294.235 397.266C294.259 397.498 294.271 397.734 294.271 397.974V402H293.485V400.374L293.713 400.47C293.493 401.026 293.151 401.45 292.687 401.742C292.223 402.034 291.667 402.18 291.019 402.18ZM291.121 401.418C291.533 401.418 291.893 401.344 292.201 401.196C292.509 401.048 292.757 400.846 292.945 400.59C293.133 400.33 293.255 400.038 293.311 399.714C293.359 399.506 293.385 399.278 293.389 399.03C293.393 398.778 293.395 398.59 293.395 398.466L293.731 398.64C293.431 398.68 293.105 398.72 292.753 398.76C292.405 398.8 292.061 398.846 291.721 398.898C291.385 398.95 291.081 399.012 290.809 399.084C290.625 399.136 290.447 399.21 290.275 399.306C290.103 399.398 289.961 399.522 289.849 399.678C289.741 399.834 289.687 400.028 289.687 400.26C289.687 400.448 289.733 400.63 289.825 400.806C289.921 400.982 290.073 401.128 290.281 401.244C290.493 401.36 290.773 401.418 291.121 401.418ZM299.943 402.18C299.347 402.18 298.843 402.03 298.431 401.73C298.019 401.426 297.707 401.016 297.495 400.5C297.283 399.98 297.177 399.398 297.177 398.754C297.177 398.098 297.283 397.514 297.495 397.002C297.711 396.486 298.027 396.08 298.443 395.784C298.859 395.488 299.371 395.34 299.979 395.34C300.571 395.34 301.079 395.49 301.503 395.79C301.927 396.09 302.251 396.498 302.475 397.014C302.703 397.53 302.817 398.11 302.817 398.754C302.817 399.402 302.703 399.984 302.475 400.5C302.247 401.016 301.919 401.426 301.491 401.73C301.063 402.03 300.547 402.18 299.943 402.18ZM297.027 404.88V395.52H297.819V400.398H297.915V404.88H297.027ZM299.853 401.358C300.305 401.358 300.681 401.244 300.981 401.016C301.281 400.788 301.505 400.478 301.653 400.086C301.805 399.69 301.881 399.246 301.881 398.754C301.881 398.266 301.807 397.826 301.659 397.434C301.511 397.042 301.285 396.732 300.981 396.504C300.681 396.276 300.299 396.162 299.835 396.162C299.383 396.162 299.007 396.272 298.707 396.492C298.411 396.712 298.189 397.018 298.041 397.41C297.893 397.798 297.819 398.246 297.819 398.754C297.819 399.254 297.893 399.702 298.041 400.098C298.189 400.49 298.413 400.798 298.713 401.022C299.013 401.246 299.393 401.358 299.853 401.358ZM306.024 404.88L307.278 401.478L307.296 402.486L304.458 395.52H305.394L307.722 401.346H307.338L309.486 395.52H310.386L306.906 404.88H306.024ZM315.082 402.18C314.43 402.18 313.878 402.034 313.426 401.742C312.974 401.45 312.63 401.048 312.394 400.536C312.162 400.02 312.042 399.428 312.034 398.76C312.042 398.08 312.166 397.484 312.406 396.972C312.646 396.456 312.992 396.056 313.444 395.772C313.896 395.484 314.444 395.34 315.088 395.34C315.744 395.34 316.314 395.5 316.798 395.82C317.286 396.14 317.62 396.578 317.8 397.134L316.936 397.41C316.784 397.022 316.542 396.722 316.21 396.51C315.882 396.294 315.506 396.186 315.082 396.186C314.606 396.186 314.212 396.296 313.9 396.516C313.588 396.732 313.356 397.034 313.204 397.422C313.052 397.81 312.974 398.256 312.97 398.76C312.978 399.536 313.158 400.16 313.51 400.632C313.862 401.1 314.386 401.334 315.082 401.334C315.522 401.334 315.896 401.234 316.204 401.034C316.516 400.83 316.752 400.534 316.912 400.146L317.8 400.41C317.56 400.986 317.208 401.426 316.744 401.73C316.28 402.03 315.726 402.18 315.082 402.18ZM322.98 402.18C322.348 402.18 321.8 402.04 321.336 401.76C320.876 401.48 320.518 401.086 320.262 400.578C320.006 400.07 319.878 399.474 319.878 398.79C319.878 398.082 320.004 397.47 320.256 396.954C320.508 396.438 320.862 396.04 321.318 395.76C321.778 395.48 322.32 395.34 322.944 395.34C323.584 395.34 324.13 395.488 324.582 395.784C325.034 396.076 325.376 396.496 325.608 397.044C325.84 397.592 325.946 398.246 325.926 399.006H325.026V398.694C325.01 397.854 324.828 397.22 324.48 396.792C324.136 396.364 323.632 396.15 322.968 396.15C322.272 396.15 321.738 396.376 321.366 396.828C320.998 397.28 320.814 397.924 320.814 398.76C320.814 399.576 320.998 400.21 321.366 400.662C321.738 401.11 322.264 401.334 322.944 401.334C323.408 401.334 323.812 401.228 324.156 401.016C324.504 400.8 324.778 400.49 324.978 400.086L325.8 400.404C325.544 400.968 325.166 401.406 324.666 401.718C324.17 402.026 323.608 402.18 322.98 402.18ZM320.502 399.006V398.268H325.452V399.006H320.502ZM327.858 402V401.226C328.098 401.27 328.28 401.26 328.404 401.196C328.532 401.128 328.626 401.016 328.686 400.86C328.746 400.7 328.796 400.502 328.836 400.266C328.9 399.874 328.958 399.442 329.01 398.97C329.062 398.498 329.108 397.978 329.148 397.41C329.192 396.838 329.236 396.208 329.28 395.52H333.684V402H332.808V396.366H330.096C330.068 396.79 330.036 397.212 330 397.632C329.964 398.052 329.926 398.456 329.886 398.844C329.85 399.228 329.81 399.582 329.766 399.906C329.722 400.23 329.676 400.51 329.628 400.746C329.556 401.102 329.46 401.386 329.34 401.598C329.224 401.81 329.05 401.95 328.818 402.018C328.586 402.086 328.266 402.08 327.858 402ZM341.708 395.52V402H340.85V396.954L337.298 402H336.554V395.52H337.412V400.524L340.97 395.52H341.708Z" fill="#B4B4B4"/>
<g clip-path="url(#clip0_5403_3975)">
<g filter="url(#filter3_i_5403_3975)">
<rect x="21" y="425" width="364" height="42" rx="10" fill="#201312"/>
</g>
<path d="M107.936 445.935C110.14 445.315 112.419 445 114.709 445L291.048 445C293.439 445 295.817 445.343 298.111 446.018L360.7 464.45C361.471 464.677 362 465.384 362 466.188C362 467.189 361.189 468 360.188 468H46.3173C45.0375 468 44 466.963 44 465.683C44 464.645 44.6903 463.733 45.6895 463.452L107.936 445.935Z" fill="url(#paint11_linear_5403_3975)"/>
<path d="M103.16 457.3C104.385 457.122 105.622 457.035 106.86 457.04L301 457.824L360.198 466.145C360.658 466.21 361 466.603 361 467.068C361 467.583 360.583 468 360.068 468H46.2009C45.5377 468 45 467.462 45 466.799C45 466.203 45.4378 465.697 46.0281 465.611L103.16 457.3Z" fill="#FF8400"/>
<ellipse cx="88" cy="431.5" rx="65" ry="5.5" fill="url(#paint12_linear_5403_3975)" fill-opacity="0.7"/>
<g clip-path="url(#clip1_5403_3975)">
<foreignObject x="6" y="410" width="394" height="72"><div xmlns="http://www.w3.org/1999/xhtml" style="backdrop-filter:blur(7.5px);clip-path:url(#bgblur_2_5403_3975_clip_path);height:100%;width:100%"></div></foreignObject><g filter="url(#filter4_diiiii_5403_3975)" data-figma-bg-blur-radius="15">
<rect x="21" y="425" width="364" height="42" rx="10" fill="#161616" fill-opacity="0.1" shape-rendering="crispEdges"/>
<rect x="21" y="425" width="364" height="42" rx="10" fill="url(#paint13_radial_5403_3975)" fill-opacity="0.21" shape-rendering="crispEdges"/>
<rect x="21" y="425" width="364" height="42" rx="10" fill="url(#paint14_radial_5403_3975)" fill-opacity="0.22" shape-rendering="crispEdges"/>
<g filter="url(#filter5_d_5403_3975)">
<path d="M141.98 451.5V441.42H143.667V445.662H148.441V441.42H150.121V451.5H148.441V447.244H143.667V451.5H141.98ZM152.784 451.5L155.962 441.42H158.433L161.611 451.5H159.875L156.991 442.456H157.369L154.52 451.5H152.784ZM154.555 449.316V447.741H159.847V449.316H154.555ZM170.086 451.5V447.02L170.359 447.454C170.084 447.683 169.71 447.862 169.239 447.993C168.768 448.119 168.266 448.182 167.734 448.182C166.885 448.182 166.208 448.016 165.704 447.685C165.2 447.354 164.836 446.896 164.612 446.313C164.388 445.73 164.276 445.055 164.276 444.29V441.42H165.984V443.772C165.984 444.117 166.003 444.458 166.04 444.794C166.082 445.125 166.171 445.426 166.306 445.697C166.446 445.968 166.658 446.185 166.943 446.348C167.228 446.507 167.613 446.586 168.098 446.586C168.639 446.586 169.101 446.495 169.484 446.313C169.867 446.131 170.137 445.937 170.296 445.732L170.086 446.579V441.42H171.78V451.5H170.086ZM174.437 451.5L177.615 441.42H180.086L183.264 451.5H181.528L178.644 442.456H179.022L176.173 451.5H174.437ZM176.208 449.316V447.741H181.5V449.316H176.208ZM187.518 451.5V443.002H184.256V441.42H192.467V443.002H189.205V451.5H187.518ZM194.972 451.5V441.42H196.659V444.941H199.137C199.23 444.941 199.356 444.946 199.515 444.955C199.674 444.96 199.818 444.974 199.949 444.997C200.528 445.086 201.006 445.279 201.384 445.578C201.767 445.877 202.049 446.255 202.231 446.712C202.418 447.165 202.511 447.666 202.511 448.217C202.511 448.772 202.418 449.279 202.231 449.736C202.049 450.189 201.767 450.564 201.384 450.863C201.006 451.162 200.528 451.355 199.949 451.444C199.818 451.463 199.674 451.477 199.515 451.486C199.361 451.495 199.235 451.5 199.137 451.5H194.972ZM196.659 449.918H199.067C199.165 449.918 199.27 449.913 199.382 449.904C199.499 449.895 199.608 449.878 199.711 449.855C199.986 449.785 200.203 449.661 200.362 449.484C200.525 449.307 200.64 449.106 200.705 448.882C200.775 448.653 200.81 448.432 200.81 448.217C200.81 448.002 200.775 447.783 200.705 447.559C200.64 447.335 200.525 447.134 200.362 446.957C200.203 446.78 199.986 446.656 199.711 446.586C199.608 446.558 199.499 446.539 199.382 446.53C199.27 446.521 199.165 446.516 199.067 446.516H196.659V449.918ZM209.653 451.5V441.42H217.822V451.5H216.135V443.002H211.34V451.5H209.653ZM225.447 451.71C224.439 451.71 223.576 451.491 222.857 451.052C222.138 450.609 221.585 449.993 221.198 449.204C220.815 448.415 220.624 447.501 220.624 446.46C220.624 445.419 220.815 444.505 221.198 443.716C221.585 442.927 222.138 442.314 222.857 441.875C223.576 441.432 224.439 441.21 225.447 441.21C226.455 441.21 227.318 441.432 228.037 441.875C228.76 442.314 229.313 442.927 229.696 443.716C230.083 444.505 230.277 445.419 230.277 446.46C230.277 447.501 230.083 448.415 229.696 449.204C229.313 449.993 228.76 450.609 228.037 451.052C227.318 451.491 226.455 451.71 225.447 451.71ZM225.447 450.121C226.124 450.126 226.686 449.976 227.134 449.673C227.587 449.37 227.925 448.943 228.149 448.392C228.378 447.841 228.492 447.197 228.492 446.46C228.492 445.723 228.378 445.083 228.149 444.542C227.925 443.996 227.587 443.571 227.134 443.268C226.686 442.965 226.124 442.808 225.447 442.799C224.77 442.794 224.208 442.944 223.76 443.247C223.312 443.55 222.974 443.977 222.745 444.528C222.521 445.079 222.409 445.723 222.409 446.46C222.409 447.197 222.521 447.839 222.745 448.385C222.969 448.926 223.305 449.349 223.753 449.652C224.206 449.955 224.77 450.112 225.447 450.121ZM241.162 451.5H239.454V444.395L234.778 451.5H233.07V441.42H234.778V448.525L239.454 441.42H241.162V451.5ZM248.782 451.71C247.774 451.71 246.911 451.491 246.192 451.052C245.473 450.609 244.92 449.993 244.533 449.204C244.15 448.415 243.959 447.501 243.959 446.46C243.959 445.419 244.15 444.505 244.533 443.716C244.92 442.927 245.473 442.314 246.192 441.875C246.911 441.432 247.774 441.21 248.782 441.21C249.944 441.21 250.912 441.502 251.687 442.085C252.462 442.664 253.005 443.445 253.318 444.43L251.617 444.899C251.421 444.241 251.087 443.728 250.616 443.359C250.145 442.986 249.533 442.799 248.782 442.799C248.105 442.799 247.541 442.951 247.088 443.254C246.64 443.557 246.302 443.984 246.073 444.535C245.849 445.081 245.735 445.723 245.73 446.46C245.73 447.197 245.842 447.841 246.066 448.392C246.295 448.938 246.635 449.363 247.088 449.666C247.541 449.969 248.105 450.121 248.782 450.121C249.533 450.121 250.145 449.934 250.616 449.561C251.087 449.188 251.421 448.674 251.617 448.021L253.318 448.49C253.005 449.475 252.462 450.259 251.687 450.842C250.912 451.421 249.944 451.71 248.782 451.71ZM256.255 451.5V441.42H257.942V446.096L261.967 441.42H264.039L259.706 446.362L264.333 451.5H262.191L257.942 446.796V451.5H256.255Z" fill="#FDF1E5"/>
</g>
</g>
</g>
</g>
<rect x="394" y="15" width="4" height="766" rx="2" fill="#313131" fill-opacity="0.3"/>
<rect x="394" y="15" width="4" height="673.313" rx="2" fill="#313131"/>
<defs>
<filter id="filter0_ii_5403_3975" x="19.6" y="307.4" width="37" height="19.4" filterUnits="userSpaceOnUse" color-interpolation-filters="sRGB">
<feFlood flood-opacity="0" result="BackgroundImageFix"/>
<feBlend mode="normal" in="SourceGraphic" in2="BackgroundImageFix" result="shape"/>
<feColorMatrix in="SourceAlpha" type="matrix" values="0 0 0 0 0 0 0 0 0 0 0 0 0 0 0 0 0 0 127 0" result="hardAlpha"/>
<feOffset dx="-0.4" dy="-0.6"/>
<feGaussianBlur stdDeviation="0.5"/>
<feComposite in2="hardAlpha" operator="arithmetic" k2="-1" k3="1"/>
<feColorMatrix type="matrix" values="0 0 0 0 0.523438 0 0 0 0 0.523438 0 0 0 0 0.523438 0 0 0 0.8 0"/>
<feBlend mode="normal" in2="shape" result="effect1_innerShadow_5403_3975"/>
<feColorMatrix in="SourceAlpha" type="matrix" values="0 0 0 0 0 0 0 0 0 0 0 0 0 0 0 0 0 0 127 0" result="hardAlpha"/>
<feOffset dx="0.6" dy="0.8"/>
<feGaussianBlur stdDeviation="0.6"/>
<feComposite in2="hardAlpha" operator="arithmetic" k2="-1" k3="1"/>
<feColorMatrix type="matrix" values="0 0 0 0 0.0431373 0 0 0 0 0.0470588 0 0 0 0 0.0627451 0 0 0 1 0"/>
<feBlend mode="normal" in2="effect1_innerShadow_5403_3975" result="effect2_innerShadow_5403_3975"/>
</filter>
<filter id="filter1_i_5403_3975" x="25" y="312.2" width="26" height="8.8" filterUnits="userSpaceOnUse" color-interpolation-filters="sRGB">
<feFlood flood-opacity="0" result="BackgroundImageFix"/>
<feBlend mode="normal" in="SourceGraphic" in2="BackgroundImageFix" result="shape"/>
<feColorMatrix in="SourceAlpha" type="matrix" values="0 0 0 0 0 0 0 0 0 0 0 0 0 0 0 0 0 0 127 0" result="hardAlpha"/>
<feOffset dy="-0.8"/>
<feGaussianBlur stdDeviation="0.4"/>
<feComposite in2="hardAlpha" operator="arithmetic" k2="-1" k3="1"/>
<feColorMatrix type="matrix" values="0 0 0 0 0.0235294 0 0 0 0 0.0196078 0 0 0 0 0.0392157 0 0 0 1 0"/>
<feBlend mode="normal" in2="shape" result="effect1_innerShadow_5403_3975"/>
</filter>
<filter id="filter2_i_5403_3975" x="22" y="310" width="23" height="14.6" filterUnits="userSpaceOnUse" color-interpolation-filters="sRGB">
<feFlood flood-opacity="0" result="BackgroundImageFix"/>
<feBlend mode="normal" in="SourceGraphic" in2="BackgroundImageFix" result="shape"/>
<feColorMatrix in="SourceAlpha" type="matrix" values="0 0 0 0 0 0 0 0 0 0 0 0 0 0 0 0 0 0 127 0" result="hardAlpha"/>
<feOffset dy="0.6"/>
<feGaussianBlur stdDeviation="0.4"/>
<feComposite in2="hardAlpha" operator="arithmetic" k2="-1" k3="1"/>
<feColorMatrix type="matrix" values="0 0 0 0 0.192157 0 0 0 0 0.207843 0 0 0 0 0.254902 0 0 0 0.6 0"/>
<feBlend mode="normal" in2="shape" result="effect1_innerShadow_5403_3975"/>
</filter>
<filter id="filter3_i_5403_3975" x="21" y="425" width="364" height="42" filterUnits="userSpaceOnUse" color-interpolation-filters="sRGB">
<feFlood flood-opacity="0" result="BackgroundImageFix"/>
<feBlend mode="normal" in="SourceGraphic" in2="BackgroundImageFix" result="shape"/>
<feColorMatrix in="SourceAlpha" type="matrix" values="0 0 0 0 0 0 0 0 0 0 0 0 0 0 0 0 0 0 127 0" result="hardAlpha"/>
<feOffset dy="-5"/>
<feComposite in2="hardAlpha" operator="arithmetic" k2="-1" k3="1"/>
<feColorMatrix type="matrix" values="0 0 0 0 1 0 0 0 0 0 0 0 0 0 0 0 0 0 1 0"/>
<feBlend mode="normal" in2="shape" result="effect1_innerShadow_5403_3975"/>
</filter>
<filter id="filter4_diiiii_5403_3975" x="6" y="410" width="394" height="72" filterUnits="userSpaceOnUse" color-interpolation-filters="sRGB">
<feFlood flood-opacity="0" result="BackgroundImageFix"/>
<feColorMatrix in="SourceAlpha" type="matrix" values="0 0 0 0 0 0 0 0 0 0 0 0 0 0 0 0 0 0 127 0" result="hardAlpha"/>
<feMorphology radius="1" operator="dilate" in="SourceAlpha" result="effect1_dropShadow_5403_3975"/>
<feOffset dy="1"/>
<feComposite in2="hardAlpha" operator="out"/>
<feColorMatrix type="matrix" values="0 0 0 0 0.358605 0 0 0 0 0.0420881 0 0 0 0 0.00740135 0 0 0 1 0"/>
<feBlend mode="normal" in2="BackgroundImageFix" result="effect1_dropShadow_5403_3975"/>
<feBlend mode="normal" in="SourceGraphic" in2="effect1_dropShadow_5403_3975" result="shape"/>
<feColorMatrix in="SourceAlpha" type="matrix" values="0 0 0 0 0 0 0 0 0 0 0 0 0 0 0 0 0 0 127 0" result="hardAlpha"/>
<feOffset dx="4" dy="-2"/>
<feGaussianBlur stdDeviation="2.5"/>
<feComposite in2="hardAlpha" operator="arithmetic" k2="-1" k3="1"/>
<feColorMatrix type="matrix" values="0 0 0 0 0.847059 0 0 0 0 0.00784314 0 0 0 0 0 0 0 0 0.4 0"/>
<feBlend mode="normal" in2="shape" result="effect2_innerShadow_5403_3975"/>
<feColorMatrix in="SourceAlpha" type="matrix" values="0 0 0 0 0 0 0 0 0 0 0 0 0 0 0 0 0 0 127 0" result="hardAlpha"/>
<feOffset dy="-1"/>
<feComposite in2="hardAlpha" operator="arithmetic" k2="-1" k3="1"/>
<feColorMatrix type="matrix" values="0 0 0 0 0.00820688 0 0 0 0 0.0003437 0 0 0 0 0.000898748 0 0 0 0.1 0"/>
<feBlend mode="normal" in2="effect2_innerShadow_5403_3975" result="effect3_innerShadow_5403_3975"/>
<feColorMatrix in="SourceAlpha" type="matrix" values="0 0 0 0 0 0 0 0 0 0 0 0 0 0 0 0 0 0 127 0" result="hardAlpha"/>
<feOffset/>
<feGaussianBlur stdDeviation="2"/>
<feComposite in2="hardAlpha" operator="arithmetic" k2="-1" k3="1"/>
<feColorMatrix type="matrix" values="0 0 0 0 0.886275 0 0 0 0 0.00784314 0 0 0 0 0 0 0 0 1 0"/>
<feBlend mode="normal" in2="effect3_innerShadow_5403_3975" result="effect4_innerShadow_5403_3975"/>
<feColorMatrix in="SourceAlpha" type="matrix" values="0 0 0 0 0 0 0 0 0 0 0 0 0 0 0 0 0 0 127 0" result="hardAlpha"/>
<feOffset dx="0.5" dy="0.5"/>
<feGaussianBlur stdDeviation="0.25"/>
<feComposite in2="hardAlpha" operator="arithmetic" k2="-1" k3="1"/>
<feColorMatrix type="matrix" values="0 0 0 0 0.933333 0 0 0 0 0.513726 0 0 0 0 0.192157 0 0 0 1 0"/>
<feBlend mode="normal" in2="effect4_innerShadow_5403_3975" result="effect5_innerShadow_5403_3975"/>
<feColorMatrix in="SourceAlpha" type="matrix" values="0 0 0 0 0 0 0 0 0 0 0 0 0 0 0 0 0 0 127 0" result="hardAlpha"/>
<feMorphology radius="2" operator="erode" in="SourceAlpha" result="effect6_innerShadow_5403_3975"/>
<feOffset dx="-3" dy="3"/>
<feGaussianBlur stdDeviation="2.6"/>
<feComposite in2="hardAlpha" operator="arithmetic" k2="-1" k3="1"/>
<feColorMatrix type="matrix" values="0 0 0 0 0 0 0 0 0 0 0 0 0 0 0 0 0 0 0.4 0"/>
<feBlend mode="normal" in2="effect5_innerShadow_5403_3975" result="effect6_innerShadow_5403_3975"/>
</filter>
<clipPath id="bgblur_2_5403_3975_clip_path" transform="translate(-6 -410)"><rect x="21" y="425" width="364" height="42" rx="10"/>
</clipPath><filter id="filter5_d_5403_3975" x="131.98" y="431.21" width="142.353" height="30.5" filterUnits="userSpaceOnUse" color-interpolation-filters="sRGB">
<feFlood flood-opacity="0" result="BackgroundImageFix"/>
<feColorMatrix in="SourceAlpha" type="matrix" values="0 0 0 0 0 0 0 0 0 0 0 0 0 0 0 0 0 0 127 0" result="hardAlpha"/>
<feOffset/>
<feGaussianBlur stdDeviation="5"/>
<feComposite in2="hardAlpha" operator="out"/>
<feColorMatrix type="matrix" values="0 0 0 0 0.956863 0 0 0 0 0.393072 0 0 0 0 0.0666667 0 0 0 1 0"/>
<feBlend mode="normal" in2="BackgroundImageFix" result="effect1_dropShadow_5403_3975"/>
<feBlend mode="normal" in="SourceGraphic" in2="effect1_dropShadow_5403_3975" result="shape"/>
</filter>
<linearGradient id="paint0_linear_5403_3975" x1="85.8029" y1="147.338" x2="98.428" y2="235.727" gradientUnits="userSpaceOnUse">
<stop stop-color="#707070"/>
<stop offset="0.322613" stop-color="#707070" stop-opacity="0"/>
<stop offset="0.724756" stop-color="#707070" stop-opacity="0"/>
<stop offset="1" stop-color="#707070"/>
</linearGradient>
<linearGradient id="paint1_linear_5403_3975" x1="85.8029" y1="222.338" x2="98.428" y2="310.727" gradientUnits="userSpaceOnUse">
<stop stop-color="#707070"/>
<stop offset="0.322613" stop-color="#707070" stop-opacity="0"/>
<stop offset="0.724756" stop-color="#707070" stop-opacity="0"/>
<stop offset="1" stop-color="#707070"/>
</linearGradient>
<linearGradient id="paint2_linear_5403_3975" x1="24" y1="312.625" x2="52.5812" y2="318.591" gradientUnits="userSpaceOnUse">
<stop stop-color="#22222A"/>
<stop offset="1" stop-color="#2A2D34"/>
</linearGradient>
<radialGradient id="paint3_radial_5403_3975" cx="0" cy="0" r="1" gradientUnits="userSpaceOnUse" gradientTransform="translate(38 313) rotate(90) scale(8 15.8314)">
<stop offset="0.166446" stop-color="#3B3B3B"/>
<stop offset="0.902612" stop-color="#222222"/>
<stop offset="1" stop-color="#222222"/>
</radialGradient>
<radialGradient id="paint4_radial_5403_3975" cx="0" cy="0" r="1" gradientUnits="userSpaceOnUse" gradientTransform="translate(38 313) rotate(90) scale(5.27273 16.3597)">
<stop stop-color="#6D6D6D"/>
<stop offset="0.643872" stop-color="#6D6D6D" stop-opacity="0.2"/>
<stop offset="1" stop-color="#6D6D6D" stop-opacity="0"/>
</radialGradient>
<linearGradient id="paint5_linear_5403_3975" x1="33.5" y1="310" x2="33.5" y2="324" gradientUnits="userSpaceOnUse">
<stop stop-color="#9A9A9A"/>
<stop offset="1" stop-color="#242424"/>
</linearGradient>
<radialGradient id="paint6_radial_5403_3975" cx="0" cy="0" r="1" gradientTransform="matrix(0.659836 5.39189 -12.6428 1.55809 35.8566 318.608)" gradientUnits="userSpaceOnUse">
<stop stop-color="#111217"/>
<stop offset="1" stop-color="#111217" stop-opacity="0"/>
</radialGradient>
<linearGradient id="paint7_linear_5403_3975" x1="23" y1="317" x2="33" y2="317" gradientUnits="userSpaceOnUse">
<stop stop-color="#2A2A2A"/>
<stop offset="1" stop-color="#3A3A3A"/>
</linearGradient>
<linearGradient id="paint8_linear_5403_3975" x1="25.0378" y1="323" x2="31.2061" y2="311.127" gradientUnits="userSpaceOnUse">
<stop offset="0.581682" stop-color="#1A1A1A"/>
<stop offset="1" stop-color="#B2B2B2"/>
</linearGradient>
<linearGradient id="paint9_linear_5403_3975" x1="44" y1="317" x2="34" y2="317" gradientUnits="userSpaceOnUse">
<stop stop-color="#2C2C2C"/>
<stop offset="1" stop-color="#181818"/>
</linearGradient>
<linearGradient id="paint10_linear_5403_3975" x1="35.6885" y1="323" x2="42.5704" y2="311.15" gradientUnits="userSpaceOnUse">
<stop stop-color="#171717"/>
<stop offset="1" stop-color="#515151"/>
</linearGradient>
<linearGradient id="paint11_linear_5403_3975" x1="203" y1="468" x2="203" y2="450" gradientUnits="userSpaceOnUse">
<stop offset="0.283654" stop-color="#FF9100"/>
<stop offset="0.596154" stop-color="#F70227"/>
<stop offset="1" stop-color="#A7180F"/>
</linearGradient>
<linearGradient id="paint12_linear_5403_3975" x1="31.7838" y1="431.789" x2="148.315" y2="431.789" gradientUnits="userSpaceOnUse">
<stop stop-color="#FF9100"/>
<stop offset="1" stop-color="#A7180F"/>
</linearGradient>
<radialGradient id="paint13_radial_5403_3975" cx="0" cy="0" r="1" gradientUnits="userSpaceOnUse" gradientTransform="translate(56.8033 435.6) rotate(0.11903) scale(240.678 22.6695)">
<stop offset="0.0419415" stop-color="#EE8331"/>
<stop offset="0.234606" stop-color="#EE5131"/>
<stop offset="1" stop-color="#EE5131" stop-opacity="0"/>
</radialGradient>
<radialGradient id="paint14_radial_5403_3975" cx="0" cy="0" r="1" gradientUnits="userSpaceOnUse" gradientTransform="translate(327 428) rotate(98.0047) scale(32.3149 147.627)">
<stop stop-color="#E21616"/>
<stop offset="1" stop-color="#E21616" stop-opacity="0"/>
</radialGradient>
<clipPath id="clip0_5403_3975">
<rect x="20" y="425" width="366" height="44" rx="11" fill="white"/>
</clipPath>
<clipPath id="clip1_5403_3975">
<rect width="366" height="44" fill="white" transform="translate(20 425)"/>
</clipPath>
</defs>
</svg>










/* 1 phase -1 */

box-sizing: border-box;

/* Auto layout */
display: flex;
flex-direction: row;
align-items: flex-start;
padding: 15px 5px 15px 20px;
gap: 8px;

position: relative;
width: 403px;
height: 796px;

background: #161616;
border: 1px solid #212121;
border-radius: 15px;


/* Содержимое */

/* Auto layout */
display: flex;
flex-direction: column;
align-items: flex-start;
padding: 0px;
gap: 20px;

width: 366px;
height: 766px;
overflow-y: scroll;


/* Inside auto layout */
flex: none;
order: 0;
align-self: stretch;
flex-grow: 0;


/* Шаг 1 - Выбор анализа */

/* Auto layout */
display: flex;
flex-direction: column;
align-items: flex-start;
padding: 0px;
gap: 20px;

width: 366px;
height: 78px;


/* Inside auto layout */
flex: none;
order: 0;
align-self: stretch;
flex-grow: 0;


/* Заголовок */

width: 66px;
height: 18px;

font-family: 'IBM Plex Mono';
font-style: normal;
font-weight: 400;
font-size: 14px;
line-height: 18px;
letter-spacing: 0.1em;
text-transform: uppercase;

color: #707070;


/* Inside auto layout */
flex: none;
order: 0;
flex-grow: 0;


/* Выбор шагов */

/* Auto layout */
display: flex;
flex-direction: column;
align-items: flex-start;
padding: 0px;
gap: 8px;

width: 366px;
height: 40px;


/* Inside auto layout */
flex: none;
order: 1;
align-self: stretch;
flex-grow: 0;


/* 1 шаг */

/* Auto layout */
display: flex;
flex-direction: row;
justify-content: space-between;
align-items: center;
padding: 0px;
gap: 8px;

width: 366px;
height: 16px;


/* Inside auto layout */
flex: none;
order: 0;
align-self: stretch;
flex-grow: 0;


/* Frame 1822 */

/* Auto layout */
display: flex;
flex-direction: row;
align-items: center;
padding: 0px;
gap: 8px;

margin: 0 auto;
width: 171px;
height: 16px;


/* Inside auto layout */
flex: none;
order: 0;
flex-grow: 0;


/* Radio button */

box-sizing: border-box;

/* Auto layout */
display: flex;
flex-direction: row;
justify-content: center;
align-items: center;
padding: 10px;
gap: 10px;

width: 12px;
height: 12px;

background: rgba(232, 89, 53, 0.2);
border: 1px solid #E85935;
border-radius: 100px;

/* Inside auto layout */
flex: none;
order: 0;
flex-grow: 0;


/* Ellipse 7 */

width: 7px;
height: 7px;

background: #E85935;

/* Inside auto layout */
flex: none;
order: 0;
flex-grow: 0;


/* Скачивание по ссылке */

width: 151px;
height: 16px;

font-family: 'Manrope';
font-style: normal;
font-weight: 400;
font-size: 12px;
line-height: 16px;
letter-spacing: 0.1em;

color: #B4B4B4;


/* Inside auto layout */
flex: none;
order: 1;
flex-grow: 0;


/* Info */

box-sizing: border-box;

/* Auto layout */
display: flex;
flex-direction: row;
justify-content: center;
align-items: center;
padding: 10px;
gap: 10px;

margin: 0 auto;
width: 15px;
height: 15px;

border: 1px solid #707070;
border-radius: 100px;

/* Inside auto layout */
flex: none;
order: 1;
flex-grow: 0;


/* Vector */

width: 3.91px;
height: 8px;

background: #707070;

/* Inside auto layout */
flex: none;
order: 0;
flex-grow: 0;


/* 2 шаг */

/* Auto layout */
display: flex;
flex-direction: row;
justify-content: space-between;
align-items: center;
padding: 0px;
gap: 8px;

width: 366px;
height: 16px;


/* Inside auto layout */
flex: none;
order: 1;
align-self: stretch;
flex-grow: 0;


/* Frame 1823 */

/* Auto layout */
display: flex;
flex-direction: row;
align-items: center;
padding: 0px;
gap: 8px;

margin: 0 auto;
width: 237px;
height: 16px;


/* Inside auto layout */
flex: none;
order: 0;
flex-grow: 0;


/* Radio button */

box-sizing: border-box;

/* Auto layout */
display: flex;
flex-direction: row;
justify-content: center;
align-items: center;
padding: 10px;
gap: 10px;

width: 12px;
height: 12px;

background: rgba(112, 112, 112, 0.3);
border-radius: 100px;

/* Inside auto layout */
flex: none;
order: 0;
flex-grow: 0;


/* Ellipse 7 */

width: 7px;
height: 7px;

background: #707070;
opacity: 0;

/* Inside auto layout */
flex: none;
order: 0;
flex-grow: 0;


/* Скачивание ваших сохранённок */

width: 217px;
height: 16px;

font-family: 'Manrope';
font-style: normal;
font-weight: 400;
font-size: 12px;
line-height: 16px;
letter-spacing: 0.1em;

color: #B4B4B4;


/* Inside auto layout */
flex: none;
order: 1;
flex-grow: 0;


/* Info */

box-sizing: border-box;

/* Auto layout */
display: flex;
flex-direction: row;
justify-content: center;
align-items: center;
padding: 10px;
gap: 10px;

margin: 0 auto;
width: 15px;
height: 15px;

border: 1px solid #707070;
border-radius: 100px;

/* Inside auto layout */
flex: none;
order: 1;
flex-grow: 0;


/* Vector */

width: 3.91px;
height: 8px;

background: #707070;

/* Inside auto layout */
flex: none;
order: 0;
flex-grow: 0;


/* Разделитель 1  */

width: 366px;
height: 0px;

border: 1px dashed #212121;

/* Inside auto layout */
flex: none;
order: 1;
align-self: stretch;
flex-grow: 0;


/* Шаг 1 - Настройки  */

/* Auto layout */
display: flex;
flex-direction: column;
align-items: flex-start;
padding: 0px;
gap: 15px;

width: 366px;
height: 135px;


/* Inside auto layout */
flex: none;
order: 2;
align-self: stretch;
flex-grow: 0;


/* Выбор аккаунта */

/* Auto layout */
display: flex;
flex-direction: column;
align-items: flex-start;
padding: 0px;
gap: 8px;

width: 366px;
height: 60px;


/* Inside auto layout */
flex: none;
order: 0;
align-self: stretch;
flex-grow: 0;


/* Заголовок */

/* Auto layout */
display: flex;
flex-direction: row;
justify-content: space-between;
align-items: center;
padding: 0px;
gap: 8px;

width: 366px;
height: 16px;


/* Inside auto layout */
flex: none;
order: 0;
align-self: stretch;
flex-grow: 0;


/* Ссылка на пост/профиль */

margin: 0 auto;
width: 184px;
height: 16px;

font-family: 'IBM Plex Mono';
font-style: normal;
font-weight: 400;
font-size: 12px;
line-height: 16px;
/* identical to box height */
letter-spacing: 0.1em;

color: #B4B4B4;


/* Inside auto layout */
flex: none;
order: 0;
flex-grow: 0;


/* Info */

box-sizing: border-box;

/* Auto layout */
display: flex;
flex-direction: row;
justify-content: center;
align-items: center;
padding: 10px;
gap: 10px;

margin: 0 auto;
width: 15px;
height: 15px;

border: 1px solid #707070;
border-radius: 100px;

/* Inside auto layout */
flex: none;
order: 1;
flex-grow: 0;


/* Vector */

width: 3.91px;
height: 8px;

background: #707070;

/* Inside auto layout */
flex: none;
order: 0;
flex-grow: 0;


/* input field */

box-sizing: border-box;

/* Auto layout */
display: flex;
flex-direction: row;
justify-content: space-between;
align-items: center;
padding: 10px;
gap: 8px;

width: 366px;
height: 36px;

background: rgba(38, 38, 38, 0.2);
border-radius: 10px;

/* Inside auto layout */
flex: none;
order: 1;
flex-grow: 0;


/* Frame 1745 */

/* Auto layout */
display: flex;
flex-direction: row;
align-items: center;
padding: 0px;
gap: 8px;

margin: 0 auto;
width: 346px;
height: 16px;


/* Inside auto layout */
flex: none;
order: 0;
flex-grow: 1;


/* @ */

display: none;
width: 14px;
height: 14px;

background: rgba(112, 112, 112, 0.4);

/* Inside auto layout */
flex: none;
order: 0;
flex-grow: 0;


/* Rellese26 */

width: 191px;
height: 16px;

font-family: 'Manrope';
font-style: normal;
font-weight: 400;
font-size: 12px;
line-height: 16px;
letter-spacing: 0.1em;

color: rgba(112, 112, 112, 0.4);


/* Inside auto layout */
flex: none;
order: 1;
flex-grow: 0;


/* Vector 2 */

margin: 0 auto;
display: none;
width: 10px;
height: 5px;

border: 1px solid #707070;

/* Inside auto layout */
flex: none;
order: 1;
flex-grow: 0;


/* Выбор скорости */

/* Auto layout */
display: flex;
flex-direction: column;
align-items: flex-start;
padding: 0px;
gap: 8px;

width: 366px;
height: 60px;


/* Inside auto layout */
flex: none;
order: 1;
align-self: stretch;
flex-grow: 0;


/* Заголовок */

/* Auto layout */
display: flex;
flex-direction: row;
justify-content: space-between;
align-items: center;
padding: 0px;
gap: 8px;

width: 366px;
height: 16px;


/* Inside auto layout */
flex: none;
order: 0;
align-self: stretch;
flex-grow: 0;


/* Скорость загрузки */

margin: 0 auto;
width: 142px;
height: 16px;

font-family: 'IBM Plex Mono';
font-style: normal;
font-weight: 400;
font-size: 12px;
line-height: 16px;
/* identical to box height */
letter-spacing: 0.1em;

color: #B4B4B4;


/* Inside auto layout */
flex: none;
order: 0;
flex-grow: 0;


/* Info */

box-sizing: border-box;

/* Auto layout */
display: flex;
flex-direction: row;
justify-content: center;
align-items: center;
padding: 10px;
gap: 10px;

margin: 0 auto;
width: 15px;
height: 15px;

border: 1px solid #707070;
border-radius: 100px;

/* Inside auto layout */
flex: none;
order: 1;
flex-grow: 0;


/* Vector */

width: 3.91px;
height: 8px;

background: #707070;

/* Inside auto layout */
flex: none;
order: 0;
flex-grow: 0;


/* input field */

box-sizing: border-box;

/* Auto layout */
display: flex;
flex-direction: row;
justify-content: space-between;
align-items: center;
padding: 10px;
gap: 8px;

width: 366px;
height: 36px;

background: rgba(38, 38, 38, 0.2);
border-radius: 10px;

/* Inside auto layout */
flex: none;
order: 1;
flex-grow: 0;


/* Frame 1745 */

/* Auto layout */
display: flex;
flex-direction: row;
align-items: center;
padding: 0px;
gap: 8px;

margin: 0 auto;
width: 336px;
height: 16px;


/* Inside auto layout */
flex: none;
order: 0;
flex-grow: 1;


/* @ */

display: none;
width: 14px;
height: 14px;

background: rgba(112, 112, 112, 0.4);

/* Inside auto layout */
flex: none;
order: 0;
flex-grow: 0;


/* Rellese26 */

width: 291px;
height: 16px;

font-family: 'Manrope';
font-style: normal;
font-weight: 400;
font-size: 12px;
line-height: 16px;
letter-spacing: 0.1em;

color: #B4B4B4;


/* Inside auto layout */
flex: none;
order: 1;
flex-grow: 0;


/* Vector 2 */

margin: 0 auto;
width: 10px;
height: 5px;

border: 1px solid #707070;

/* Inside auto layout */
flex: none;
order: 1;
flex-grow: 0;


/* Разделитель 2 */

width: 366px;
height: 0px;

border: 1px dashed #212121;

/* Inside auto layout */
flex: none;
order: 3;
align-self: stretch;
flex-grow: 0;


/* Дополнительные фильтры */

/* Auto layout */
display: flex;
flex-direction: column;
align-items: flex-start;
padding: 0px;
gap: 30px;

width: 366px;
height: 97px;


/* Inside auto layout */
flex: none;
order: 4;
align-self: stretch;
flex-grow: 0;


/* Тумблер */

/* Auto layout */
display: flex;
flex-direction: row;
align-items: center;
padding: 0px;
gap: 8px;

width: 366px;
height: 18px;


/* Inside auto layout */
flex: none;
order: 0;
align-self: stretch;
flex-grow: 0;


/* Switch */

width: 36px;
height: 18px;


/* Inside auto layout */
flex: none;
order: 0;
flex-grow: 0;


/* outer shell */

position: absolute;
left: 0%;
right: 0%;
top: 0%;
bottom: 0%;

background: #292929;
box-shadow: inset 0.6px 0.8px 1.2px #0B0C10, inset -0.4px -0.6px 1px rgba(133, 133, 133, 0.8);
border-radius: 9.2px;


/* inner shadow */

box-sizing: border-box;

position: absolute;
left: 11.11%;
right: 11.11%;
top: 22.22%;
bottom: 22.22%;

background: #070709;
border-radius: 5.4px;


/* inner lining */

position: absolute;
left: 13.89%;
right: 13.89%;
top: 27.78%;
bottom: 27.78%;

background: radial-gradient(62.92% 65.91% at 50% 0%, #6D6D6D 0%, rgba(109, 109, 109, 0.2) 64.39%, rgba(109, 109, 109, 0) 100%), radial-gradient(60.89% 100% at 50% 0%, #3B3B3B 16.64%, #222222 90.26%, #222222 100%);
box-shadow: inset 0px -0.8px 0.8px #06050A;
border-radius: 5.4px;


/* container */

/* Auto layout */
display: flex;
flex-direction: row;
align-items: center;
padding: 1px;
gap: 1px;

position: absolute;
left: 5.56%;
right: 30.56%;
top: 11.11%;
bottom: 11.11%;

background: radial-gradient(54.97% 38.51% at 60.25% 61.49%, #111217 0%, rgba(17, 18, 23, 0) 100%) /* warning: gradient uses a rotation that is not supported by CSS and may not behave as expected */, linear-gradient(180deg, #9A9A9A 0%, #242424 100%);
box-shadow: inset 0px 0.6px 0.8px rgba(49, 53, 65, 0.6);
border-radius: 20px;


/* Left elipse */

box-sizing: border-box;

width: 10px;
height: 12px;

background: linear-gradient(90deg, #2A2A2A 0%, #3A3A3A 100%);

/* Inside auto layout */
flex: none;
order: 0;
flex-grow: 0;


/* Right elipse */

box-sizing: border-box;

width: 10px;
height: 12px;

background: linear-gradient(270deg, #2C2C2C 0%, #181818 100%);

/* Inside auto layout */
flex: none;
order: 1;
flex-grow: 0;


/* Заголовок */

width: 177px;
height: 16px;

font-family: 'Manrope';
font-style: normal;
font-weight: 400;
font-size: 12px;
line-height: 16px;
letter-spacing: 0.1em;

color: #B4B4B4;


/* Inside auto layout */
flex: none;
order: 1;
flex-grow: 0;


/* Настройки */

/* Auto layout */
display: flex;
flex-direction: column;
align-items: flex-start;
padding: 0px;
gap: 20px;

width: 366px;
height: 49px;


/* Inside auto layout */
flex: none;
order: 1;
align-self: stretch;
flex-grow: 0;


/* Фильтрация файлов */

/* Auto layout */
display: flex;
flex-direction: column;
align-items: flex-start;
padding: 0px;
gap: 15px;

width: 366px;
height: 49px;


/* Inside auto layout */
flex: none;
order: 0;
align-self: stretch;
flex-grow: 0;


/* Заголовок */

width: 234px;
height: 18px;

font-family: 'IBM Plex Mono';
font-style: normal;
font-weight: 400;
font-size: 14px;
line-height: 18px;
letter-spacing: 0.1em;
text-transform: uppercase;

color: #707070;


/* Inside auto layout */
flex: none;
order: 0;
flex-grow: 0;


/* Пункты */

/* Auto layout */
display: flex;
flex-direction: row;
align-items: flex-start;
padding: 0px;
gap: 30px;

width: 366px;
height: 16px;


/* Inside auto layout */
flex: none;
order: 1;
align-self: stretch;
flex-grow: 0;


/* 1 пункт */

/* Auto layout */
display: flex;
flex-direction: row;
align-items: center;
padding: 0px;
gap: 8px;

width: 124px;
height: 16px;


/* Inside auto layout */
flex: none;
order: 0;
flex-grow: 0;


/* Checkbox */

box-sizing: border-box;

/* Auto layout */
display: flex;
flex-direction: column;
justify-content: center;
align-items: center;
padding: 10px;
gap: 10px;

width: 12px;
height: 12px;

background: rgba(112, 112, 112, 0.3);
border-radius: 3px;

/* Inside auto layout */
flex: none;
order: 0;
flex-grow: 0;


/* Vector 1 */

width: 6px;
height: 4px;

opacity: 0;
border: 1px solid #E85935;

/* Inside auto layout */
flex: none;
order: 0;
flex-grow: 0;


/* Название */

width: 104px;
height: 16px;

font-family: 'Manrope';
font-style: normal;
font-weight: 400;
font-size: 12px;
line-height: 16px;
letter-spacing: 0.1em;

color: #B4B4B4;


/* Inside auto layout */
flex: none;
order: 1;
flex-grow: 0;


/* 2 пункт */

/* Auto layout */
display: flex;
flex-direction: row;
align-items: center;
padding: 0px;
gap: 8px;

width: 56px;
height: 16px;


/* Inside auto layout */
flex: none;
order: 1;
flex-grow: 0;


/* Checkbox */

box-sizing: border-box;

/* Auto layout */
display: flex;
flex-direction: column;
justify-content: center;
align-items: center;
padding: 10px;
gap: 10px;

width: 12px;
height: 12px;

background: rgba(112, 112, 112, 0.3);
border-radius: 3px;

/* Inside auto layout */
flex: none;
order: 0;
flex-grow: 0;


/* Vector 1 */

width: 6px;
height: 4px;

opacity: 0;
border: 1px solid #E85935;

/* Inside auto layout */
flex: none;
order: 0;
flex-grow: 0;


/* Название */

width: 36px;
height: 16px;

font-family: 'Manrope';
font-style: normal;
font-weight: 400;
font-size: 12px;
line-height: 16px;
letter-spacing: 0.1em;

color: #B4B4B4;


/* Inside auto layout */
flex: none;
order: 1;
flex-grow: 0;


/* 3 пункт */

/* Auto layout */
display: flex;
flex-direction: row;
align-items: center;
padding: 0px;
gap: 8px;

width: 83px;
height: 16px;


/* Inside auto layout */
flex: none;
order: 2;
flex-grow: 0;


/* Checkbox */

box-sizing: border-box;

/* Auto layout */
display: flex;
flex-direction: column;
justify-content: center;
align-items: center;
padding: 10px;
gap: 10px;

width: 12px;
height: 12px;

background: rgba(112, 112, 112, 0.3);
border-radius: 3px;

/* Inside auto layout */
flex: none;
order: 0;
flex-grow: 0;


/* Vector 1 */

width: 6px;
height: 4px;

opacity: 0;
border: 1px solid #E85935;

/* Inside auto layout */
flex: none;
order: 0;
flex-grow: 0;


/* Название */

width: 63px;
height: 16px;

font-family: 'Manrope';
font-style: normal;
font-weight: 400;
font-size: 12px;
line-height: 16px;
letter-spacing: 0.1em;

color: #B4B4B4;


/* Inside auto layout */
flex: none;
order: 1;
flex-grow: 0;


/* Search button */

width: 366px;
height: 44px;

border-radius: 11px;

/* Inside auto layout */
flex: none;
order: 5;
flex-grow: 0;


/* Red down */

position: absolute;
width: 364px;
height: 42px;
left: 1px;
top: 0px;

background: #201312;
box-shadow: inset 0px -5px 0px #FF0000;
border-radius: 10px;


/* red around the edges */

position: absolute;
visibility: hidden;
left: 0%;
right: 0%;
top: 31.82%;
bottom: 2.27%;

background: linear-gradient(360deg, rgba(255, 145, 0, 0.7) 18.32%, rgba(247, 2, 39, 0.7) 38.51%, rgba(167, 24, 15, 0.7) 64.6%);
border-radius: 25px;


/* Red center */

position: absolute;
left: 6.56%;
right: 6.56%;
top: 45.45%;
bottom: 2.27%;

background: linear-gradient(360deg, #FF9100 22.2%, #F70227 46.66%, #A7180F 78.26%);
border-radius: 25px;


/* yellow down */

position: absolute;
left: 6.83%;
right: 6.83%;
top: 72.8%;
bottom: 2.27%;

background: #FF8400;
border-radius: 25px;


/* light left corner */

position: absolute;
width: 130px;
height: 11px;
left: 3px;
top: 1px;

background: linear-gradient(90deg, rgba(255, 145, 0, 0.7) 6.76%, rgba(167, 24, 15, 0.7) 96.4%);


/* Контейнер */

/* Auto layout */
display: flex;
flex-direction: column;
align-items: flex-start;
padding: 0px 1px 2px;
gap: 10px;

position: absolute;
left: 0%;
right: 0%;
top: 0%;
bottom: 0%;



/* Кнопка */

/* Auto layout */
display: flex;
flex-direction: row;
justify-content: center;
align-items: center;
padding: 10px;
gap: 10px;

width: 364px;
height: 42px;

background: radial-gradient(40.16% 76.19% at 84.07% 7.14%, rgba(226, 22, 22, 0.22) 0%, rgba(226, 22, 22, 0) 100%) /* warning: gradient uses a rotation that is not supported by CSS and may not behave as expected */, radial-gradient(66.12% 53.97% at 9.84% 25.24%, rgba(238, 131, 49, 0.21) 4.19%, rgba(238, 81, 49, 0.21) 23.46%, rgba(238, 81, 49, 0) 100%) /* warning: gradient uses a rotation that is not supported by CSS and may not behave as expected */, rgba(22, 22, 22, 0.1);
box-shadow: 0px 1px 0px 1px #5B0B02, inset -3px 3px 5.2px 2px rgba(0, 0, 0, 0.4), inset 0.5px 0.5px 0.5px #EE8331, inset 0px 0px 4px #E20200, inset 0px -1px 0px rgba(2, 0, 0, 0.1), inset 4px -2px 5px rgba(216, 2, 0, 0.4);
backdrop-filter: blur(7.5px);
/* Note: backdrop-filter has minimal browser support */
border-radius: 10px;

/* Inside auto layout */
flex: none;
order: 0;
align-self: stretch;
flex-grow: 0;


/* Текст */

width: 124px;
height: 19px;

font-family: 'Manrope';
font-style: normal;
font-weight: 700;
font-size: 14px;
line-height: 19px;
letter-spacing: 0.1em;
text-transform: uppercase;

color: #FDF1E5;

text-shadow: 0px 0px 10px #F46411;

/* Inside auto layout */
flex: none;
order: 0;
flex-grow: 0;


/* Скролл */

width: 4px;
height: 766px;


/* Inside auto layout */
flex: none;
order: 1;
align-self: stretch;
flex-grow: 0;


/* Общая полоска */

position: absolute;
width: 4px;
height: 766px;
left: 394px;
top: 15px;

background: rgba(49, 49, 49, 0.3);
border-radius: 100px;


/* Сам скролл */

position: absolute;
width: 4px;
height: 673.31px;
left: 394px;
top: 15px;

background: #313131;
border-radius: 100px;
