<svg width="1132" height="906" viewBox="0 0 1132 906" fill="none" xmlns="http://www.w3.org/2000/svg">
<rect x="0.5" y="0.5" width="1131" height="905" rx="14.5" fill="#161616"/>
<rect x="0.5" y="0.5" width="1131" height="905" rx="14.5" stroke="#212121"/>
<path d="M21.1465 23.372C21.8279 23.372 22.3365 23.2227 22.6725 22.924C23.0179 22.616 23.1905 22.224 23.1905 21.748V21.65C23.1905 21.1273 23.0225 20.7353 22.6865 20.474C22.3599 20.2127 21.9305 20.082 21.3985 20.082C20.8759 20.082 20.4512 20.1987 20.1245 20.432C19.8072 20.656 19.5459 20.9547 19.3405 21.328L18.4585 20.656C18.5799 20.46 18.7292 20.2687 18.9065 20.082C19.0839 19.886 19.2892 19.7133 19.5225 19.564C19.7652 19.4147 20.0405 19.2933 20.3485 19.2C20.6659 19.1067 21.0252 19.06 21.4265 19.06C21.8465 19.06 22.2385 19.116 22.6025 19.228C22.9665 19.3307 23.2839 19.4893 23.5545 19.704C23.8252 19.9093 24.0352 20.166 24.1845 20.474C24.3432 20.782 24.4225 21.132 24.4225 21.524C24.4225 21.8413 24.3712 22.126 24.2685 22.378C24.1752 22.63 24.0399 22.8493 23.8625 23.036C23.6945 23.2227 23.4939 23.3813 23.2605 23.512C23.0272 23.6427 22.7799 23.7407 22.5185 23.806V23.862C22.7892 23.918 23.0505 24.0113 23.3025 24.142C23.5545 24.2633 23.7785 24.4267 23.9745 24.632C24.1705 24.828 24.3245 25.0707 24.4365 25.36C24.5579 25.64 24.6185 25.962 24.6185 26.326C24.6185 26.746 24.5345 27.1333 24.3665 27.488C24.2079 27.8333 23.9792 28.132 23.6805 28.384C23.3912 28.6267 23.0365 28.818 22.6165 28.958C22.2059 29.098 21.7485 29.168 21.2445 29.168C20.8152 29.168 20.4325 29.1213 20.0965 29.028C19.7699 28.9347 19.4759 28.8087 19.2145 28.65C18.9625 28.4913 18.7385 28.314 18.5425 28.118C18.3559 27.922 18.1879 27.7167 18.0385 27.502L18.9205 26.83C19.0512 27.026 19.1865 27.2033 19.3265 27.362C19.4665 27.5207 19.6252 27.6607 19.8025 27.782C19.9892 27.894 20.1992 27.9827 20.4325 28.048C20.6659 28.1133 20.9365 28.146 21.2445 28.146C21.9352 28.146 22.4625 27.9873 22.8265 27.67C23.1999 27.3527 23.3865 26.9 23.3865 26.312V26.2C23.3865 25.6213 23.2045 25.1733 22.8405 24.856C22.4859 24.5387 21.9492 24.38 21.2305 24.38H20.0685V23.372H21.1465ZM29.9611 29.126C29.5784 29.126 29.3077 29.0467 29.1491 28.888C28.9997 28.7293 28.9251 28.5287 28.9251 28.286V28.034C28.9251 27.7913 28.9997 27.5907 29.1491 27.432C29.3077 27.2733 29.5784 27.194 29.9611 27.194C30.3437 27.194 30.6097 27.2733 30.7591 27.432C30.9177 27.5907 30.9971 27.7913 30.9971 28.034V28.286C30.9971 28.5287 30.9177 28.7293 30.7591 28.888C30.6097 29.0467 30.3437 29.126 29.9611 29.126ZM44.304 24.562H40.496V29H39.32V19.228H40.496V23.54H44.304V19.228H45.48V29H44.304V24.562ZM49.9405 27.978H51.3965L51.8865 26.718L48.6105 19.228H49.8705L51.8165 23.82L52.3905 25.388H52.4185L52.9505 23.834L54.6585 19.228H55.8625L52.6705 27.656C52.5679 27.936 52.4605 28.1647 52.3485 28.342C52.2365 28.5193 52.1059 28.6593 51.9565 28.762C51.8165 28.8553 51.6485 28.9207 51.4525 28.958C51.2659 28.986 51.0419 29 50.7805 29H49.9405V27.978ZM64.1591 24.1V21.006H64.0471L61.9891 26.032L59.9311 21.006H59.8191V24.1V29H58.7411V19.228H60.2531L61.9751 23.54H62.0591L63.7811 19.228H65.2371V29H64.1591V24.1ZM68.8436 29V19.228H74.8636V20.25H70.0196V23.54H74.6956V24.562H70.0196V27.978H74.8636V29H68.8436ZM78.6381 29V19.228H82.1941C83.0995 19.228 83.7901 19.4753 84.2661 19.97C84.7421 20.4647 84.9801 21.1553 84.9801 22.042C84.9801 22.9287 84.7421 23.6193 84.2661 24.114C83.7901 24.6087 83.0995 24.856 82.1941 24.856H79.8141V29H78.6381ZM79.8141 23.834H82.1661C82.6608 23.834 83.0435 23.7127 83.3141 23.47C83.5941 23.218 83.7341 22.8633 83.7341 22.406V21.678C83.7341 21.2207 83.5941 20.8707 83.3141 20.628C83.0435 20.376 82.6608 20.25 82.1661 20.25H79.8141V23.834ZM93.9067 29L93.0807 26.214H89.6507L88.8247 29H87.6067L90.6027 19.228H92.1567L95.1527 29H93.9067ZM91.4287 20.474H91.3027L89.9307 25.192H92.8007L91.4287 20.474ZM103.925 29H98.0872V19.228H99.2632V27.978H102.777V19.228H103.953V27.978H105.003V31.1H103.925V29ZM107.882 19.228H109.058V24.156L108.862 26.984H108.932L112.922 19.228H114.042V29H112.866V24.072L113.062 21.244H112.992L109.002 29H107.882V19.228ZM117.102 27.978H117.998L119.146 25.584C119.286 25.2853 119.431 25.0753 119.58 24.954C119.73 24.8233 119.916 24.7347 120.14 24.688V24.618C119.282 24.5713 118.642 24.3193 118.222 23.862C117.802 23.3953 117.592 22.7747 117.592 22C117.592 21.1507 117.826 20.4787 118.292 19.984C118.768 19.48 119.445 19.228 120.322 19.228H123.752V29H122.576V24.8H120.812L119.272 28.006C119.086 28.3887 118.89 28.65 118.684 28.79C118.488 28.93 118.255 29 117.984 29H117.102V27.978ZM122.576 20.25H120.35C119.884 20.25 119.515 20.376 119.244 20.628C118.974 20.8707 118.838 21.258 118.838 21.79V22.252C118.838 22.784 118.974 23.176 119.244 23.428C119.515 23.6707 119.884 23.792 120.35 23.792H122.576V20.25ZM137.265 19.228H138.441V24.156L138.245 26.984H138.315L142.305 19.228H143.425V29H142.249V24.072L142.445 21.244H142.375L138.385 29H137.265V19.228ZM159.934 29.168C159.337 29.168 158.824 29.056 158.394 28.832C157.965 28.5987 157.61 28.2673 157.33 27.838C157.05 27.4087 156.845 26.8813 156.714 26.256C156.584 25.6307 156.518 24.9167 156.518 24.114C156.518 23.3207 156.584 22.6113 156.714 21.986C156.845 21.3513 157.05 20.8193 157.33 20.39C157.61 19.9607 157.965 19.634 158.394 19.41C158.824 19.1767 159.337 19.06 159.934 19.06C160.532 19.06 161.045 19.1767 161.474 19.41C161.904 19.634 162.258 19.9607 162.538 20.39C162.818 20.8193 163.024 21.3513 163.154 21.986C163.285 22.6113 163.35 23.3207 163.35 24.114C163.35 24.9167 163.285 25.6307 163.154 26.256C163.024 26.8813 162.818 27.4087 162.538 27.838C162.258 28.2673 161.904 28.5987 161.474 28.832C161.045 29.056 160.532 29.168 159.934 29.168ZM159.934 28.146C160.326 28.146 160.658 28.0713 160.928 27.922C161.199 27.7633 161.423 27.544 161.6 27.264C161.778 26.984 161.904 26.648 161.978 26.256C162.062 25.8547 162.104 25.4067 162.104 24.912V23.316C162.104 22.8307 162.062 22.3873 161.978 21.986C161.904 21.5847 161.778 21.244 161.6 20.964C161.423 20.684 161.199 20.4693 160.928 20.32C160.658 20.1613 160.326 20.082 159.934 20.082C159.542 20.082 159.211 20.1613 158.94 20.32C158.67 20.4693 158.446 20.684 158.268 20.964C158.091 21.244 157.96 21.5847 157.876 21.986C157.802 22.3873 157.764 22.8307 157.764 23.316V24.912C157.764 25.4067 157.802 25.8547 157.876 26.256C157.96 26.648 158.091 26.984 158.268 27.264C158.446 27.544 158.67 27.7633 158.94 27.922C159.211 28.0713 159.542 28.146 159.934 28.146ZM166.691 19.228H172.767V29H171.591V20.25H167.867V29H166.691V19.228ZM176.443 19.228H177.619V24.156L177.423 26.984H177.493L181.483 19.228H182.603V29H181.427V24.072L181.623 21.244H181.553L177.563 29H176.443V19.228ZM189.64 29.168C188.445 29.168 187.554 28.734 186.966 27.866C186.387 26.998 186.098 25.7473 186.098 24.114C186.098 22.4807 186.387 21.23 186.966 20.362C187.554 19.494 188.445 19.06 189.64 19.06C190.088 19.06 190.475 19.1207 190.802 19.242C191.129 19.3633 191.409 19.5267 191.642 19.732C191.875 19.9373 192.071 20.1707 192.23 20.432C192.389 20.684 192.529 20.9407 192.65 21.202L191.642 21.664C191.558 21.4493 191.46 21.2487 191.348 21.062C191.236 20.866 191.101 20.698 190.942 20.558C190.793 20.4087 190.611 20.292 190.396 20.208C190.191 20.124 189.939 20.082 189.64 20.082C188.865 20.082 188.287 20.376 187.904 20.964C187.531 21.552 187.344 22.336 187.344 23.316V24.912C187.344 25.892 187.531 26.676 187.904 27.264C188.287 27.852 188.865 28.146 189.64 28.146C189.939 28.146 190.191 28.104 190.396 28.02C190.611 27.936 190.793 27.824 190.942 27.684C191.101 27.5347 191.236 27.3667 191.348 27.18C191.46 26.984 191.558 26.7787 191.642 26.564L192.65 27.026C192.529 27.2967 192.389 27.558 192.23 27.81C192.071 28.062 191.875 28.2907 191.642 28.496C191.409 28.7013 191.129 28.8647 190.802 28.986C190.475 29.1073 190.088 29.168 189.64 29.168ZM201.647 29L200.821 26.214H197.391L196.565 29H195.347L198.343 19.228H199.897L202.893 29H201.647ZM199.169 20.474H199.043L197.671 25.192H200.541L199.169 20.474ZM210.811 24.562H207.003V29H205.827V19.228H207.003V23.54H210.811V19.228H211.987V29H210.811V24.562ZM215.622 19.228H216.798V24.156L216.602 26.984H216.672L220.662 19.228H221.782V29H220.606V24.072L220.802 21.244H220.732L216.742 29H215.622V19.228ZM225.556 29V19.228H231.576V20.25H226.732V23.54H231.408V24.562H226.732V27.978H231.576V29H225.556Z" fill="#707070"/>
<g filter="url(#filter0_ii_5194_3492)">
<rect x="20" y="53" width="36" height="18" rx="9" fill="#292929"/>
</g>
<rect x="24.05" y="57.05" width="27.9" height="9.9" rx="4.95" fill="#070709" stroke="url(#paint0_linear_5194_3492)" stroke-width="0.1"/>
<g filter="url(#filter1_i_5194_3492)">
<rect x="25" y="58" width="26" height="8" rx="4" fill="url(#paint1_radial_5194_3492)"/>
<rect x="25" y="58" width="26" height="8" rx="4" fill="url(#paint2_radial_5194_3492)"/>
</g>
<g filter="url(#filter2_i_5194_3492)">
<rect x="22" y="55" width="23" height="14" rx="7" fill="url(#paint3_linear_5194_3492)"/>
<rect x="22" y="55" width="23" height="14" rx="7" fill="url(#paint4_radial_5194_3492)"/>
<path d="M28 56.0996C30.6899 56.0996 32.9004 58.7237 32.9004 62C32.9004 65.2763 30.6899 67.9004 28 67.9004C25.3101 67.9004 23.0996 65.2763 23.0996 62C23.0996 58.7237 25.3101 56.0996 28 56.0996Z" fill="url(#paint5_linear_5194_3492)" stroke="url(#paint6_linear_5194_3492)" stroke-width="0.2"/>
<path d="M39 56.0996C41.6899 56.0996 43.9004 58.7237 43.9004 62C43.9004 65.2763 41.6899 67.9004 39 67.9004C36.3101 67.9004 34.0996 65.2763 34.0996 62C34.0996 58.7237 36.3101 56.0996 39 56.0996Z" fill="url(#paint7_linear_5194_3492)" stroke="url(#paint8_linear_5194_3492)" stroke-width="0.2"/>
</g>
<path d="M71.374 67H70.486V59.914L65.728 67H64.84V58.36H65.728V65.44L70.486 58.36H71.374V67ZM76.9428 67.18C76.2908 67.18 75.7388 67.034 75.2868 66.742C74.8348 66.45 74.4908 66.048 74.2548 65.536C74.0228 65.02 73.9028 64.428 73.8948 63.76C73.9028 63.08 74.0268 62.484 74.2668 61.972C74.5068 61.456 74.8528 61.056 75.3048 60.772C75.7568 60.484 76.3048 60.34 76.9488 60.34C77.6048 60.34 78.1748 60.5 78.6588 60.82C79.1468 61.14 79.4808 61.578 79.6608 62.134L78.7968 62.41C78.6448 62.022 78.4028 61.722 78.0708 61.51C77.7428 61.294 77.3668 61.186 76.9428 61.186C76.4668 61.186 76.0728 61.296 75.7608 61.516C75.4488 61.732 75.2168 62.034 75.0648 62.422C74.9128 62.81 74.8348 63.256 74.8308 63.76C74.8388 64.536 75.0188 65.16 75.3708 65.632C75.7228 66.1 76.2468 66.334 76.9428 66.334C77.3828 66.334 77.7568 66.234 78.0648 66.034C78.3768 65.83 78.6128 65.534 78.7728 65.146L79.6608 65.41C79.4208 65.986 79.0688 66.426 78.6048 66.73C78.1408 67.03 77.5868 67.18 76.9428 67.18ZM82.0934 67V60.52H87.2474V67H86.3654V61.366H82.9754V67H82.0934ZM92.8374 67.18C92.1934 67.18 91.6434 67.034 91.1874 66.742C90.7314 66.45 90.3814 66.046 90.1374 65.53C89.8934 65.014 89.7714 64.422 89.7714 63.754C89.7714 63.074 89.8954 62.478 90.1434 61.966C90.3914 61.454 90.7434 61.056 91.1994 60.772C91.6594 60.484 92.2054 60.34 92.8374 60.34C93.4854 60.34 94.0374 60.486 94.4934 60.778C94.9534 61.066 95.3034 61.468 95.5434 61.984C95.7874 62.496 95.9094 63.086 95.9094 63.754C95.9094 64.434 95.7874 65.032 95.5434 65.548C95.2994 66.06 94.9474 66.46 94.4874 66.748C94.0274 67.036 93.4774 67.18 92.8374 67.18ZM92.8374 66.334C93.5574 66.334 94.0934 66.096 94.4454 65.62C94.7974 65.14 94.9734 64.518 94.9734 63.754C94.9734 62.97 94.7954 62.346 94.4394 61.882C94.0874 61.418 93.5534 61.186 92.8374 61.186C92.3534 61.186 91.9534 61.296 91.6374 61.516C91.3254 61.732 91.0914 62.034 90.9354 62.422C90.7834 62.806 90.7074 63.25 90.7074 63.754C90.7074 64.534 90.8874 65.16 91.2474 65.632C91.6074 66.1 92.1374 66.334 92.8374 66.334ZM97.833 67V66.226C98.073 66.27 98.255 66.26 98.379 66.196C98.507 66.128 98.601 66.016 98.661 65.86C98.721 65.7 98.771 65.502 98.811 65.266C98.875 64.874 98.933 64.442 98.985 63.97C99.037 63.498 99.083 62.978 99.123 62.41C99.167 61.838 99.211 61.208 99.255 60.52H103.659V67H102.783V61.366H100.071C100.043 61.79 100.011 62.212 99.975 62.632C99.939 63.052 99.901 63.456 99.861 63.844C99.825 64.228 99.785 64.582 99.741 64.906C99.697 65.23 99.651 65.51 99.603 65.746C99.531 66.102 99.435 66.386 99.315 66.598C99.199 66.81 99.025 66.95 98.793 67.018C98.561 67.086 98.241 67.08 97.833 67ZM106.541 67L106.529 60.52H107.417V62.962H108.935C109.123 62.962 109.307 62.966 109.487 62.974C109.671 62.982 109.833 62.998 109.973 63.022C110.293 63.082 110.577 63.188 110.825 63.34C111.077 63.492 111.273 63.702 111.413 63.97C111.557 64.238 111.629 64.574 111.629 64.978C111.629 65.534 111.485 65.972 111.197 66.292C110.913 66.612 110.553 66.82 110.117 66.916C109.953 66.952 109.775 66.976 109.583 66.988C109.391 66.996 109.201 67 109.013 67H106.541ZM107.417 66.244H108.977C109.113 66.244 109.265 66.24 109.433 66.232C109.601 66.224 109.749 66.202 109.877 66.166C110.089 66.106 110.281 65.986 110.453 65.806C110.629 65.622 110.717 65.346 110.717 64.978C110.717 64.614 110.633 64.34 110.465 64.156C110.297 63.968 110.073 63.844 109.793 63.784C109.669 63.756 109.535 63.738 109.391 63.73C109.247 63.722 109.109 63.718 108.977 63.718H107.417V66.244ZM116.479 67.18C115.827 67.18 115.257 67.038 114.769 66.754C114.285 66.466 113.903 66.068 113.623 65.56L114.331 65.11C114.567 65.51 114.861 65.814 115.213 66.022C115.565 66.23 115.969 66.334 116.425 66.334C116.901 66.334 117.283 66.224 117.571 66.004C117.859 65.784 118.003 65.482 118.003 65.098C118.003 64.834 117.941 64.624 117.817 64.468C117.697 64.312 117.513 64.2 117.265 64.132C117.021 64.064 116.715 64.03 116.347 64.03H115.579V63.274H116.335C116.783 63.274 117.143 63.194 117.415 63.034C117.691 62.87 117.829 62.614 117.829 62.266C117.829 61.898 117.691 61.626 117.415 61.45C117.143 61.27 116.817 61.18 116.437 61.18C116.053 61.18 115.689 61.26 115.345 61.42C115.005 61.576 114.719 61.778 114.487 62.026L113.923 61.432C114.247 61.076 114.625 60.806 115.057 60.622C115.493 60.434 115.975 60.34 116.503 60.34C116.919 60.34 117.295 60.414 117.631 60.562C117.971 60.706 118.239 60.918 118.435 61.198C118.635 61.478 118.735 61.814 118.735 62.206C118.735 62.574 118.645 62.892 118.465 63.16C118.289 63.428 118.039 63.65 117.715 63.826L117.667 63.496C117.947 63.548 118.179 63.66 118.363 63.832C118.547 64.004 118.683 64.21 118.771 64.45C118.859 64.69 118.903 64.934 118.903 65.182C118.903 65.594 118.795 65.95 118.579 66.25C118.367 66.546 118.077 66.776 117.709 66.94C117.345 67.1 116.935 67.18 116.479 67.18ZM124.134 67.18C123.49 67.18 122.94 67.034 122.484 66.742C122.028 66.45 121.678 66.046 121.434 65.53C121.19 65.014 121.068 64.422 121.068 63.754C121.068 63.074 121.192 62.478 121.44 61.966C121.688 61.454 122.04 61.056 122.496 60.772C122.956 60.484 123.502 60.34 124.134 60.34C124.782 60.34 125.334 60.486 125.79 60.778C126.25 61.066 126.6 61.468 126.84 61.984C127.084 62.496 127.206 63.086 127.206 63.754C127.206 64.434 127.084 65.032 126.84 65.548C126.596 66.06 126.244 66.46 125.784 66.748C125.324 67.036 124.774 67.18 124.134 67.18ZM124.134 66.334C124.854 66.334 125.39 66.096 125.742 65.62C126.094 65.14 126.27 64.518 126.27 63.754C126.27 62.97 126.092 62.346 125.736 61.882C125.384 61.418 124.85 61.186 124.134 61.186C123.65 61.186 123.25 61.296 122.934 61.516C122.622 61.732 122.388 62.034 122.232 62.422C122.08 62.806 122.004 63.25 122.004 63.754C122.004 64.534 122.184 65.16 122.544 65.632C122.904 66.1 123.434 66.334 124.134 66.334ZM129.723 67V60.52H132.393C132.529 60.52 132.693 60.528 132.885 60.544C133.081 60.56 133.263 60.59 133.431 60.634C133.795 60.73 134.087 60.926 134.307 61.222C134.531 61.518 134.643 61.874 134.643 62.29C134.643 62.522 134.607 62.73 134.535 62.914C134.467 63.094 134.369 63.25 134.241 63.382C134.181 63.45 134.115 63.51 134.043 63.562C133.971 63.61 133.901 63.65 133.833 63.682C133.961 63.706 134.099 63.762 134.247 63.85C134.479 63.986 134.655 64.17 134.775 64.402C134.895 64.63 134.955 64.908 134.955 65.236C134.955 65.68 134.849 66.042 134.637 66.322C134.425 66.602 134.141 66.794 133.785 66.898C133.625 66.942 133.451 66.97 133.263 66.982C133.079 66.994 132.905 67 132.741 67H129.723ZM130.611 66.25H132.699C132.783 66.25 132.889 66.244 133.017 66.232C133.145 66.216 133.259 66.196 133.359 66.172C133.595 66.112 133.767 65.992 133.875 65.812C133.987 65.628 134.043 65.428 134.043 65.212C134.043 64.928 133.959 64.696 133.791 64.516C133.627 64.332 133.407 64.22 133.131 64.18C133.039 64.16 132.943 64.148 132.843 64.144C132.743 64.14 132.653 64.138 132.573 64.138H130.611V66.25ZM130.611 63.382H132.423C132.527 63.382 132.643 63.376 132.771 63.364C132.903 63.348 133.017 63.322 133.113 63.286C133.321 63.214 133.473 63.09 133.569 62.914C133.669 62.738 133.719 62.546 133.719 62.338C133.719 62.11 133.665 61.91 133.557 61.738C133.453 61.566 133.295 61.446 133.083 61.378C132.939 61.326 132.783 61.296 132.615 61.288C132.451 61.28 132.347 61.276 132.303 61.276H130.611V63.382ZM139.205 67.18C138.717 67.18 138.307 67.092 137.975 66.916C137.647 66.74 137.401 66.506 137.237 66.214C137.073 65.922 136.991 65.604 136.991 65.26C136.991 64.908 137.061 64.608 137.201 64.36C137.345 64.108 137.539 63.902 137.783 63.742C138.031 63.582 138.317 63.46 138.641 63.376C138.969 63.296 139.331 63.226 139.727 63.166C140.127 63.102 140.517 63.048 140.897 63.004C141.281 62.956 141.617 62.91 141.905 62.866L141.593 63.058C141.605 62.418 141.481 61.944 141.221 61.636C140.961 61.328 140.509 61.174 139.865 61.174C139.421 61.174 139.045 61.274 138.737 61.474C138.433 61.674 138.219 61.99 138.095 62.422L137.237 62.17C137.385 61.59 137.683 61.14 138.131 60.82C138.579 60.5 139.161 60.34 139.877 60.34C140.469 60.34 140.971 60.452 141.383 60.676C141.799 60.896 142.093 61.216 142.265 61.636C142.345 61.824 142.397 62.034 142.421 62.266C142.445 62.498 142.457 62.734 142.457 62.974V67H141.671V65.374L141.899 65.47C141.679 66.026 141.337 66.45 140.873 66.742C140.409 67.034 139.853 67.18 139.205 67.18ZM139.307 66.418C139.719 66.418 140.079 66.344 140.387 66.196C140.695 66.048 140.943 65.846 141.131 65.59C141.319 65.33 141.441 65.038 141.497 64.714C141.545 64.506 141.571 64.278 141.575 64.03C141.579 63.778 141.581 63.59 141.581 63.466L141.917 63.64C141.617 63.68 141.291 63.72 140.939 63.76C140.591 63.8 140.247 63.846 139.907 63.898C139.571 63.95 139.267 64.012 138.995 64.084C138.811 64.136 138.633 64.21 138.461 64.306C138.289 64.398 138.147 64.522 138.035 64.678C137.927 64.834 137.873 65.028 137.873 65.26C137.873 65.448 137.919 65.63 138.011 65.806C138.107 65.982 138.259 66.128 138.467 66.244C138.679 66.36 138.959 66.418 139.307 66.418ZM146.977 67V61.336H144.679V60.52H150.157V61.336H147.859V67H146.977ZM152.507 67L152.495 60.52H153.383V62.962H154.901C155.089 62.962 155.273 62.966 155.453 62.974C155.637 62.982 155.799 62.998 155.939 63.022C156.259 63.082 156.543 63.188 156.791 63.34C157.043 63.492 157.239 63.702 157.379 63.97C157.523 64.238 157.595 64.574 157.595 64.978C157.595 65.534 157.451 65.972 157.163 66.292C156.879 66.612 156.519 66.82 156.083 66.916C155.919 66.952 155.741 66.976 155.549 66.988C155.357 66.996 155.167 67 154.979 67H152.507ZM153.383 66.244H154.943C155.079 66.244 155.231 66.24 155.399 66.232C155.567 66.224 155.715 66.202 155.843 66.166C156.055 66.106 156.247 65.986 156.419 65.806C156.595 65.622 156.683 65.346 156.683 64.978C156.683 64.614 156.599 64.34 156.431 64.156C156.263 63.968 156.039 63.844 155.759 63.784C155.635 63.756 155.501 63.738 155.357 63.73C155.213 63.722 155.075 63.718 154.943 63.718H153.383V66.244ZM163.707 67V60.52H164.589V63.334H168.243V60.52H169.125V67H168.243V64.18H164.589V67H163.707ZM172.927 69.88L174.181 66.478L174.199 67.486L171.361 60.52H172.297L174.625 66.346H174.241L176.389 60.52H177.289L173.809 69.88H172.927ZM179.525 67V60.52H180.311L182.837 65.824L185.369 60.52H186.149V67H185.297V62.404L183.119 67H182.561L180.383 62.404V67H179.525ZM191.77 67.18C191.138 67.18 190.59 67.04 190.126 66.76C189.666 66.48 189.308 66.086 189.052 65.578C188.796 65.07 188.668 64.474 188.668 63.79C188.668 63.082 188.794 62.47 189.046 61.954C189.298 61.438 189.652 61.04 190.108 60.76C190.568 60.48 191.11 60.34 191.734 60.34C192.374 60.34 192.92 60.488 193.372 60.784C193.824 61.076 194.166 61.496 194.398 62.044C194.63 62.592 194.736 63.246 194.716 64.006H193.816V63.694C193.8 62.854 193.618 62.22 193.27 61.792C192.926 61.364 192.422 61.15 191.758 61.15C191.062 61.15 190.528 61.376 190.156 61.828C189.788 62.28 189.604 62.924 189.604 63.76C189.604 64.576 189.788 65.21 190.156 65.662C190.528 66.11 191.054 66.334 191.734 66.334C192.198 66.334 192.602 66.228 192.946 66.016C193.294 65.8 193.568 65.49 193.768 65.086L194.59 65.404C194.334 65.968 193.956 66.406 193.456 66.718C192.96 67.026 192.398 67.18 191.77 67.18ZM189.292 64.006V63.268H194.242V64.006H189.292ZM200.158 67.18C199.562 67.18 199.058 67.03 198.646 66.73C198.234 66.426 197.922 66.016 197.71 65.5C197.498 64.98 197.392 64.398 197.392 63.754C197.392 63.098 197.498 62.514 197.71 62.002C197.926 61.486 198.242 61.08 198.658 60.784C199.074 60.488 199.586 60.34 200.194 60.34C200.786 60.34 201.294 60.49 201.718 60.79C202.142 61.09 202.466 61.498 202.69 62.014C202.918 62.53 203.032 63.11 203.032 63.754C203.032 64.402 202.918 64.984 202.69 65.5C202.462 66.016 202.134 66.426 201.706 66.73C201.278 67.03 200.762 67.18 200.158 67.18ZM197.242 69.88V60.52H198.034V65.398H198.13V69.88H197.242ZM200.068 66.358C200.52 66.358 200.896 66.244 201.196 66.016C201.496 65.788 201.72 65.478 201.868 65.086C202.02 64.69 202.096 64.246 202.096 63.754C202.096 63.266 202.022 62.826 201.874 62.434C201.726 62.042 201.5 61.732 201.196 61.504C200.896 61.276 200.514 61.162 200.05 61.162C199.598 61.162 199.222 61.272 198.922 61.492C198.626 61.712 198.404 62.018 198.256 62.41C198.108 62.798 198.034 63.246 198.034 63.754C198.034 64.254 198.108 64.702 198.256 65.098C198.404 65.49 198.628 65.798 198.928 66.022C199.228 66.246 199.608 66.358 200.068 66.358ZM207.403 67.18C206.915 67.18 206.505 67.092 206.173 66.916C205.845 66.74 205.599 66.506 205.435 66.214C205.271 65.922 205.189 65.604 205.189 65.26C205.189 64.908 205.259 64.608 205.399 64.36C205.543 64.108 205.737 63.902 205.981 63.742C206.229 63.582 206.515 63.46 206.839 63.376C207.167 63.296 207.529 63.226 207.925 63.166C208.325 63.102 208.715 63.048 209.095 63.004C209.479 62.956 209.815 62.91 210.103 62.866L209.791 63.058C209.803 62.418 209.679 61.944 209.419 61.636C209.159 61.328 208.707 61.174 208.063 61.174C207.619 61.174 207.243 61.274 206.935 61.474C206.631 61.674 206.417 61.99 206.293 62.422L205.435 62.17C205.583 61.59 205.881 61.14 206.329 60.82C206.777 60.5 207.359 60.34 208.075 60.34C208.667 60.34 209.169 60.452 209.581 60.676C209.997 60.896 210.291 61.216 210.463 61.636C210.543 61.824 210.595 62.034 210.619 62.266C210.643 62.498 210.655 62.734 210.655 62.974V67H209.869V65.374L210.097 65.47C209.877 66.026 209.535 66.45 209.071 66.742C208.607 67.034 208.051 67.18 207.403 67.18ZM207.505 66.418C207.917 66.418 208.277 66.344 208.585 66.196C208.893 66.048 209.141 65.846 209.329 65.59C209.517 65.33 209.639 65.038 209.695 64.714C209.743 64.506 209.769 64.278 209.773 64.03C209.777 63.778 209.779 63.59 209.779 63.466L210.115 63.64C209.815 63.68 209.489 63.72 209.137 63.76C208.789 63.8 208.445 63.846 208.105 63.898C207.769 63.95 207.465 64.012 207.193 64.084C207.009 64.136 206.831 64.21 206.659 64.306C206.487 64.398 206.345 64.522 206.233 64.678C206.125 64.834 206.071 65.028 206.071 65.26C206.071 65.448 206.117 65.63 206.209 65.806C206.305 65.982 206.457 66.128 206.665 66.244C206.877 66.36 207.157 66.418 207.505 66.418ZM218.985 68.122V67H213.411V60.52H214.293V66.154H217.683V60.52H218.565V66.184H219.867V68.122H218.985ZM227.172 60.52V67H226.314V61.954L222.762 67H222.018V60.52H222.876V65.524L226.434 60.52H227.172ZM235.156 67.18C234.584 67.18 234.086 67.058 233.662 66.814C233.238 66.566 232.9 66.22 232.648 65.776C232.4 65.328 232.25 64.802 232.198 64.198H230.932V67H230.05V60.52H230.932V63.322H232.192C232.244 62.71 232.396 62.182 232.648 61.738C232.904 61.29 233.244 60.946 233.668 60.706C234.096 60.462 234.594 60.34 235.162 60.34C235.806 60.34 236.356 60.486 236.812 60.778C237.272 61.07 237.622 61.472 237.862 61.984C238.106 62.496 238.228 63.084 238.228 63.748C238.228 64.428 238.104 65.026 237.856 65.542C237.612 66.058 237.26 66.46 236.8 66.748C236.344 67.036 235.796 67.18 235.156 67.18ZM235.138 66.334C235.866 66.334 236.406 66.098 236.758 65.626C237.114 65.15 237.292 64.526 237.292 63.754C237.292 62.966 237.112 62.342 236.752 61.882C236.396 61.418 235.86 61.186 235.144 61.186C234.46 61.186 233.936 61.414 233.572 61.87C233.208 62.322 233.026 62.948 233.026 63.748C233.026 64.532 233.204 65.16 233.56 65.632C233.92 66.1 234.446 66.334 235.138 66.334Z" fill="#B4B4B4"/>
<rect x="247.5" y="55" width="14" height="14" rx="7" stroke="#707070"/>
<path d="M254.42 64.9049C254.974 64.9534 255.323 64.4307 255.684 64.0971C255.759 64.0809 255.752 64.2012 255.732 64.2467C255.665 64.4085 255.118 65.1769 254.979 65.3133C254.32 65.9665 252.469 66.5357 252.663 65.1283C252.741 64.5622 254.064 61.4017 253.914 61.2663C253.384 61.24 252.914 61.6292 252.549 61.973C252.494 61.5675 253.237 60.9195 253.608 60.7072C254.288 60.3169 255.99 59.9499 255.815 61.1884C255.737 61.7424 254.239 64.7229 254.42 64.9049Z" fill="#707070"/>
<path d="M255 58.0563C256.748 57.6064 256.945 59.9944 255.456 60.1329C254.228 60.2472 253.913 58.3363 255 58.0563Z" fill="#707070"/>
<line x1="20.5" y1="90.5" x2="550.5" y2="90.5" stroke="#212121" stroke-linecap="round" stroke-dasharray="6 6"/>
<path d="M21.162 115.228H27.238V125H26.062V116.25H22.338V125H21.162V115.228ZM31.0545 125V115.228H37.0745V116.25H32.2305V119.54H36.9065V120.562H32.2305V123.978H37.0745V125H31.0545ZM40.8491 125V115.228H44.4051C45.3104 115.228 46.0011 115.475 46.4771 115.97C46.9531 116.465 47.1911 117.155 47.1911 118.042C47.1911 118.929 46.9531 119.619 46.4771 120.114C46.0011 120.609 45.3104 120.856 44.4051 120.856H42.0251V125H40.8491ZM42.0251 119.834H44.3771C44.8717 119.834 45.2544 119.713 45.5251 119.47C45.8051 119.218 45.9451 118.863 45.9451 118.406V117.678C45.9451 117.221 45.8051 116.871 45.5251 116.628C45.2544 116.376 44.8717 116.25 44.3771 116.25H42.0251V119.834ZM50.6156 115.228H53.9336C54.7736 115.228 55.4316 115.457 55.9076 115.914C56.3836 116.371 56.6216 116.983 56.6216 117.748C56.6216 118.336 56.4769 118.798 56.1876 119.134C55.9076 119.47 55.5436 119.708 55.0956 119.848V119.89C55.6463 120.021 56.0989 120.268 56.4536 120.632C56.8083 120.987 56.9856 121.505 56.9856 122.186C56.9856 122.578 56.9203 122.947 56.7896 123.292C56.6589 123.637 56.4723 123.936 56.2296 124.188C55.9963 124.44 55.7163 124.641 55.3896 124.79C55.0723 124.93 54.7269 125 54.3536 125H50.6156V115.228ZM54.0036 123.978C54.5449 123.978 54.9696 123.857 55.2776 123.614C55.5856 123.371 55.7396 122.998 55.7396 122.494V121.92C55.7396 121.425 55.5856 121.057 55.2776 120.814C54.9696 120.562 54.5449 120.436 54.0036 120.436H51.7916V123.978H54.0036ZM53.8076 119.47C54.3023 119.47 54.6896 119.363 54.9696 119.148C55.2496 118.924 55.3896 118.588 55.3896 118.14V117.594C55.3896 117.146 55.2496 116.81 54.9696 116.586C54.6896 116.362 54.3023 116.25 53.8076 116.25H51.7916V119.47H53.8076ZM63.3781 125.168C62.7808 125.168 62.2675 125.056 61.8381 124.832C61.4088 124.599 61.0541 124.267 60.7741 123.838C60.4941 123.409 60.2888 122.881 60.1581 122.256C60.0275 121.631 59.9621 120.917 59.9621 120.114C59.9621 119.321 60.0275 118.611 60.1581 117.986C60.2888 117.351 60.4941 116.819 60.7741 116.39C61.0541 115.961 61.4088 115.634 61.8381 115.41C62.2675 115.177 62.7808 115.06 63.3781 115.06C63.9755 115.06 64.4888 115.177 64.9181 115.41C65.3475 115.634 65.7021 115.961 65.9821 116.39C66.2621 116.819 66.4675 117.351 66.5981 117.986C66.7288 118.611 66.7941 119.321 66.7941 120.114C66.7941 120.917 66.7288 121.631 66.5981 122.256C66.4675 122.881 66.2621 123.409 65.9821 123.838C65.7021 124.267 65.3475 124.599 64.9181 124.832C64.4888 125.056 63.9755 125.168 63.3781 125.168ZM63.3781 124.146C63.7701 124.146 64.1015 124.071 64.3721 123.922C64.6428 123.763 64.8668 123.544 65.0441 123.264C65.2215 122.984 65.3475 122.648 65.4221 122.256C65.5061 121.855 65.5481 121.407 65.5481 120.912V119.316C65.5481 118.831 65.5061 118.387 65.4221 117.986C65.3475 117.585 65.2215 117.244 65.0441 116.964C64.8668 116.684 64.6428 116.469 64.3721 116.32C64.1015 116.161 63.7701 116.082 63.3781 116.082C62.9861 116.082 62.6548 116.161 62.3841 116.32C62.1135 116.469 61.8895 116.684 61.7121 116.964C61.5348 117.244 61.4041 117.585 61.3201 117.986C61.2455 118.387 61.2081 118.831 61.2081 119.316V120.912C61.2081 121.407 61.2455 121.855 61.3201 122.256C61.4041 122.648 61.5348 122.984 61.7121 123.264C61.8895 123.544 62.1135 123.763 62.3841 123.922C62.6548 124.071 62.9861 124.146 63.3781 124.146ZM70.2327 125V115.228H76.2527V116.25H71.4087V119.54H76.0847V120.562H71.4087V123.978H76.2527V125H70.2327ZM94.5537 121.15H94.4837C94.2317 121.253 93.9377 121.332 93.6017 121.388C93.2751 121.444 92.9157 121.472 92.5237 121.472C91.9451 121.472 91.4551 121.402 91.0537 121.262C90.6524 121.122 90.3304 120.907 90.0877 120.618C89.8451 120.329 89.6677 119.969 89.5557 119.54C89.4531 119.101 89.4017 118.588 89.4017 118V115.228H90.5777V118C90.5777 118.448 90.6104 118.831 90.6757 119.148C90.7411 119.456 90.8484 119.708 90.9977 119.904C91.1564 120.091 91.3617 120.231 91.6137 120.324C91.8751 120.408 92.1924 120.45 92.5657 120.45C92.9857 120.45 93.3451 120.422 93.6437 120.366C93.9517 120.31 94.2551 120.226 94.5537 120.114V115.228H95.7297V125H94.5537V121.15ZM99.4762 115.228H100.652V120.156L100.456 122.984H100.526L104.516 115.228H105.636V125H104.46V120.072L104.656 117.244H104.586L100.596 125H99.4762V115.228ZM112.673 125.168C111.478 125.168 110.587 124.734 109.999 123.866C109.42 122.998 109.131 121.747 109.131 120.114C109.131 118.481 109.42 117.23 109.999 116.362C110.587 115.494 111.478 115.06 112.673 115.06C113.121 115.06 113.508 115.121 113.835 115.242C114.161 115.363 114.441 115.527 114.675 115.732C114.908 115.937 115.104 116.171 115.263 116.432C115.421 116.684 115.561 116.941 115.683 117.202L114.675 117.664C114.591 117.449 114.493 117.249 114.381 117.062C114.269 116.866 114.133 116.698 113.975 116.558C113.825 116.409 113.643 116.292 113.429 116.208C113.223 116.124 112.971 116.082 112.673 116.082C111.898 116.082 111.319 116.376 110.937 116.964C110.563 117.552 110.377 118.336 110.377 119.316V120.912C110.377 121.892 110.563 122.676 110.937 123.264C111.319 123.852 111.898 124.146 112.673 124.146C112.971 124.146 113.223 124.104 113.429 124.02C113.643 123.936 113.825 123.824 113.975 123.684C114.133 123.535 114.269 123.367 114.381 123.18C114.493 122.984 114.591 122.779 114.675 122.564L115.683 123.026C115.561 123.297 115.421 123.558 115.263 123.81C115.104 124.062 114.908 124.291 114.675 124.496C114.441 124.701 114.161 124.865 113.835 124.986C113.508 125.107 113.121 125.168 112.673 125.168ZM124.063 116.25H121.319V118.014C121.319 119.022 121.287 119.885 121.221 120.604C121.165 121.323 121.081 121.929 120.969 122.424C120.857 122.919 120.717 123.325 120.549 123.642C120.381 123.959 120.19 124.225 119.975 124.44C119.779 124.636 119.56 124.781 119.317 124.874C119.075 124.958 118.785 125 118.449 125H118.015V123.978H118.953C119.168 123.773 119.35 123.525 119.499 123.236C119.658 122.937 119.784 122.559 119.877 122.102C119.98 121.635 120.055 121.066 120.101 120.394C120.148 119.722 120.171 118.901 120.171 117.93V115.228H125.239V125H124.063V116.25ZM131.94 125.168C131.343 125.168 130.829 125.056 130.4 124.832C129.971 124.599 129.616 124.267 129.336 123.838C129.056 123.409 128.851 122.881 128.72 122.256C128.589 121.631 128.524 120.917 128.524 120.114C128.524 119.321 128.589 118.611 128.72 117.986C128.851 117.351 129.056 116.819 129.336 116.39C129.616 115.961 129.971 115.634 130.4 115.41C130.829 115.177 131.343 115.06 131.94 115.06C132.537 115.06 133.051 115.177 133.48 115.41C133.909 115.634 134.264 115.961 134.544 116.39C134.824 116.819 135.029 117.351 135.16 117.986C135.291 118.611 135.356 119.321 135.356 120.114C135.356 120.917 135.291 121.631 135.16 122.256C135.029 122.881 134.824 123.409 134.544 123.838C134.264 124.267 133.909 124.599 133.48 124.832C133.051 125.056 132.537 125.168 131.94 125.168ZM131.94 124.146C132.332 124.146 132.663 124.071 132.934 123.922C133.205 123.763 133.429 123.544 133.606 123.264C133.783 122.984 133.909 122.648 133.984 122.256C134.068 121.855 134.11 121.407 134.11 120.912V119.316C134.11 118.831 134.068 118.387 133.984 117.986C133.909 117.585 133.783 117.244 133.606 116.964C133.429 116.684 133.205 116.469 132.934 116.32C132.663 116.161 132.332 116.082 131.94 116.082C131.548 116.082 131.217 116.161 130.946 116.32C130.675 116.469 130.451 116.684 130.274 116.964C130.097 117.244 129.966 117.585 129.882 117.986C129.807 118.387 129.77 118.831 129.77 119.316V120.912C129.77 121.407 129.807 121.855 129.882 122.256C129.966 122.648 130.097 122.984 130.274 123.264C130.451 123.544 130.675 123.763 130.946 123.922C131.217 124.071 131.548 124.146 131.94 124.146Z" fill="#707070"/>
<path d="M20.168 156.124H20.888C21.248 155.612 21.52 154.956 21.704 154.156C21.888 153.348 21.98 152.324 21.98 151.084V148.624H25.892V156.124H26.912V158.8H25.988V157H21.092V158.8H20.168V156.124ZM24.884 149.5H22.964V151.156C22.964 152.428 22.876 153.464 22.7 154.264C22.532 155.064 22.312 155.684 22.04 156.124H24.884V149.5ZM31.9953 157.144C31.5633 157.144 31.1713 157.068 30.8193 156.916C30.4753 156.764 30.1793 156.548 29.9313 156.268C29.6913 155.98 29.5073 155.64 29.3793 155.248C29.2513 154.848 29.1873 154.4 29.1873 153.904C29.1873 153.416 29.2513 152.972 29.3793 152.572C29.5073 152.172 29.6913 151.832 29.9313 151.552C30.1793 151.264 30.4753 151.044 30.8193 150.892C31.1713 150.74 31.5633 150.664 31.9953 150.664C32.4273 150.664 32.8153 150.74 33.1593 150.892C33.5113 151.044 33.8073 151.264 34.0473 151.552C34.2953 151.832 34.4833 152.172 34.6113 152.572C34.7393 152.972 34.8033 153.416 34.8033 153.904C34.8033 154.4 34.7393 154.848 34.6113 155.248C34.4833 155.64 34.2953 155.98 34.0473 156.268C33.8073 156.548 33.5113 156.764 33.1593 156.916C32.8153 157.068 32.4273 157.144 31.9953 157.144ZM31.9953 156.316C32.5313 156.316 32.9633 156.156 33.2913 155.836C33.6193 155.516 33.7833 155.02 33.7833 154.348V153.46C33.7833 152.788 33.6193 152.292 33.2913 151.972C32.9633 151.652 32.5313 151.492 31.9953 151.492C31.4593 151.492 31.0273 151.652 30.6993 151.972C30.3713 152.292 30.2073 152.788 30.2073 153.46V154.348C30.2073 155.02 30.3713 155.516 30.6993 155.836C31.0273 156.156 31.4593 156.316 31.9953 156.316ZM40.4026 157.144C39.9866 157.144 39.6066 157.068 39.2626 156.916C38.9266 156.764 38.6346 156.532 38.3866 156.22C38.1466 155.908 37.9586 155.516 37.8226 155.044C37.6866 154.564 37.6186 153.996 37.6186 153.34C37.6186 152.428 37.6786 151.652 37.7986 151.012C37.9266 150.372 38.1186 149.844 38.3746 149.428C38.6386 149.012 38.9706 148.704 39.3706 148.504C39.7786 148.304 40.2626 148.184 40.8226 148.144L42.7186 148.024V148.972L40.7266 149.104C40.3826 149.128 40.0866 149.192 39.8386 149.296C39.5986 149.4 39.3946 149.568 39.2266 149.8C39.0666 150.024 38.9386 150.32 38.8426 150.688C38.7466 151.056 38.6746 151.516 38.6266 152.068H38.6866C38.8546 151.668 39.0906 151.36 39.3946 151.144C39.6986 150.92 40.0786 150.808 40.5346 150.808C40.9266 150.808 41.2866 150.88 41.6146 151.024C41.9426 151.168 42.2226 151.376 42.4546 151.648C42.6866 151.912 42.8666 152.244 42.9946 152.644C43.1306 153.036 43.1986 153.484 43.1986 153.988C43.1986 154.46 43.1306 154.888 42.9946 155.272C42.8586 155.656 42.6666 155.988 42.4186 156.268C42.1706 156.548 41.8746 156.764 41.5306 156.916C41.1946 157.068 40.8186 157.144 40.4026 157.144ZM40.4026 156.316C40.9226 156.316 41.3466 156.156 41.6746 155.836C42.0106 155.508 42.1786 155.032 42.1786 154.408V153.652C42.1786 152.98 42.0146 152.476 41.6866 152.14C41.3666 151.804 40.9466 151.636 40.4266 151.636C39.8186 151.636 39.3666 151.784 39.0706 152.08C38.7826 152.368 38.6386 152.74 38.6386 153.196V154.408C38.6386 155.032 38.7986 155.508 39.1186 155.836C39.4466 156.156 39.8746 156.316 40.4026 156.316ZM51.1259 157C50.7499 157 50.4819 156.904 50.3219 156.712C50.1619 156.52 50.0619 156.28 50.0219 155.992H49.9619C49.8259 156.352 49.6059 156.636 49.3019 156.844C49.0059 157.044 48.6059 157.144 48.1019 157.144C47.4539 157.144 46.9379 156.976 46.5539 156.64C46.1699 156.304 45.9779 155.844 45.9779 155.26C45.9779 154.684 46.1859 154.24 46.6019 153.928C47.0259 153.616 47.7059 153.46 48.6419 153.46H49.9619V152.848C49.9619 152.392 49.8339 152.052 49.5779 151.828C49.3219 151.596 48.9579 151.48 48.4859 151.48C48.0699 151.48 47.7299 151.564 47.4659 151.732C47.2019 151.892 46.9899 152.112 46.8299 152.392L46.1819 151.912C46.2619 151.752 46.3699 151.596 46.5059 151.444C46.6419 151.292 46.8099 151.16 47.0099 151.048C47.2099 150.928 47.4379 150.836 47.6939 150.772C47.9499 150.7 48.2339 150.664 48.5459 150.664C49.2739 150.664 49.8499 150.848 50.2739 151.216C50.7059 151.584 50.9219 152.096 50.9219 152.752V156.16H51.7859V157H51.1259ZM48.2699 156.34C48.5179 156.34 48.7419 156.312 48.9419 156.256C49.1499 156.192 49.3299 156.112 49.4819 156.016C49.6339 155.912 49.7499 155.792 49.8299 155.656C49.9179 155.512 49.9619 155.36 49.9619 155.2V154.18H48.6419C48.0659 154.18 47.6459 154.26 47.3819 154.42C47.1179 154.58 46.9859 154.812 46.9859 155.116V155.368C46.9859 155.688 47.0979 155.932 47.3219 156.1C47.5539 156.26 47.8699 156.34 48.2699 156.34ZM54.8652 150.808H58.0212C58.5252 150.808 58.9212 150.952 59.2092 151.24C59.4972 151.52 59.6412 151.9 59.6412 152.38C59.6412 153.156 59.2372 153.592 58.4292 153.688V153.736C58.9092 153.776 59.2652 153.928 59.4972 154.192C59.7372 154.448 59.8572 154.768 59.8572 155.152C59.8572 155.4 59.8172 155.636 59.7372 155.86C59.6572 156.084 59.5412 156.28 59.3892 156.448C59.2372 156.616 59.0492 156.752 58.8252 156.856C58.6012 156.952 58.3452 157 58.0572 157H54.8652V150.808ZM57.8172 156.232C58.1452 156.232 58.3972 156.152 58.5732 155.992C58.7492 155.832 58.8372 155.612 58.8372 155.332V155.056C58.8372 154.776 58.7492 154.56 58.5732 154.408C58.4052 154.248 58.1772 154.168 57.8892 154.168H55.8252V156.232H57.8172ZM57.7692 153.412C58.0332 153.412 58.2412 153.344 58.3932 153.208C58.5452 153.072 58.6212 152.88 58.6212 152.632V152.368C58.6212 152.12 58.5452 151.928 58.3932 151.792C58.2412 151.648 58.0332 151.576 57.7692 151.576H55.8252V153.412H57.7692ZM62.2886 156.184H63.0566C63.1766 156.032 63.2806 155.852 63.3686 155.644C63.4646 155.436 63.5406 155.188 63.5966 154.9C63.6606 154.612 63.7086 154.28 63.7406 153.904C63.7726 153.52 63.7886 153.076 63.7886 152.572V150.808H67.9046V157H66.9446V151.624H64.7246V152.596C64.7246 153.716 64.6406 154.596 64.4726 155.236C64.3126 155.868 64.0966 156.32 63.8246 156.592C63.6726 156.744 63.5046 156.852 63.3206 156.916C63.1366 156.972 62.9166 157 62.6606 157H62.2886V156.184ZM71.1879 156.184H71.8839L72.4239 155.164C72.5199 154.98 72.6239 154.84 72.7359 154.744C72.8479 154.648 72.9839 154.588 73.1439 154.564V154.516C72.6399 154.492 72.2279 154.332 71.9079 154.036C71.5959 153.732 71.4399 153.292 71.4399 152.716C71.4399 152.124 71.6199 151.66 71.9799 151.324C72.3399 150.98 72.8359 150.808 73.4679 150.808H76.2519V157H75.2919V154.612H73.7919L72.9399 156.208C72.7959 156.472 72.6399 156.672 72.4719 156.808C72.3119 156.936 72.1039 157 71.8479 157H71.1879V156.184ZM75.2919 151.624H73.6119C73.2519 151.624 72.9679 151.696 72.7599 151.84C72.5599 151.984 72.4599 152.216 72.4599 152.536V152.908C72.4599 153.228 72.5599 153.46 72.7599 153.604C72.9679 153.748 73.2519 153.82 73.6119 153.82H75.2919V151.624ZM81.8872 151.624H79.6072V150.808H85.1272V151.624H82.8472V157H81.8872V151.624ZM88.4945 150.808H89.4545V153.052H91.3745C91.9985 153.052 92.4945 153.228 92.8625 153.58C93.2305 153.932 93.4145 154.416 93.4145 155.032C93.4145 155.656 93.2345 156.14 92.8745 156.484C92.5145 156.828 92.0185 157 91.3865 157H88.4945V150.808ZM91.2425 156.184C91.6025 156.184 91.8825 156.112 92.0825 155.968C92.2905 155.824 92.3945 155.592 92.3945 155.272V154.768C92.3945 154.448 92.2905 154.22 92.0825 154.084C91.8825 153.94 91.6025 153.868 91.2425 153.868H89.4545V156.184H91.2425ZM105.237 150.808H108.393C108.897 150.808 109.293 150.952 109.581 151.24C109.869 151.52 110.013 151.9 110.013 152.38C110.013 153.156 109.609 153.592 108.801 153.688V153.736C109.281 153.776 109.637 153.928 109.869 154.192C110.109 154.448 110.229 154.768 110.229 155.152C110.229 155.4 110.189 155.636 110.109 155.86C110.029 156.084 109.913 156.28 109.761 156.448C109.609 156.616 109.421 156.752 109.197 156.856C108.973 156.952 108.717 157 108.429 157H105.237V150.808ZM108.189 156.232C108.517 156.232 108.769 156.152 108.945 155.992C109.121 155.832 109.209 155.612 109.209 155.332V155.056C109.209 154.776 109.121 154.56 108.945 154.408C108.777 154.248 108.549 154.168 108.261 154.168H106.197V156.232H108.189ZM108.141 153.412C108.405 153.412 108.613 153.344 108.765 153.208C108.917 153.072 108.993 152.88 108.993 152.632V152.368C108.993 152.12 108.917 151.928 108.765 151.792C108.613 151.648 108.405 151.576 108.141 151.576H106.197V153.412H108.141ZM115.948 157.108C115.62 157.108 115.388 157.04 115.252 156.904C115.124 156.768 115.06 156.596 115.06 156.388V156.172C115.06 155.964 115.124 155.792 115.252 155.656C115.388 155.52 115.62 155.452 115.948 155.452C116.276 155.452 116.504 155.52 116.632 155.656C116.768 155.792 116.836 155.964 116.836 156.172V156.388C116.836 156.596 116.768 156.768 116.632 156.904C116.504 157.04 116.276 157.108 115.948 157.108ZM115.948 152.356C115.62 152.356 115.388 152.288 115.252 152.152C115.124 152.016 115.06 151.844 115.06 151.636V151.42C115.06 151.212 115.124 151.04 115.252 150.904C115.388 150.768 115.62 150.7 115.948 150.7C116.276 150.7 116.504 150.768 116.632 150.904C116.768 151.04 116.836 151.212 116.836 151.42V151.636C116.836 151.844 116.768 152.016 116.632 152.152C116.504 152.288 116.276 152.356 115.948 152.356Z" fill="#B4B4B4"/>
<rect x="20" y="168" width="258" height="36" rx="10" fill="#262626" fill-opacity="0.2"/>
<rect x="20.5" y="168.5" width="257" height="35" rx="9.5" stroke="url(#paint9_linear_5194_3492)" stroke-opacity="0.3"/>
<path d="M34.338 191.18C33.478 191.18 32.752 190.99 32.16 190.61C31.568 190.226 31.12 189.696 30.816 189.02C30.512 188.344 30.36 187.564 30.36 186.68C30.36 185.796 30.512 185.016 30.816 184.34C31.12 183.664 31.568 183.136 32.16 182.756C32.752 182.372 33.478 182.18 34.338 182.18C35.202 182.18 35.928 182.372 36.516 182.756C37.108 183.136 37.556 183.664 37.86 184.34C38.168 185.016 38.322 185.796 38.322 186.68C38.322 187.564 38.168 188.344 37.86 189.02C37.556 189.696 37.108 190.226 36.516 190.61C35.928 190.99 35.202 191.18 34.338 191.18ZM34.338 190.334C35.014 190.334 35.578 190.18 36.03 189.872C36.482 189.564 36.82 189.136 37.044 188.588C37.272 188.036 37.386 187.4 37.386 186.68C37.386 185.96 37.272 185.326 37.044 184.778C36.82 184.23 36.482 183.802 36.03 183.494C35.578 183.186 35.014 183.03 34.338 183.026C33.662 183.026 33.1 183.18 32.652 183.488C32.204 183.796 31.866 184.226 31.638 184.778C31.414 185.326 31.3 185.96 31.296 186.68C31.292 187.4 31.402 188.034 31.626 188.582C31.854 189.126 32.194 189.554 32.646 189.866C33.098 190.174 33.662 190.33 34.338 190.334ZM40.7176 191V184.52H45.8716V191H44.9896V185.366H41.5996V191H40.7176ZM53.9036 184.52V191H53.0456V185.954L49.4936 191H48.7496V184.52H49.6076V189.524L53.1656 184.52H53.9036ZM59.4757 191.18C58.8237 191.18 58.2717 191.034 57.8197 190.742C57.3677 190.45 57.0237 190.048 56.7877 189.536C56.5557 189.02 56.4357 188.428 56.4277 187.76C56.4357 187.08 56.5597 186.484 56.7997 185.972C57.0397 185.456 57.3857 185.056 57.8377 184.772C58.2897 184.484 58.8377 184.34 59.4817 184.34C60.1377 184.34 60.7077 184.5 61.1917 184.82C61.6797 185.14 62.0137 185.578 62.1937 186.134L61.3297 186.41C61.1777 186.022 60.9357 185.722 60.6037 185.51C60.2757 185.294 59.8997 185.186 59.4757 185.186C58.9997 185.186 58.6057 185.296 58.2937 185.516C57.9817 185.732 57.7497 186.034 57.5977 186.422C57.4457 186.81 57.3677 187.256 57.3637 187.76C57.3717 188.536 57.5517 189.16 57.9037 189.632C58.2557 190.1 58.7797 190.334 59.4757 190.334C59.9157 190.334 60.2897 190.234 60.5977 190.034C60.9097 189.83 61.1457 189.534 61.3057 189.146L62.1937 189.41C61.9537 189.986 61.6017 190.426 61.1377 190.73C60.6737 191.03 60.1197 191.18 59.4757 191.18ZM66.4393 191.18C65.9513 191.18 65.5413 191.092 65.2093 190.916C64.8813 190.74 64.6353 190.506 64.4713 190.214C64.3073 189.922 64.2253 189.604 64.2253 189.26C64.2253 188.908 64.2953 188.608 64.4353 188.36C64.5793 188.108 64.7733 187.902 65.0173 187.742C65.2653 187.582 65.5513 187.46 65.8753 187.376C66.2033 187.296 66.5653 187.226 66.9613 187.166C67.3613 187.102 67.7513 187.048 68.1313 187.004C68.5153 186.956 68.8513 186.91 69.1393 186.866L68.8273 187.058C68.8393 186.418 68.7153 185.944 68.4553 185.636C68.1953 185.328 67.7433 185.174 67.0993 185.174C66.6553 185.174 66.2793 185.274 65.9713 185.474C65.6673 185.674 65.4533 185.99 65.3293 186.422L64.4713 186.17C64.6193 185.59 64.9173 185.14 65.3653 184.82C65.8133 184.5 66.3953 184.34 67.1113 184.34C67.7033 184.34 68.2053 184.452 68.6173 184.676C69.0333 184.896 69.3273 185.216 69.4993 185.636C69.5793 185.824 69.6313 186.034 69.6553 186.266C69.6793 186.498 69.6913 186.734 69.6913 186.974V191H68.9053V189.374L69.1333 189.47C68.9133 190.026 68.5713 190.45 68.1073 190.742C67.6433 191.034 67.0873 191.18 66.4393 191.18ZM66.5413 190.418C66.9533 190.418 67.3133 190.344 67.6213 190.196C67.9293 190.048 68.1773 189.846 68.3653 189.59C68.5533 189.33 68.6753 189.038 68.7313 188.714C68.7793 188.506 68.8053 188.278 68.8093 188.03C68.8133 187.778 68.8153 187.59 68.8153 187.466L69.1513 187.64C68.8513 187.68 68.5253 187.72 68.1733 187.76C67.8253 187.8 67.4813 187.846 67.1413 187.898C66.8053 187.95 66.5013 188.012 66.2293 188.084C66.0453 188.136 65.8673 188.21 65.6953 188.306C65.5233 188.398 65.3813 188.522 65.2693 188.678C65.1613 188.834 65.1073 189.028 65.1073 189.26C65.1073 189.448 65.1533 189.63 65.2453 189.806C65.3413 189.982 65.4933 190.128 65.7013 190.244C65.9133 190.36 66.1933 190.418 66.5413 190.418ZM72.4473 191V184.52H73.3293V187.334H76.9833V184.52H77.8653V191H76.9833V188.18H73.3293V191H72.4473ZM85.8911 184.52V191H85.0331V185.954L81.4811 191H80.7371V184.52H81.5951V189.524L85.1531 184.52H85.8911ZM91.5172 191.18C90.8852 191.18 90.3372 191.04 89.8732 190.76C89.4132 190.48 89.0552 190.086 88.7992 189.578C88.5432 189.07 88.4152 188.474 88.4152 187.79C88.4152 187.082 88.5412 186.47 88.7932 185.954C89.0452 185.438 89.3992 185.04 89.8552 184.76C90.3152 184.48 90.8572 184.34 91.4812 184.34C92.1212 184.34 92.6672 184.488 93.1192 184.784C93.5712 185.076 93.9132 185.496 94.1452 186.044C94.3772 186.592 94.4832 187.246 94.4632 188.006H93.5632V187.694C93.5472 186.854 93.3652 186.22 93.0172 185.792C92.6732 185.364 92.1692 185.15 91.5052 185.15C90.8092 185.15 90.2752 185.376 89.9032 185.828C89.5352 186.28 89.3512 186.924 89.3512 187.76C89.3512 188.576 89.5352 189.21 89.9032 189.662C90.2752 190.11 90.8012 190.334 91.4812 190.334C91.9452 190.334 92.3492 190.228 92.6932 190.016C93.0412 189.8 93.3152 189.49 93.5152 189.086L94.3372 189.404C94.0812 189.968 93.7032 190.406 93.2032 190.718C92.7072 191.026 92.1452 191.18 91.5172 191.18ZM89.0392 188.006V187.268H93.9892V188.006H89.0392Z" fill="#707070"/>
<path d="M258 183.5L263 188.5L268 183.5" stroke="#707070" stroke-linecap="round" stroke-linejoin="round"/>
<path d="M298.232 153.196H294.968V157H293.96V148.624H294.968V152.32H298.232V148.624H299.24V157H298.232V153.196ZM306.999 150.808H307.959L304.887 158.356C304.815 158.532 304.735 158.684 304.647 158.812C304.559 158.948 304.455 159.056 304.335 159.136C304.215 159.224 304.071 159.288 303.903 159.328C303.735 159.376 303.535 159.4 303.303 159.4H302.391V158.584H303.831L304.527 156.88L302.031 150.808H303.015L304.059 153.4L304.983 155.752H305.031L305.955 153.4L306.999 150.808ZM310.655 150.808H311.975L313.403 153.964H313.475L314.903 150.808H316.127V157H315.203V153.124L315.239 152.02H315.167L313.391 155.944L311.615 152.02H311.543L311.579 153.124V157H310.655V150.808ZM321.894 157.144C321.446 157.144 321.042 157.068 320.682 156.916C320.33 156.764 320.026 156.548 319.77 156.268C319.522 155.98 319.33 155.64 319.194 155.248C319.058 154.848 318.99 154.404 318.99 153.916C318.99 153.42 319.058 152.972 319.194 152.572C319.338 152.172 319.534 151.832 319.782 151.552C320.03 151.264 320.326 151.044 320.67 150.892C321.022 150.74 321.41 150.664 321.834 150.664C322.25 150.664 322.626 150.74 322.962 150.892C323.306 151.044 323.598 151.256 323.838 151.528C324.078 151.792 324.262 152.108 324.39 152.476C324.518 152.844 324.582 153.248 324.582 153.688V154.144H319.998V154.432C319.998 154.704 320.042 154.956 320.13 155.188C320.218 155.42 320.342 155.62 320.502 155.788C320.67 155.956 320.87 156.088 321.102 156.184C321.342 156.272 321.606 156.316 321.894 156.316C322.31 156.316 322.67 156.22 322.974 156.028C323.278 155.836 323.51 155.572 323.67 155.236L324.378 155.716C324.194 156.132 323.886 156.476 323.454 156.748C323.03 157.012 322.51 157.144 321.894 157.144ZM321.834 151.456C321.57 151.456 321.326 151.504 321.102 151.6C320.878 151.696 320.682 151.828 320.514 151.996C320.354 152.164 320.226 152.364 320.13 152.596C320.042 152.82 319.998 153.068 319.998 153.34V153.424H323.55V153.292C323.55 153.02 323.506 152.772 323.418 152.548C323.338 152.324 323.222 152.132 323.07 151.972C322.926 151.804 322.746 151.676 322.53 151.588C322.322 151.5 322.09 151.456 321.834 151.456ZM327.721 150.808H328.681V151.816H328.729C329.129 151.048 329.765 150.664 330.637 150.664C331.397 150.664 331.989 150.948 332.413 151.516C332.845 152.084 333.061 152.88 333.061 153.904C333.061 154.928 332.845 155.724 332.413 156.292C331.989 156.86 331.397 157.144 330.637 157.144C329.765 157.144 329.129 156.76 328.729 155.992H328.681V159.4H327.721V150.808ZM330.265 156.292C330.825 156.292 331.257 156.124 331.561 155.788C331.873 155.444 332.029 154.992 332.029 154.432V153.376C332.029 152.816 331.873 152.368 331.561 152.032C331.257 151.688 330.825 151.516 330.265 151.516C330.049 151.516 329.845 151.544 329.653 151.6C329.461 151.656 329.293 151.74 329.149 151.852C329.005 151.956 328.889 152.088 328.801 152.248C328.721 152.4 328.681 152.58 328.681 152.788V155.02C328.681 155.228 328.721 155.412 328.801 155.572C328.889 155.724 329.005 155.856 329.149 155.968C329.293 156.072 329.461 156.152 329.653 156.208C329.845 156.264 330.049 156.292 330.265 156.292ZM340.917 157C340.541 157 340.273 156.904 340.113 156.712C339.953 156.52 339.853 156.28 339.813 155.992H339.753C339.617 156.352 339.397 156.636 339.093 156.844C338.797 157.044 338.397 157.144 337.893 157.144C337.245 157.144 336.729 156.976 336.345 156.64C335.961 156.304 335.769 155.844 335.769 155.26C335.769 154.684 335.977 154.24 336.393 153.928C336.817 153.616 337.497 153.46 338.433 153.46H339.753V152.848C339.753 152.392 339.625 152.052 339.369 151.828C339.113 151.596 338.749 151.48 338.277 151.48C337.861 151.48 337.521 151.564 337.257 151.732C336.993 151.892 336.781 152.112 336.621 152.392L335.973 151.912C336.053 151.752 336.161 151.596 336.297 151.444C336.433 151.292 336.601 151.16 336.801 151.048C337.001 150.928 337.229 150.836 337.485 150.772C337.741 150.7 338.025 150.664 338.337 150.664C339.065 150.664 339.641 150.848 340.065 151.216C340.497 151.584 340.713 152.096 340.713 152.752V156.16H341.577V157H340.917ZM338.061 156.34C338.309 156.34 338.533 156.312 338.733 156.256C338.941 156.192 339.121 156.112 339.273 156.016C339.425 155.912 339.541 155.792 339.621 155.656C339.709 155.512 339.753 155.36 339.753 155.2V154.18H338.433C337.857 154.18 337.437 154.26 337.173 154.42C336.909 154.58 336.777 154.812 336.777 155.116V155.368C336.777 155.688 336.889 155.932 337.113 156.1C337.345 156.26 337.661 156.34 338.061 156.34ZM349.336 157H344.38V150.808H345.34V156.184H348.232V150.808H349.192V156.184H350.212V158.68H349.336V157ZM352.907 150.808H353.867V153.964L353.771 155.548H353.819L356.927 150.808H357.827V157H356.867V153.844L356.963 152.26H356.915L353.807 157H352.907V150.808ZM360.978 156.184H361.674L362.214 155.164C362.31 154.98 362.414 154.84 362.526 154.744C362.638 154.648 362.774 154.588 362.934 154.564V154.516C362.43 154.492 362.018 154.332 361.698 154.036C361.386 153.732 361.23 153.292 361.23 152.716C361.23 152.124 361.41 151.66 361.77 151.324C362.13 150.98 362.626 150.808 363.258 150.808H366.042V157H365.082V154.612H363.582L362.73 156.208C362.586 156.472 362.43 156.672 362.262 156.808C362.102 156.936 361.894 157 361.638 157H360.978V156.184ZM365.082 151.624H363.402C363.042 151.624 362.758 151.696 362.55 151.84C362.35 151.984 362.25 152.216 362.25 152.536V152.908C362.25 153.228 362.35 153.46 362.55 153.604C362.758 153.748 363.042 153.82 363.402 153.82H365.082V151.624Z" fill="#B4B4B4"/>
<rect x="293" y="180" width="12" height="12" rx="6" fill="#707070" fill-opacity="0.3"/>
<path d="M317.338 191.18C316.478 191.18 315.752 190.99 315.16 190.61C314.568 190.226 314.12 189.696 313.816 189.02C313.512 188.344 313.36 187.564 313.36 186.68C313.36 185.796 313.512 185.016 313.816 184.34C314.12 183.664 314.568 183.136 315.16 182.756C315.752 182.372 316.478 182.18 317.338 182.18C318.342 182.18 319.162 182.438 319.798 182.954C320.434 183.466 320.87 184.154 321.106 185.018L320.206 185.252C320.022 184.568 319.692 184.026 319.216 183.626C318.74 183.226 318.114 183.026 317.338 183.026C316.662 183.026 316.1 183.18 315.652 183.488C315.204 183.796 314.866 184.226 314.638 184.778C314.414 185.326 314.298 185.96 314.29 186.68C314.286 187.4 314.396 188.034 314.62 188.582C314.848 189.13 315.188 189.56 315.64 189.872C316.096 190.18 316.662 190.334 317.338 190.334C318.114 190.334 318.74 190.134 319.216 189.734C319.692 189.33 320.022 188.788 320.206 188.108L321.106 188.342C320.87 189.206 320.434 189.896 319.798 190.412C319.162 190.924 318.342 191.18 317.338 191.18ZM327.226 191V184.52H328.108V187.334H331.762V184.52H332.644V191H331.762V188.18H328.108V191H327.226ZM337.376 191.18C336.888 191.18 336.478 191.092 336.146 190.916C335.818 190.74 335.572 190.506 335.408 190.214C335.244 189.922 335.162 189.604 335.162 189.26C335.162 188.908 335.232 188.608 335.372 188.36C335.516 188.108 335.71 187.902 335.954 187.742C336.202 187.582 336.488 187.46 336.812 187.376C337.14 187.296 337.502 187.226 337.898 187.166C338.298 187.102 338.688 187.048 339.068 187.004C339.452 186.956 339.788 186.91 340.076 186.866L339.764 187.058C339.776 186.418 339.652 185.944 339.392 185.636C339.132 185.328 338.68 185.174 338.036 185.174C337.592 185.174 337.216 185.274 336.908 185.474C336.604 185.674 336.39 185.99 336.266 186.422L335.408 186.17C335.556 185.59 335.854 185.14 336.302 184.82C336.75 184.5 337.332 184.34 338.048 184.34C338.64 184.34 339.142 184.452 339.554 184.676C339.97 184.896 340.264 185.216 340.436 185.636C340.516 185.824 340.568 186.034 340.592 186.266C340.616 186.498 340.628 186.734 340.628 186.974V191H339.842V189.374L340.07 189.47C339.85 190.026 339.508 190.45 339.044 190.742C338.58 191.034 338.024 191.18 337.376 191.18ZM337.478 190.418C337.89 190.418 338.25 190.344 338.558 190.196C338.866 190.048 339.114 189.846 339.302 189.59C339.49 189.33 339.612 189.038 339.668 188.714C339.716 188.506 339.742 188.278 339.746 188.03C339.75 187.778 339.752 187.59 339.752 187.466L340.088 187.64C339.788 187.68 339.462 187.72 339.11 187.76C338.762 187.8 338.418 187.846 338.078 187.898C337.742 187.95 337.438 188.012 337.166 188.084C336.982 188.136 336.804 188.21 336.632 188.306C336.46 188.398 336.318 188.522 336.206 188.678C336.098 188.834 336.044 189.028 336.044 189.26C336.044 189.448 336.09 189.63 336.182 189.806C336.278 189.982 336.43 190.128 336.638 190.244C336.85 190.36 337.13 190.418 337.478 190.418ZM347.356 191V188.588C347.14 188.696 346.874 188.79 346.558 188.87C346.242 188.95 345.902 188.99 345.538 188.99C344.882 188.99 344.35 188.844 343.942 188.552C343.534 188.26 343.268 187.838 343.144 187.286C343.104 187.122 343.076 186.948 343.06 186.764C343.048 186.58 343.04 186.414 343.036 186.266C343.032 186.118 343.03 186.012 343.03 185.948V184.52H343.918V185.948C343.918 186.08 343.922 186.23 343.93 186.398C343.938 186.566 343.956 186.73 343.984 186.89C344.064 187.326 344.244 187.656 344.524 187.88C344.808 188.104 345.206 188.216 345.718 188.216C346.038 188.216 346.34 188.176 346.624 188.096C346.912 188.012 347.156 187.9 347.356 187.76V184.52H348.238V191H347.356ZM352.971 191.18C352.483 191.18 352.073 191.092 351.741 190.916C351.413 190.74 351.167 190.506 351.003 190.214C350.839 189.922 350.757 189.604 350.757 189.26C350.757 188.908 350.827 188.608 350.967 188.36C351.111 188.108 351.305 187.902 351.549 187.742C351.797 187.582 352.083 187.46 352.407 187.376C352.735 187.296 353.097 187.226 353.493 187.166C353.893 187.102 354.283 187.048 354.663 187.004C355.047 186.956 355.383 186.91 355.671 186.866L355.359 187.058C355.371 186.418 355.247 185.944 354.987 185.636C354.727 185.328 354.275 185.174 353.631 185.174C353.187 185.174 352.811 185.274 352.503 185.474C352.199 185.674 351.985 185.99 351.861 186.422L351.003 186.17C351.151 185.59 351.449 185.14 351.897 184.82C352.345 184.5 352.927 184.34 353.643 184.34C354.235 184.34 354.737 184.452 355.149 184.676C355.565 184.896 355.859 185.216 356.031 185.636C356.111 185.824 356.163 186.034 356.187 186.266C356.211 186.498 356.223 186.734 356.223 186.974V191H355.437V189.374L355.665 189.47C355.445 190.026 355.103 190.45 354.639 190.742C354.175 191.034 353.619 191.18 352.971 191.18ZM353.073 190.418C353.485 190.418 353.845 190.344 354.153 190.196C354.461 190.048 354.709 189.846 354.897 189.59C355.085 189.33 355.207 189.038 355.263 188.714C355.311 188.506 355.337 188.278 355.341 188.03C355.345 187.778 355.347 187.59 355.347 187.466L355.683 187.64C355.383 187.68 355.057 187.72 354.705 187.76C354.357 187.8 354.013 187.846 353.673 187.898C353.337 187.95 353.033 188.012 352.761 188.084C352.577 188.136 352.399 188.21 352.227 188.306C352.055 188.398 351.913 188.522 351.801 188.678C351.693 188.834 351.639 189.028 351.639 189.26C351.639 189.448 351.685 189.63 351.777 189.806C351.873 189.982 352.025 190.128 352.233 190.244C352.445 190.36 352.725 190.418 353.073 190.418ZM358.385 191V190.226C358.625 190.27 358.807 190.26 358.931 190.196C359.059 190.128 359.153 190.016 359.213 189.86C359.273 189.7 359.323 189.502 359.363 189.266C359.427 188.874 359.485 188.442 359.537 187.97C359.589 187.498 359.635 186.978 359.675 186.41C359.719 185.838 359.763 185.208 359.807 184.52H364.211V191H363.335V185.366H360.623C360.595 185.79 360.563 186.212 360.527 186.632C360.491 187.052 360.453 187.456 360.413 187.844C360.377 188.228 360.337 188.582 360.293 188.906C360.249 189.23 360.203 189.51 360.155 189.746C360.083 190.102 359.987 190.386 359.867 190.598C359.751 190.81 359.577 190.95 359.345 191.018C359.113 191.086 358.793 191.08 358.385 191ZM368.942 191.18C368.454 191.18 368.044 191.092 367.712 190.916C367.384 190.74 367.138 190.506 366.974 190.214C366.81 189.922 366.728 189.604 366.728 189.26C366.728 188.908 366.798 188.608 366.938 188.36C367.082 188.108 367.276 187.902 367.52 187.742C367.768 187.582 368.054 187.46 368.378 187.376C368.706 187.296 369.068 187.226 369.464 187.166C369.864 187.102 370.254 187.048 370.634 187.004C371.018 186.956 371.354 186.91 371.642 186.866L371.33 187.058C371.342 186.418 371.218 185.944 370.958 185.636C370.698 185.328 370.246 185.174 369.602 185.174C369.158 185.174 368.782 185.274 368.474 185.474C368.17 185.674 367.956 185.99 367.832 186.422L366.974 186.17C367.122 185.59 367.42 185.14 367.868 184.82C368.316 184.5 368.898 184.34 369.614 184.34C370.206 184.34 370.708 184.452 371.12 184.676C371.536 184.896 371.83 185.216 372.002 185.636C372.082 185.824 372.134 186.034 372.158 186.266C372.182 186.498 372.194 186.734 372.194 186.974V191H371.408V189.374L371.636 189.47C371.416 190.026 371.074 190.45 370.61 190.742C370.146 191.034 369.59 191.18 368.942 191.18ZM369.044 190.418C369.456 190.418 369.816 190.344 370.124 190.196C370.432 190.048 370.68 189.846 370.868 189.59C371.056 189.33 371.178 189.038 371.234 188.714C371.282 188.506 371.308 188.278 371.312 188.03C371.316 187.778 371.318 187.59 371.318 187.466L371.654 187.64C371.354 187.68 371.028 187.72 370.676 187.76C370.328 187.8 369.984 187.846 369.644 187.898C369.308 187.95 369.004 188.012 368.732 188.084C368.548 188.136 368.37 188.21 368.198 188.306C368.026 188.398 367.884 188.522 367.772 188.678C367.664 188.834 367.61 189.028 367.61 189.26C367.61 189.448 367.656 189.63 367.748 189.806C367.844 189.982 367.996 190.128 368.204 190.244C368.416 190.36 368.696 190.418 369.044 190.418Z" fill="#B4B4B4"/>
<rect x="398" y="180" width="12" height="12" rx="6" fill="#707070" fill-opacity="0.3"/>
<path d="M422.338 191.18C421.478 191.18 420.752 190.99 420.16 190.61C419.568 190.226 419.12 189.696 418.816 189.02C418.512 188.344 418.36 187.564 418.36 186.68C418.36 185.796 418.512 185.016 418.816 184.34C419.12 183.664 419.568 183.136 420.16 182.756C420.752 182.372 421.478 182.18 422.338 182.18C423.342 182.18 424.162 182.438 424.798 182.954C425.434 183.466 425.87 184.154 426.106 185.018L425.206 185.252C425.022 184.568 424.692 184.026 424.216 183.626C423.74 183.226 423.114 183.026 422.338 183.026C421.662 183.026 421.1 183.18 420.652 183.488C420.204 183.796 419.866 184.226 419.638 184.778C419.414 185.326 419.298 185.96 419.29 186.68C419.286 187.4 419.396 188.034 419.62 188.582C419.848 189.13 420.188 189.56 420.64 189.872C421.096 190.18 421.662 190.334 422.338 190.334C423.114 190.334 423.74 190.134 424.216 189.734C424.692 189.33 425.022 188.788 425.206 188.108L426.106 188.342C425.87 189.206 425.434 189.896 424.798 190.412C424.162 190.924 423.342 191.18 422.338 191.18ZM432.226 191L432.232 184.52H433.12V187.64L436.012 184.52H437.188L434.152 187.76L437.584 191H436.3L433.12 187.88V191H432.226ZM441.974 191.18C441.33 191.18 440.78 191.034 440.324 190.742C439.868 190.45 439.518 190.046 439.274 189.53C439.03 189.014 438.908 188.422 438.908 187.754C438.908 187.074 439.032 186.478 439.28 185.966C439.528 185.454 439.88 185.056 440.336 184.772C440.796 184.484 441.342 184.34 441.974 184.34C442.622 184.34 443.174 184.486 443.63 184.778C444.09 185.066 444.44 185.468 444.68 185.984C444.924 186.496 445.046 187.086 445.046 187.754C445.046 188.434 444.924 189.032 444.68 189.548C444.436 190.06 444.084 190.46 443.624 190.748C443.164 191.036 442.614 191.18 441.974 191.18ZM441.974 190.334C442.694 190.334 443.23 190.096 443.582 189.62C443.934 189.14 444.11 188.518 444.11 187.754C444.11 186.97 443.932 186.346 443.576 185.882C443.224 185.418 442.69 185.186 441.974 185.186C441.49 185.186 441.09 185.296 440.774 185.516C440.462 185.732 440.228 186.034 440.072 186.422C439.92 186.806 439.844 187.25 439.844 187.754C439.844 188.534 440.024 189.16 440.384 189.632C440.744 190.1 441.274 190.334 441.974 190.334ZM447.564 191V184.52H448.446V187.334H452.1V184.52H452.982V191H452.1V188.18H448.446V191H447.564ZM461.428 192.122V191H455.854V184.52H456.736V190.154H460.126V184.52H461.008V190.184H462.31V192.122H461.428ZM466.32 191.18C465.832 191.18 465.422 191.092 465.09 190.916C464.762 190.74 464.516 190.506 464.352 190.214C464.188 189.922 464.106 189.604 464.106 189.26C464.106 188.908 464.176 188.608 464.316 188.36C464.46 188.108 464.654 187.902 464.898 187.742C465.146 187.582 465.432 187.46 465.756 187.376C466.084 187.296 466.446 187.226 466.842 187.166C467.242 187.102 467.632 187.048 468.012 187.004C468.396 186.956 468.732 186.91 469.02 186.866L468.708 187.058C468.72 186.418 468.596 185.944 468.336 185.636C468.076 185.328 467.624 185.174 466.98 185.174C466.536 185.174 466.16 185.274 465.852 185.474C465.548 185.674 465.334 185.99 465.21 186.422L464.352 186.17C464.5 185.59 464.798 185.14 465.246 184.82C465.694 184.5 466.276 184.34 466.992 184.34C467.584 184.34 468.086 184.452 468.498 184.676C468.914 184.896 469.208 185.216 469.38 185.636C469.46 185.824 469.512 186.034 469.536 186.266C469.56 186.498 469.572 186.734 469.572 186.974V191H468.786V189.374L469.014 189.47C468.794 190.026 468.452 190.45 467.988 190.742C467.524 191.034 466.968 191.18 466.32 191.18ZM466.422 190.418C466.834 190.418 467.194 190.344 467.502 190.196C467.81 190.048 468.058 189.846 468.246 189.59C468.434 189.33 468.556 189.038 468.612 188.714C468.66 188.506 468.686 188.278 468.69 188.03C468.694 187.778 468.696 187.59 468.696 187.466L469.032 187.64C468.732 187.68 468.406 187.72 468.054 187.76C467.706 187.8 467.362 187.846 467.022 187.898C466.686 187.95 466.382 188.012 466.11 188.084C465.926 188.136 465.748 188.21 465.576 188.306C465.404 188.398 465.262 188.522 465.15 188.678C465.042 188.834 464.988 189.028 464.988 189.26C464.988 189.448 465.034 189.63 465.126 189.806C465.222 189.982 465.374 190.128 465.582 190.244C465.794 190.36 466.074 190.418 466.422 190.418Z" fill="#B4B4B4"/>
<path d="M24.104 224.5V232H23.096V224.5H20.3V223.624H26.9V224.5H24.104ZM29.5353 225.808H30.4953V228.964L30.3993 230.548H30.4473L33.5553 225.808H34.4553V232H33.4953V228.844L33.5913 227.26H33.5433L30.4353 232H29.5353V225.808ZM37.9546 225.808H42.8266V232H41.8666V226.624H38.9146V232H37.9546V225.808ZM54.7212 225.808H55.6812V228.4H58.6812V225.808H59.6412V232H58.6812V229.216H55.6812V232H54.7212V225.808ZM67.5806 225.808H68.5406L65.4686 233.356C65.3966 233.532 65.3166 233.684 65.2286 233.812C65.1406 233.948 65.0366 234.056 64.9166 234.136C64.7966 234.224 64.6526 234.288 64.4846 234.328C64.3166 234.376 64.1166 234.4 63.8846 234.4H62.9726V233.584H64.4126L65.1086 231.88L62.6126 225.808H63.5966L64.6406 228.4L65.5646 230.752H65.6126L66.5366 228.4L67.5806 225.808ZM71.2359 225.808H72.5559L73.9839 228.964H74.0559L75.4839 225.808H76.7079V232H75.7839V228.124L75.8199 227.02H75.7479L73.9719 230.944L72.1959 227.02H72.1239L72.1599 228.124V232H71.2359V225.808ZM82.4752 232.144C82.0272 232.144 81.6232 232.068 81.2632 231.916C80.9112 231.764 80.6072 231.548 80.3512 231.268C80.1032 230.98 79.9112 230.64 79.7752 230.248C79.6392 229.848 79.5712 229.404 79.5712 228.916C79.5712 228.42 79.6392 227.972 79.7752 227.572C79.9192 227.172 80.1152 226.832 80.3632 226.552C80.6112 226.264 80.9072 226.044 81.2512 225.892C81.6032 225.74 81.9912 225.664 82.4152 225.664C82.8312 225.664 83.2072 225.74 83.5432 225.892C83.8872 226.044 84.1792 226.256 84.4192 226.528C84.6592 226.792 84.8432 227.108 84.9712 227.476C85.0992 227.844 85.1632 228.248 85.1632 228.688V229.144H80.5792V229.432C80.5792 229.704 80.6232 229.956 80.7112 230.188C80.7992 230.42 80.9232 230.62 81.0832 230.788C81.2512 230.956 81.4512 231.088 81.6832 231.184C81.9232 231.272 82.1872 231.316 82.4752 231.316C82.8912 231.316 83.2512 231.22 83.5552 231.028C83.8592 230.836 84.0912 230.572 84.2512 230.236L84.9592 230.716C84.7752 231.132 84.4672 231.476 84.0352 231.748C83.6112 232.012 83.0912 232.144 82.4752 232.144ZM82.4152 226.456C82.1512 226.456 81.9072 226.504 81.6832 226.6C81.4592 226.696 81.2632 226.828 81.0952 226.996C80.9352 227.164 80.8072 227.364 80.7112 227.596C80.6232 227.82 80.5792 228.068 80.5792 228.34V228.424H84.1312V228.292C84.1312 228.02 84.0872 227.772 83.9992 227.548C83.9192 227.324 83.8032 227.132 83.6512 226.972C83.5072 226.804 83.3272 226.676 83.1112 226.588C82.9032 226.5 82.6712 226.456 82.4152 226.456ZM88.3025 225.808H89.2625V226.816H89.3105C89.7105 226.048 90.3465 225.664 91.2185 225.664C91.9785 225.664 92.5705 225.948 92.9945 226.516C93.4265 227.084 93.6425 227.88 93.6425 228.904C93.6425 229.928 93.4265 230.724 92.9945 231.292C92.5705 231.86 91.9785 232.144 91.2185 232.144C90.3465 232.144 89.7105 231.76 89.3105 230.992H89.2625V234.4H88.3025V225.808ZM90.8465 231.292C91.4065 231.292 91.8385 231.124 92.1425 230.788C92.4545 230.444 92.6105 229.992 92.6105 229.432V228.376C92.6105 227.816 92.4545 227.368 92.1425 227.032C91.8385 226.688 91.4065 226.516 90.8465 226.516C90.6305 226.516 90.4265 226.544 90.2345 226.6C90.0425 226.656 89.8745 226.74 89.7305 226.852C89.5865 226.956 89.4705 227.088 89.3825 227.248C89.3025 227.4 89.2625 227.58 89.2625 227.788V230.02C89.2625 230.228 89.3025 230.412 89.3825 230.572C89.4705 230.724 89.5865 230.856 89.7305 230.968C89.8745 231.072 90.0425 231.152 90.2345 231.208C90.4265 231.264 90.6305 231.292 90.8465 231.292ZM101.498 232C101.122 232 100.854 231.904 100.694 231.712C100.534 231.52 100.434 231.28 100.394 230.992H100.334C100.198 231.352 99.9778 231.636 99.6738 231.844C99.3778 232.044 98.9778 232.144 98.4738 232.144C97.8258 232.144 97.3098 231.976 96.9258 231.64C96.5418 231.304 96.3498 230.844 96.3498 230.26C96.3498 229.684 96.5578 229.24 96.9738 228.928C97.3978 228.616 98.0778 228.46 99.0138 228.46H100.334V227.848C100.334 227.392 100.206 227.052 99.9498 226.828C99.6938 226.596 99.3298 226.48 98.8578 226.48C98.4418 226.48 98.1018 226.564 97.8378 226.732C97.5738 226.892 97.3618 227.112 97.2018 227.392L96.5538 226.912C96.6338 226.752 96.7418 226.596 96.8778 226.444C97.0138 226.292 97.1818 226.16 97.3818 226.048C97.5818 225.928 97.8098 225.836 98.0658 225.772C98.3218 225.7 98.6058 225.664 98.9178 225.664C99.6458 225.664 100.222 225.848 100.646 226.216C101.078 226.584 101.294 227.096 101.294 227.752V231.16H102.158V232H101.498ZM98.6418 231.34C98.8898 231.34 99.1138 231.312 99.3138 231.256C99.5218 231.192 99.7018 231.112 99.8538 231.016C100.006 230.912 100.122 230.792 100.202 230.656C100.29 230.512 100.334 230.36 100.334 230.2V229.18H99.0138C98.4378 229.18 98.0178 229.26 97.7538 229.42C97.4898 229.58 97.3578 229.812 97.3578 230.116V230.368C97.3578 230.688 97.4698 230.932 97.6938 231.1C97.9258 231.26 98.2418 231.34 98.6418 231.34ZM109.917 232H104.961V225.808H105.921V231.184H108.813V225.808H109.773V231.184H110.793V233.68H109.917V232ZM113.488 225.808H114.448V228.964L114.352 230.548H114.4L117.508 225.808H118.408V232H117.448V228.844L117.544 227.26H117.496L114.388 232H113.488V225.808ZM121.884 225.808H122.844V228.964L122.748 230.548H122.796L125.904 225.808H126.804V232H125.844V228.844L125.94 227.26H125.892L122.784 232H121.884V225.808ZM132.739 232.108C132.411 232.108 132.179 232.04 132.043 231.904C131.915 231.768 131.851 231.596 131.851 231.388V231.172C131.851 230.964 131.915 230.792 132.043 230.656C132.179 230.52 132.411 230.452 132.739 230.452C133.067 230.452 133.295 230.52 133.423 230.656C133.559 230.792 133.627 230.964 133.627 231.172V231.388C133.627 231.596 133.559 231.768 133.423 231.904C133.295 232.04 133.067 232.108 132.739 232.108ZM132.739 227.356C132.411 227.356 132.179 227.288 132.043 227.152C131.915 227.016 131.851 226.844 131.851 226.636V226.42C131.851 226.212 131.915 226.04 132.043 225.904C132.179 225.768 132.411 225.7 132.739 225.7C133.067 225.7 133.295 225.768 133.423 225.904C133.559 226.04 133.627 226.212 133.627 226.42V226.636C133.627 226.844 133.559 227.016 133.423 227.152C133.295 227.288 133.067 227.356 132.739 227.356Z" fill="#B4B4B4"/>
<rect x="20" y="243" width="531" height="36" rx="10" fill="#262626" fill-opacity="0.2"/>
<rect x="20.5" y="243.5" width="530" height="35" rx="9.5" stroke="url(#paint10_linear_5194_3492)" stroke-opacity="0.3"/>
<path d="M34.338 266.18C33.478 266.18 32.752 265.99 32.16 265.61C31.568 265.226 31.12 264.696 30.816 264.02C30.512 263.344 30.36 262.564 30.36 261.68C30.36 260.796 30.512 260.016 30.816 259.34C31.12 258.664 31.568 258.136 32.16 257.756C32.752 257.372 33.478 257.18 34.338 257.18C35.202 257.18 35.928 257.372 36.516 257.756C37.108 258.136 37.556 258.664 37.86 259.34C38.168 260.016 38.322 260.796 38.322 261.68C38.322 262.564 38.168 263.344 37.86 264.02C37.556 264.696 37.108 265.226 36.516 265.61C35.928 265.99 35.202 266.18 34.338 266.18ZM34.338 265.334C35.014 265.334 35.578 265.18 36.03 264.872C36.482 264.564 36.82 264.136 37.044 263.588C37.272 263.036 37.386 262.4 37.386 261.68C37.386 260.96 37.272 260.326 37.044 259.778C36.82 259.23 36.482 258.802 36.03 258.494C35.578 258.186 35.014 258.03 34.338 258.026C33.662 258.026 33.1 258.18 32.652 258.488C32.204 258.796 31.866 259.226 31.638 259.778C31.414 260.326 31.3 260.96 31.296 261.68C31.292 262.4 31.402 263.034 31.626 263.582C31.854 264.126 32.194 264.554 32.646 264.866C33.098 265.174 33.662 265.33 34.338 265.334ZM43.3216 266.186C42.7176 266.182 42.1996 266.05 41.7676 265.79C41.3356 265.53 40.9996 265.142 40.7596 264.626C40.5236 264.11 40.3956 263.466 40.3756 262.694C40.3636 262.354 40.3716 261.984 40.3996 261.584C40.4276 261.18 40.4716 260.796 40.5316 260.432C40.5916 260.068 40.6636 259.772 40.7476 259.544C40.8516 259.248 40.9996 258.972 41.1916 258.716C41.3876 258.456 41.6136 258.244 41.8696 258.08C42.1176 257.912 42.3976 257.782 42.7096 257.69C43.0256 257.594 43.3536 257.52 43.6936 257.468C44.0376 257.416 44.3776 257.37 44.7136 257.33C45.0536 257.29 45.3676 257.24 45.6556 257.18L45.7516 257.978C45.5316 258.022 45.2716 258.062 44.9716 258.098C44.6716 258.134 44.3576 258.178 44.0296 258.23C43.7016 258.278 43.3876 258.344 43.0876 258.428C42.7876 258.512 42.5316 258.622 42.3196 258.758C41.9956 258.954 41.7456 259.25 41.5696 259.646C41.3976 260.042 41.2916 260.496 41.2516 261.008C41.4996 260.62 41.8276 260.328 42.2356 260.132C42.6476 259.936 43.0936 259.838 43.5736 259.838C44.1576 259.838 44.6596 259.972 45.0796 260.24C45.5036 260.508 45.8296 260.88 46.0576 261.356C46.2856 261.832 46.3996 262.378 46.3996 262.994C46.3996 263.638 46.2736 264.2 46.0216 264.68C45.7736 265.16 45.4196 265.532 44.9596 265.796C44.4996 266.056 43.9536 266.186 43.3216 266.186ZM43.3876 265.34C44.0676 265.34 44.5836 265.128 44.9356 264.704C45.2916 264.28 45.4696 263.716 45.4696 263.012C45.4696 262.292 45.2856 261.724 44.9176 261.308C44.5536 260.892 44.0396 260.684 43.3756 260.684C42.7116 260.684 42.2016 260.892 41.8456 261.308C41.4896 261.724 41.3116 262.292 41.3116 263.012C41.3116 263.732 41.4896 264.3 41.8456 264.716C42.2016 265.132 42.7156 265.34 43.3876 265.34ZM56.3057 267.122V266H48.9137V259.52H49.7717V265.184H52.2017V259.52H53.0597V265.184H55.4837V259.52H56.3417V265.184H57.1877V267.122H56.3057ZM64.4903 259.52V266H63.6323V260.954L60.0803 266H59.3363V259.52H60.1943V264.524L63.7523 259.52H64.4903ZM70.0624 258.752C69.7784 258.752 69.5184 258.682 69.2824 258.542C69.0464 258.402 68.8584 258.216 68.7184 257.984C68.5824 257.748 68.5144 257.488 68.5144 257.204H69.2464C69.2464 257.428 69.3264 257.62 69.4864 257.78C69.6464 257.94 69.8384 258.02 70.0624 258.02C70.2904 258.02 70.4824 257.94 70.6384 257.78C70.7984 257.62 70.8784 257.428 70.8784 257.204H71.6104C71.6104 257.488 71.5404 257.748 71.4004 257.984C71.2644 258.216 71.0784 258.402 70.8424 258.542C70.6064 258.682 70.3464 258.752 70.0624 258.752ZM72.5224 259.52V266H71.6644V260.954L68.1124 266H67.3684V259.52H68.2264V264.524L71.7844 259.52H72.5224ZM79.0028 266V259.52H79.8848V262.334H83.5388V259.52H84.4208V266H83.5388V263.18H79.8848V266H79.0028ZM90.0046 266.18C89.3606 266.18 88.8106 266.034 88.3546 265.742C87.8986 265.45 87.5486 265.046 87.3046 264.53C87.0606 264.014 86.9386 263.422 86.9386 262.754C86.9386 262.074 87.0626 261.478 87.3106 260.966C87.5586 260.454 87.9106 260.056 88.3666 259.772C88.8266 259.484 89.3726 259.34 90.0046 259.34C90.6526 259.34 91.2046 259.486 91.6606 259.778C92.1206 260.066 92.4706 260.468 92.7106 260.984C92.9546 261.496 93.0766 262.086 93.0766 262.754C93.0766 263.434 92.9546 264.032 92.7106 264.548C92.4666 265.06 92.1146 265.46 91.6546 265.748C91.1946 266.036 90.6446 266.18 90.0046 266.18ZM90.0046 265.334C90.7246 265.334 91.2606 265.096 91.6126 264.62C91.9646 264.14 92.1406 263.518 92.1406 262.754C92.1406 261.97 91.9626 261.346 91.6066 260.882C91.2546 260.418 90.7206 260.186 90.0046 260.186C89.5206 260.186 89.1206 260.296 88.8046 260.516C88.4926 260.732 88.2586 261.034 88.1026 261.422C87.9506 261.806 87.8746 262.25 87.8746 262.754C87.8746 263.534 88.0546 264.16 88.4146 264.632C88.7746 265.1 89.3046 265.334 90.0046 265.334ZM95.5942 266V259.52H96.3802L98.9062 264.824L101.438 259.52H102.218V266H101.366V261.404L99.1882 266H98.6302L96.4522 261.404V266H95.5942ZM107.839 266.18C107.207 266.18 106.659 266.04 106.195 265.76C105.735 265.48 105.377 265.086 105.121 264.578C104.865 264.07 104.737 263.474 104.737 262.79C104.737 262.082 104.863 261.47 105.115 260.954C105.367 260.438 105.721 260.04 106.177 259.76C106.637 259.48 107.179 259.34 107.803 259.34C108.443 259.34 108.989 259.488 109.441 259.784C109.893 260.076 110.235 260.496 110.467 261.044C110.699 261.592 110.805 262.246 110.785 263.006H109.885V262.694C109.869 261.854 109.687 261.22 109.339 260.792C108.995 260.364 108.491 260.15 107.827 260.15C107.131 260.15 106.597 260.376 106.225 260.828C105.857 261.28 105.673 261.924 105.673 262.76C105.673 263.576 105.857 264.21 106.225 264.662C106.597 265.11 107.123 265.334 107.803 265.334C108.267 265.334 108.671 265.228 109.015 265.016C109.363 264.8 109.637 264.49 109.837 264.086L110.659 264.404C110.403 264.968 110.025 265.406 109.525 265.718C109.029 266.026 108.467 266.18 107.839 266.18ZM105.361 263.006V262.268H110.311V263.006H105.361ZM116.227 266.18C115.631 266.18 115.127 266.03 114.715 265.73C114.303 265.426 113.991 265.016 113.779 264.5C113.567 263.98 113.461 263.398 113.461 262.754C113.461 262.098 113.567 261.514 113.779 261.002C113.995 260.486 114.311 260.08 114.727 259.784C115.143 259.488 115.655 259.34 116.263 259.34C116.855 259.34 117.363 259.49 117.787 259.79C118.211 260.09 118.535 260.498 118.759 261.014C118.987 261.53 119.101 262.11 119.101 262.754C119.101 263.402 118.987 263.984 118.759 264.5C118.531 265.016 118.203 265.426 117.775 265.73C117.347 266.03 116.831 266.18 116.227 266.18ZM113.311 268.88V259.52H114.103V264.398H114.199V268.88H113.311ZM116.137 265.358C116.589 265.358 116.965 265.244 117.265 265.016C117.565 264.788 117.789 264.478 117.937 264.086C118.089 263.69 118.165 263.246 118.165 262.754C118.165 262.266 118.091 261.826 117.943 261.434C117.795 261.042 117.569 260.732 117.265 260.504C116.965 260.276 116.583 260.162 116.119 260.162C115.667 260.162 115.291 260.272 114.991 260.492C114.695 260.712 114.473 261.018 114.325 261.41C114.177 261.798 114.103 262.246 114.103 262.754C114.103 263.254 114.177 263.702 114.325 264.098C114.473 264.49 114.697 264.798 114.997 265.022C115.297 265.246 115.677 265.358 116.137 265.358ZM125.214 266V259.52H130.368V266H129.486V260.366H126.096V266H125.214ZM134.176 268.88L135.43 265.478L135.448 266.486L132.61 259.52H133.546L135.874 265.346H135.49L137.638 259.52H138.538L135.058 268.88H134.176ZM143.379 266.186C142.775 266.182 142.257 266.05 141.825 265.79C141.393 265.53 141.057 265.142 140.817 264.626C140.581 264.11 140.453 263.466 140.433 262.694C140.421 262.354 140.429 261.984 140.457 261.584C140.485 261.18 140.529 260.796 140.589 260.432C140.649 260.068 140.721 259.772 140.805 259.544C140.909 259.248 141.057 258.972 141.249 258.716C141.445 258.456 141.671 258.244 141.927 258.08C142.175 257.912 142.455 257.782 142.767 257.69C143.083 257.594 143.411 257.52 143.751 257.468C144.095 257.416 144.435 257.37 144.771 257.33C145.111 257.29 145.425 257.24 145.713 257.18L145.809 257.978C145.589 258.022 145.329 258.062 145.029 258.098C144.729 258.134 144.415 258.178 144.087 258.23C143.759 258.278 143.445 258.344 143.145 258.428C142.845 258.512 142.589 258.622 142.377 258.758C142.053 258.954 141.803 259.25 141.627 259.646C141.455 260.042 141.349 260.496 141.309 261.008C141.557 260.62 141.885 260.328 142.293 260.132C142.705 259.936 143.151 259.838 143.631 259.838C144.215 259.838 144.717 259.972 145.137 260.24C145.561 260.508 145.887 260.88 146.115 261.356C146.343 261.832 146.457 262.378 146.457 262.994C146.457 263.638 146.331 264.2 146.079 264.68C145.831 265.16 145.477 265.532 145.017 265.796C144.557 266.056 144.011 266.186 143.379 266.186ZM143.445 265.34C144.125 265.34 144.641 265.128 144.993 264.704C145.349 264.28 145.527 263.716 145.527 263.012C145.527 262.292 145.343 261.724 144.975 261.308C144.611 260.892 144.097 260.684 143.433 260.684C142.769 260.684 142.259 260.892 141.903 261.308C141.547 261.724 141.369 262.292 141.369 263.012C141.369 263.732 141.547 264.3 141.903 264.716C142.259 265.132 142.773 265.34 143.445 265.34ZM148.377 266V265.226C148.617 265.27 148.799 265.26 148.923 265.196C149.051 265.128 149.145 265.016 149.205 264.86C149.265 264.7 149.315 264.502 149.355 264.266C149.419 263.874 149.477 263.442 149.529 262.97C149.581 262.498 149.627 261.978 149.667 261.41C149.711 260.838 149.755 260.208 149.799 259.52H154.203V266H153.327V260.366H150.615C150.587 260.79 150.555 261.212 150.519 261.632C150.483 262.052 150.445 262.456 150.405 262.844C150.369 263.228 150.329 263.582 150.285 263.906C150.241 264.23 150.195 264.51 150.147 264.746C150.075 265.102 149.979 265.386 149.859 265.598C149.743 265.81 149.569 265.95 149.337 266.018C149.105 266.086 148.785 266.08 148.377 266ZM162.227 259.52V266H161.369V260.954L157.817 266H157.073V259.52H157.931V264.524L161.489 259.52H162.227ZM165.105 266L165.111 259.52H165.999V262.64L168.891 259.52H170.067L167.031 262.76L170.463 266H169.179L165.999 262.88V266H165.105ZM174.118 266.18C173.63 266.18 173.22 266.092 172.888 265.916C172.56 265.74 172.314 265.506 172.15 265.214C171.986 264.922 171.904 264.604 171.904 264.26C171.904 263.908 171.974 263.608 172.114 263.36C172.258 263.108 172.452 262.902 172.696 262.742C172.944 262.582 173.23 262.46 173.554 262.376C173.882 262.296 174.244 262.226 174.64 262.166C175.04 262.102 175.43 262.048 175.81 262.004C176.194 261.956 176.53 261.91 176.818 261.866L176.506 262.058C176.518 261.418 176.394 260.944 176.134 260.636C175.874 260.328 175.422 260.174 174.778 260.174C174.334 260.174 173.958 260.274 173.65 260.474C173.346 260.674 173.132 260.99 173.008 261.422L172.15 261.17C172.298 260.59 172.596 260.14 173.044 259.82C173.492 259.5 174.074 259.34 174.79 259.34C175.382 259.34 175.884 259.452 176.296 259.676C176.712 259.896 177.006 260.216 177.178 260.636C177.258 260.824 177.31 261.034 177.334 261.266C177.358 261.498 177.37 261.734 177.37 261.974V266H176.584V264.374L176.812 264.47C176.592 265.026 176.25 265.45 175.786 265.742C175.322 266.034 174.766 266.18 174.118 266.18ZM174.22 265.418C174.632 265.418 174.992 265.344 175.3 265.196C175.608 265.048 175.856 264.846 176.044 264.59C176.232 264.33 176.354 264.038 176.41 263.714C176.458 263.506 176.484 263.278 176.488 263.03C176.492 262.778 176.494 262.59 176.494 262.466L176.83 262.64C176.53 262.68 176.204 262.72 175.852 262.76C175.504 262.8 175.16 262.846 174.82 262.898C174.484 262.95 174.18 263.012 173.908 263.084C173.724 263.136 173.546 263.21 173.374 263.306C173.202 263.398 173.06 263.522 172.948 263.678C172.84 263.834 172.786 264.028 172.786 264.26C172.786 264.448 172.832 264.63 172.924 264.806C173.02 264.982 173.172 265.128 173.38 265.244C173.592 265.36 173.872 265.418 174.22 265.418ZM185.7 267.122V266H180.126V259.52H181.008V265.154H184.398V259.52H185.28V265.184H186.582V267.122H185.7ZM193.886 259.52V266H193.028V260.954L189.476 266H188.732V259.52H189.59V264.524L193.148 259.52H193.886ZM201.918 259.52V266H201.06V260.954L197.508 266H196.764V259.52H197.622V264.524L201.18 259.52H201.918Z" fill="#707070"/>
<path d="M531 258.5L536 263.5L541 258.5" stroke="#707070" stroke-linecap="round" stroke-linejoin="round"/>
<path d="M25.232 303.196H21.968V307H20.96V298.624H21.968V302.32H25.232V298.624H26.24V307H25.232V303.196ZM34.3353 307C33.9593 307 33.6913 306.904 33.5313 306.712C33.3713 306.52 33.2713 306.28 33.2313 305.992H33.1713C33.0353 306.352 32.8153 306.636 32.5113 306.844C32.2153 307.044 31.8153 307.144 31.3113 307.144C30.6633 307.144 30.1473 306.976 29.7633 306.64C29.3793 306.304 29.1873 305.844 29.1873 305.26C29.1873 304.684 29.3953 304.24 29.8113 303.928C30.2353 303.616 30.9153 303.46 31.8513 303.46H33.1713V302.848C33.1713 302.392 33.0433 302.052 32.7873 301.828C32.5313 301.596 32.1673 301.48 31.6953 301.48C31.2793 301.48 30.9393 301.564 30.6753 301.732C30.4113 301.892 30.1993 302.112 30.0393 302.392L29.3913 301.912C29.4713 301.752 29.5793 301.596 29.7153 301.444C29.8513 301.292 30.0193 301.16 30.2193 301.048C30.4193 300.928 30.6473 300.836 30.9033 300.772C31.1593 300.7 31.4433 300.664 31.7553 300.664C32.4833 300.664 33.0593 300.848 33.4833 301.216C33.9153 301.584 34.1313 302.096 34.1313 302.752V306.16H34.9953V307H34.3353ZM31.4793 306.34C31.7273 306.34 31.9513 306.312 32.1513 306.256C32.3593 306.192 32.5393 306.112 32.6913 306.016C32.8433 305.912 32.9593 305.792 33.0393 305.656C33.1273 305.512 33.1713 305.36 33.1713 305.2V304.18H31.8513C31.2753 304.18 30.8553 304.26 30.5913 304.42C30.3273 304.58 30.1953 304.812 30.1953 305.116V305.368C30.1953 305.688 30.3073 305.932 30.5313 306.1C30.7633 306.26 31.0793 306.34 31.4793 306.34ZM41.7106 304.156H41.6506C41.4266 304.404 41.1706 304.592 40.8826 304.72C40.6026 304.84 40.2426 304.9 39.8026 304.9C39.1306 304.9 38.6186 304.744 38.2666 304.432C37.9226 304.112 37.7506 303.632 37.7506 302.992V300.808H38.7106V302.908C38.7106 303.292 38.8186 303.576 39.0346 303.76C39.2506 303.944 39.6026 304.036 40.0906 304.036C40.5706 304.036 40.9586 303.976 41.2546 303.856C41.5586 303.728 41.7106 303.536 41.7106 303.28V300.808H42.6706V307H41.7106V304.156ZM51.1259 307C50.7499 307 50.4819 306.904 50.3219 306.712C50.1619 306.52 50.0619 306.28 50.0219 305.992H49.9619C49.8259 306.352 49.6059 306.636 49.3019 306.844C49.0059 307.044 48.6059 307.144 48.1019 307.144C47.4539 307.144 46.9379 306.976 46.5539 306.64C46.1699 306.304 45.9779 305.844 45.9779 305.26C45.9779 304.684 46.1859 304.24 46.6019 303.928C47.0259 303.616 47.7059 303.46 48.6419 303.46H49.9619V302.848C49.9619 302.392 49.8339 302.052 49.5779 301.828C49.3219 301.596 48.9579 301.48 48.4859 301.48C48.0699 301.48 47.7299 301.564 47.4659 301.732C47.2019 301.892 46.9899 302.112 46.8299 302.392L46.1819 301.912C46.2619 301.752 46.3699 301.596 46.5059 301.444C46.6419 301.292 46.8099 301.16 47.0099 301.048C47.2099 300.928 47.4379 300.836 47.6939 300.772C47.9499 300.7 48.2339 300.664 48.5459 300.664C49.2739 300.664 49.8499 300.848 50.2739 301.216C50.7059 301.584 50.9219 302.096 50.9219 302.752V306.16H51.7859V307H51.1259ZM48.2699 306.34C48.5179 306.34 48.7419 306.312 48.9419 306.256C49.1499 306.192 49.3299 306.112 49.4819 306.016C49.6339 305.912 49.7499 305.792 49.8299 305.656C49.9179 305.512 49.9619 305.36 49.9619 305.2V304.18H48.6419C48.0659 304.18 47.6459 304.26 47.3819 304.42C47.1179 304.58 46.9859 304.812 46.9859 305.116V305.368C46.9859 305.688 47.0979 305.932 47.3219 306.1C47.5539 306.26 47.8699 306.34 48.2699 306.34ZM53.8932 306.184H54.6612C54.7812 306.032 54.8852 305.852 54.9732 305.644C55.0692 305.436 55.1452 305.188 55.2012 304.9C55.2652 304.612 55.3132 304.28 55.3452 303.904C55.3772 303.52 55.3932 303.076 55.3932 302.572V300.808H59.5092V307H58.5492V301.624H56.3292V302.596C56.3292 303.716 56.2452 304.596 56.0772 305.236C55.9172 305.868 55.7012 306.32 55.4292 306.592C55.2772 306.744 55.1092 306.852 54.9252 306.916C54.7412 306.972 54.5212 307 54.2652 307H53.8932V306.184ZM63.3086 300.808H64.2686V303.052H66.1886C66.8126 303.052 67.3086 303.228 67.6766 303.58C68.0446 303.932 68.2286 304.416 68.2286 305.032C68.2286 305.656 68.0486 306.14 67.6886 306.484C67.3286 306.828 66.8326 307 66.2006 307H63.3086V300.808ZM66.0566 306.184C66.4166 306.184 66.6966 306.112 66.8966 305.968C67.1046 305.824 67.2086 305.592 67.2086 305.272V304.768C67.2086 304.448 67.1046 304.22 66.8966 304.084C66.6966 303.94 66.4166 303.868 66.0566 303.868H64.2686V306.184H66.0566ZM71.5119 300.808H72.4719V303.4H75.4719V300.808H76.4319V307H75.4719V304.216H72.4719V307H71.5119V300.808ZM84.7072 307C84.3312 307 84.0632 306.904 83.9032 306.712C83.7432 306.52 83.6432 306.28 83.6032 305.992H83.5432C83.4072 306.352 83.1872 306.636 82.8832 306.844C82.5872 307.044 82.1872 307.144 81.6832 307.144C81.0352 307.144 80.5192 306.976 80.1352 306.64C79.7512 306.304 79.5592 305.844 79.5592 305.26C79.5592 304.684 79.7672 304.24 80.1832 303.928C80.6072 303.616 81.2872 303.46 82.2232 303.46H83.5432V302.848C83.5432 302.392 83.4152 302.052 83.1592 301.828C82.9032 301.596 82.5392 301.48 82.0672 301.48C81.6512 301.48 81.3112 301.564 81.0472 301.732C80.7832 301.892 80.5712 302.112 80.4112 302.392L79.7632 301.912C79.8432 301.752 79.9512 301.596 80.0872 301.444C80.2232 301.292 80.3912 301.16 80.5912 301.048C80.7912 300.928 81.0192 300.836 81.2752 300.772C81.5312 300.7 81.8152 300.664 82.1272 300.664C82.8552 300.664 83.4312 300.848 83.8552 301.216C84.2872 301.584 84.5032 302.096 84.5032 302.752V306.16H85.3672V307H84.7072ZM81.8512 306.34C82.0992 306.34 82.3232 306.312 82.5232 306.256C82.7312 306.192 82.9112 306.112 83.0632 306.016C83.2152 305.912 83.3312 305.792 83.4112 305.656C83.4992 305.512 83.5432 305.36 83.5432 305.2V304.18H82.2232C81.6472 304.18 81.2272 304.26 80.9632 304.42C80.6992 304.58 80.5672 304.812 80.5672 305.116V305.368C80.5672 305.688 80.6792 305.932 80.9032 306.1C81.1352 306.26 81.4512 306.34 81.8512 306.34ZM87.9785 306.184H88.6745L89.2145 305.164C89.3105 304.98 89.4145 304.84 89.5265 304.744C89.6385 304.648 89.7745 304.588 89.9345 304.564V304.516C89.4305 304.492 89.0185 304.332 88.6985 304.036C88.3865 303.732 88.2305 303.292 88.2305 302.716C88.2305 302.124 88.4105 301.66 88.7705 301.324C89.1305 300.98 89.6265 300.808 90.2585 300.808H93.0425V307H92.0825V304.612H90.5825L89.7305 306.208C89.5865 306.472 89.4305 306.672 89.2625 306.808C89.1025 306.936 88.8945 307 88.6385 307H87.9785V306.184ZM92.0825 301.624H90.4025C90.0425 301.624 89.7585 301.696 89.5505 301.84C89.3505 301.984 89.2505 302.216 89.2505 302.536V302.908C89.2505 303.228 89.3505 303.46 89.5505 303.604C89.7585 303.748 90.0425 303.82 90.4025 303.82H92.0825V301.624ZM109.917 307H104.961V300.808H105.921V306.184H108.813V300.808H109.773V306.184H110.793V308.68H109.917V307ZM113.488 300.808H114.448V303.964L114.352 305.548H114.4L117.508 300.808H118.408V307H117.448V303.844L117.544 302.26H117.496L114.388 307H113.488V300.808ZM123.072 306.34C123.336 306.34 123.54 306.264 123.684 306.112C123.828 305.96 123.9 305.732 123.9 305.428V302.38C123.9 302.076 123.828 301.848 123.684 301.696C123.54 301.544 123.336 301.468 123.072 301.468C122.928 301.468 122.8 301.496 122.688 301.552C122.576 301.608 122.484 301.708 122.412 301.852C122.34 301.996 122.284 302.192 122.244 302.44C122.204 302.68 122.184 302.988 122.184 303.364V304.444C122.184 304.82 122.204 305.132 122.244 305.38C122.284 305.62 122.34 305.812 122.412 305.956C122.484 306.1 122.576 306.2 122.688 306.256C122.8 306.312 122.928 306.34 123.072 306.34ZM123.9 306.364H123.864C123.728 306.644 123.568 306.844 123.384 306.964C123.208 307.084 123.004 307.144 122.772 307.144C122.532 307.144 122.316 307.096 122.124 307C121.94 306.896 121.784 306.72 121.656 306.472C121.528 306.224 121.432 305.892 121.368 305.476C121.304 305.06 121.272 304.536 121.272 303.904C121.272 303.272 121.304 302.748 121.368 302.332C121.432 301.916 121.528 301.584 121.656 301.336C121.784 301.088 121.94 300.916 122.124 300.82C122.316 300.716 122.532 300.664 122.772 300.664C123.004 300.664 123.208 300.724 123.384 300.844C123.568 300.964 123.728 301.164 123.864 301.444H123.9V298.48H124.788V301.444H124.824C124.96 301.164 125.116 300.964 125.292 300.844C125.476 300.724 125.684 300.664 125.916 300.664C126.156 300.664 126.368 300.716 126.552 300.82C126.744 300.916 126.904 301.088 127.032 301.336C127.16 301.584 127.256 301.916 127.32 302.332C127.384 302.748 127.416 303.272 127.416 303.904C127.416 304.536 127.384 305.06 127.32 305.476C127.256 305.892 127.16 306.224 127.032 306.472C126.904 306.72 126.744 306.896 126.552 307C126.368 307.096 126.156 307.144 125.916 307.144C125.684 307.144 125.476 307.084 125.292 306.964C125.116 306.844 124.96 306.644 124.824 306.364H124.788V309.4H123.9V306.364ZM125.616 306.34C125.76 306.34 125.888 306.312 126 306.256C126.112 306.2 126.204 306.1 126.276 305.956C126.348 305.812 126.404 305.62 126.444 305.38C126.484 305.132 126.504 304.82 126.504 304.444V303.364C126.504 302.988 126.484 302.68 126.444 302.44C126.404 302.192 126.348 301.996 126.276 301.852C126.204 301.708 126.112 301.608 126 301.552C125.888 301.496 125.76 301.468 125.616 301.468C125.352 301.468 125.148 301.544 125.004 301.696C124.86 301.848 124.788 302.076 124.788 302.38V305.428C124.788 305.732 124.86 305.96 125.004 306.112C125.148 306.264 125.352 306.34 125.616 306.34ZM130.279 300.808H131.239V301.816H131.287C131.687 301.048 132.323 300.664 133.195 300.664C133.955 300.664 134.547 300.948 134.971 301.516C135.403 302.084 135.619 302.88 135.619 303.904C135.619 304.928 135.403 305.724 134.971 306.292C134.547 306.86 133.955 307.144 133.195 307.144C132.323 307.144 131.687 306.76 131.287 305.992H131.239V309.4H130.279V300.808ZM132.823 306.292C133.383 306.292 133.815 306.124 134.119 305.788C134.431 305.444 134.587 304.992 134.587 304.432V303.376C134.587 302.816 134.431 302.368 134.119 302.032C133.815 301.688 133.383 301.516 132.823 301.516C132.607 301.516 132.403 301.544 132.211 301.6C132.019 301.656 131.851 301.74 131.707 301.852C131.563 301.956 131.447 302.088 131.359 302.248C131.279 302.4 131.239 302.58 131.239 302.788V305.02C131.239 305.228 131.279 305.412 131.359 305.572C131.447 305.724 131.563 305.856 131.707 305.968C131.851 306.072 132.019 306.152 132.211 306.208C132.403 306.264 132.607 306.292 132.823 306.292ZM143.474 307C143.098 307 142.83 306.904 142.67 306.712C142.51 306.52 142.41 306.28 142.37 305.992H142.31C142.174 306.352 141.954 306.636 141.65 306.844C141.354 307.044 140.954 307.144 140.45 307.144C139.802 307.144 139.286 306.976 138.902 306.64C138.518 306.304 138.326 305.844 138.326 305.26C138.326 304.684 138.534 304.24 138.95 303.928C139.374 303.616 140.054 303.46 140.99 303.46H142.31V302.848C142.31 302.392 142.182 302.052 141.926 301.828C141.67 301.596 141.306 301.48 140.834 301.48C140.418 301.48 140.078 301.564 139.814 301.732C139.55 301.892 139.338 302.112 139.178 302.392L138.53 301.912C138.61 301.752 138.718 301.596 138.854 301.444C138.99 301.292 139.158 301.16 139.358 301.048C139.558 300.928 139.786 300.836 140.042 300.772C140.298 300.7 140.582 300.664 140.894 300.664C141.622 300.664 142.198 300.848 142.622 301.216C143.054 301.584 143.27 302.096 143.27 302.752V306.16H144.134V307H143.474ZM140.618 306.34C140.866 306.34 141.09 306.312 141.29 306.256C141.498 306.192 141.678 306.112 141.83 306.016C141.982 305.912 142.098 305.792 142.178 305.656C142.266 305.512 142.31 305.36 142.31 305.2V304.18H140.99C140.414 304.18 139.994 304.26 139.73 304.42C139.466 304.58 139.334 304.812 139.334 305.116V305.368C139.334 305.688 139.446 305.932 139.67 306.1C139.902 306.26 140.218 306.34 140.618 306.34ZM155.465 300.808H156.425V303.4H159.425V300.808H160.385V307H159.425V304.216H156.425V307H155.465V300.808ZM168.324 300.808H169.284L166.212 308.356C166.14 308.532 166.06 308.684 165.972 308.812C165.884 308.948 165.78 309.056 165.66 309.136C165.54 309.224 165.396 309.288 165.228 309.328C165.06 309.376 164.86 309.4 164.628 309.4H163.716V308.584H165.156L165.852 306.88L163.356 300.808H164.34L165.384 303.4L166.308 305.752H166.356L167.28 303.4L168.324 300.808ZM171.98 300.808H173.3L174.728 303.964H174.8L176.228 300.808H177.452V307H176.528V303.124L176.564 302.02H176.492L174.716 305.944L172.94 302.02H172.868L172.904 303.124V307H171.98V300.808ZM183.219 307.144C182.771 307.144 182.367 307.068 182.007 306.916C181.655 306.764 181.351 306.548 181.095 306.268C180.847 305.98 180.655 305.64 180.519 305.248C180.383 304.848 180.315 304.404 180.315 303.916C180.315 303.42 180.383 302.972 180.519 302.572C180.663 302.172 180.859 301.832 181.107 301.552C181.355 301.264 181.651 301.044 181.995 300.892C182.347 300.74 182.735 300.664 183.159 300.664C183.575 300.664 183.951 300.74 184.287 300.892C184.631 301.044 184.923 301.256 185.163 301.528C185.403 301.792 185.587 302.108 185.715 302.476C185.843 302.844 185.907 303.248 185.907 303.688V304.144H181.323V304.432C181.323 304.704 181.367 304.956 181.455 305.188C181.543 305.42 181.667 305.62 181.827 305.788C181.995 305.956 182.195 306.088 182.427 306.184C182.667 306.272 182.931 306.316 183.219 306.316C183.635 306.316 183.995 306.22 184.299 306.028C184.603 305.836 184.835 305.572 184.995 305.236L185.703 305.716C185.519 306.132 185.211 306.476 184.779 306.748C184.355 307.012 183.835 307.144 183.219 307.144ZM183.159 301.456C182.895 301.456 182.651 301.504 182.427 301.6C182.203 301.696 182.007 301.828 181.839 301.996C181.679 302.164 181.551 302.364 181.455 302.596C181.367 302.82 181.323 303.068 181.323 303.34V303.424H184.875V303.292C184.875 303.02 184.831 302.772 184.743 302.548C184.663 302.324 184.547 302.132 184.395 301.972C184.251 301.804 184.071 301.676 183.855 301.588C183.647 301.5 183.415 301.456 183.159 301.456ZM189.046 300.808H190.006V301.816H190.054C190.454 301.048 191.09 300.664 191.962 300.664C192.722 300.664 193.314 300.948 193.738 301.516C194.17 302.084 194.386 302.88 194.386 303.904C194.386 304.928 194.17 305.724 193.738 306.292C193.314 306.86 192.722 307.144 191.962 307.144C191.09 307.144 190.454 306.76 190.054 305.992H190.006V309.4H189.046V300.808ZM191.59 306.292C192.15 306.292 192.582 306.124 192.886 305.788C193.198 305.444 193.354 304.992 193.354 304.432V303.376C193.354 302.816 193.198 302.368 192.886 302.032C192.582 301.688 192.15 301.516 191.59 301.516C191.374 301.516 191.17 301.544 190.978 301.6C190.786 301.656 190.618 301.74 190.474 301.852C190.33 301.956 190.214 302.088 190.126 302.248C190.046 302.4 190.006 302.58 190.006 302.788V305.02C190.006 305.228 190.046 305.412 190.126 305.572C190.214 305.724 190.33 305.856 190.474 305.968C190.618 306.072 190.786 306.152 190.978 306.208C191.17 306.264 191.374 306.292 191.59 306.292ZM202.242 307C201.866 307 201.598 306.904 201.438 306.712C201.278 306.52 201.178 306.28 201.138 305.992H201.078C200.942 306.352 200.722 306.636 200.418 306.844C200.122 307.044 199.722 307.144 199.218 307.144C198.57 307.144 198.054 306.976 197.67 306.64C197.286 306.304 197.094 305.844 197.094 305.26C197.094 304.684 197.302 304.24 197.718 303.928C198.142 303.616 198.822 303.46 199.758 303.46H201.078V302.848C201.078 302.392 200.95 302.052 200.694 301.828C200.438 301.596 200.074 301.48 199.602 301.48C199.186 301.48 198.846 301.564 198.582 301.732C198.318 301.892 198.106 302.112 197.946 302.392L197.298 301.912C197.378 301.752 197.486 301.596 197.622 301.444C197.758 301.292 197.926 301.16 198.126 301.048C198.326 300.928 198.554 300.836 198.81 300.772C199.066 300.7 199.35 300.664 199.662 300.664C200.39 300.664 200.966 300.848 201.39 301.216C201.822 301.584 202.038 302.096 202.038 302.752V306.16H202.902V307H202.242ZM199.386 306.34C199.634 306.34 199.858 306.312 200.058 306.256C200.266 306.192 200.446 306.112 200.598 306.016C200.75 305.912 200.866 305.792 200.946 305.656C201.034 305.512 201.078 305.36 201.078 305.2V304.18H199.758C199.182 304.18 198.762 304.26 198.498 304.42C198.234 304.58 198.102 304.812 198.102 305.116V305.368C198.102 305.688 198.214 305.932 198.438 306.1C198.67 306.26 198.986 306.34 199.386 306.34ZM210.661 307H205.705V300.808H206.665V306.184H209.557V300.808H210.517V306.184H211.537V308.68H210.661V307ZM214.232 300.808H215.192V303.964L215.096 305.548H215.144L218.252 300.808H219.152V307H218.192V303.844L218.288 302.26H218.24L215.132 307H214.232V300.808ZM222.628 300.808H223.588V303.964L223.492 305.548H223.54L226.648 300.808H227.548V307H226.588V303.844L226.684 302.26H226.636L223.528 307H222.628V300.808ZM233.483 307.108C233.155 307.108 232.923 307.04 232.787 306.904C232.659 306.768 232.595 306.596 232.595 306.388V306.172C232.595 305.964 232.659 305.792 232.787 305.656C232.923 305.52 233.155 305.452 233.483 305.452C233.811 305.452 234.039 305.52 234.167 305.656C234.303 305.792 234.371 305.964 234.371 306.172V306.388C234.371 306.596 234.303 306.768 234.167 306.904C234.039 307.04 233.811 307.108 233.483 307.108ZM233.483 302.356C233.155 302.356 232.923 302.288 232.787 302.152C232.659 302.016 232.595 301.844 232.595 301.636V301.42C232.595 301.212 232.659 301.04 232.787 300.904C232.923 300.768 233.155 300.7 233.483 300.7C233.811 300.7 234.039 300.768 234.167 300.904C234.303 301.04 234.371 301.212 234.371 301.42V301.636C234.371 301.844 234.303 302.016 234.167 302.152C234.039 302.288 233.811 302.356 233.483 302.356Z" fill="#B4B4B4"/>
<rect x="20" y="318" width="531" height="42" rx="10" fill="#262626" fill-opacity="0.2"/>
<rect x="20.5" y="318.5" width="530" height="41" rx="9.5" stroke="url(#paint11_linear_5194_3492)" stroke-opacity="0.3"/>
<path d="M46.19 344V342.978H48.99V335.096H48.892L46.428 337.392L45.742 336.65L48.332 334.228H50.166V342.978H52.742V344H46.19Z" fill="#707070"/>
<rect x="546" y="339" width="16" height="16" rx="5" transform="rotate(-180 546 339)" fill="url(#paint12_linear_5194_3492)"/>
<path d="M540.5 332.25L538 329.75L535.5 332.25" stroke="#707070" stroke-linecap="round" stroke-linejoin="round"/>
<rect x="530" y="339" width="16" height="16" rx="5" fill="url(#paint13_linear_5194_3492)"/>
<path d="M535.5 345.75L538 348.25L540.5 345.75" stroke="#707070" stroke-linecap="round" stroke-linejoin="round"/>
<path d="M24.104 380.5V388H23.096V380.5H20.3V379.624H26.9V380.5H24.104ZM32.1033 388.144C31.6553 388.144 31.2513 388.068 30.8913 387.916C30.5393 387.764 30.2353 387.548 29.9793 387.268C29.7313 386.98 29.5393 386.64 29.4033 386.248C29.2673 385.848 29.1993 385.404 29.1993 384.916C29.1993 384.42 29.2673 383.972 29.4033 383.572C29.5473 383.172 29.7433 382.832 29.9913 382.552C30.2393 382.264 30.5353 382.044 30.8793 381.892C31.2313 381.74 31.6193 381.664 32.0433 381.664C32.4593 381.664 32.8353 381.74 33.1713 381.892C33.5153 382.044 33.8073 382.256 34.0473 382.528C34.2873 382.792 34.4713 383.108 34.5993 383.476C34.7273 383.844 34.7913 384.248 34.7913 384.688V385.144H30.2073V385.432C30.2073 385.704 30.2513 385.956 30.3393 386.188C30.4273 386.42 30.5513 386.62 30.7113 386.788C30.8793 386.956 31.0793 387.088 31.3113 387.184C31.5513 387.272 31.8153 387.316 32.1033 387.316C32.5193 387.316 32.8793 387.22 33.1833 387.028C33.4873 386.836 33.7193 386.572 33.8793 386.236L34.5873 386.716C34.4033 387.132 34.0953 387.476 33.6633 387.748C33.2393 388.012 32.7193 388.144 32.1033 388.144ZM32.0433 382.456C31.7793 382.456 31.5353 382.504 31.3113 382.6C31.0873 382.696 30.8913 382.828 30.7233 382.996C30.5633 383.164 30.4353 383.364 30.3393 383.596C30.2513 383.82 30.2073 384.068 30.2073 384.34V384.424H33.7593V384.292C33.7593 384.02 33.7153 383.772 33.6273 383.548C33.5473 383.324 33.4313 383.132 33.2793 382.972C33.1353 382.804 32.9553 382.676 32.7393 382.588C32.5313 382.5 32.2993 382.456 32.0433 382.456ZM38.0746 381.808H39.0346V384.4H40.3546L42.0226 381.808H43.0186L41.5066 384.16C41.3706 384.368 41.2506 384.516 41.1466 384.604C41.0426 384.684 40.9186 384.744 40.7746 384.784V384.832C40.9346 384.856 41.0706 384.912 41.1826 385C41.2946 385.08 41.4106 385.224 41.5306 385.432L42.5386 387.184H43.2346V388H42.5386C42.3306 388 42.1506 387.944 41.9986 387.832C41.8466 387.72 41.6946 387.536 41.5426 387.28L40.3546 385.216H39.0346V388H38.0746V381.808ZM49.0019 388.144C48.5539 388.144 48.1539 388.068 47.8019 387.916C47.4579 387.756 47.1659 387.536 46.9259 387.256C46.6859 386.976 46.5019 386.636 46.3739 386.236C46.2539 385.836 46.1939 385.392 46.1939 384.904C46.1939 384.416 46.2579 383.972 46.3859 383.572C46.5139 383.172 46.6979 382.832 46.9379 382.552C47.1779 382.264 47.4699 382.044 47.8139 381.892C48.1579 381.74 48.5499 381.664 48.9899 381.664C49.5899 381.664 50.0779 381.796 50.4539 382.06C50.8299 382.324 51.1059 382.668 51.2819 383.092L50.5139 383.5C50.4019 383.18 50.2139 382.932 49.9499 382.756C49.6939 382.58 49.3739 382.492 48.9899 382.492C48.7099 382.492 48.4579 382.54 48.2339 382.636C48.0179 382.724 47.8339 382.852 47.6819 383.02C47.5299 383.188 47.4139 383.388 47.3339 383.62C47.2619 383.852 47.2259 384.104 47.2259 384.376V385.432C47.2259 385.704 47.2619 385.956 47.3339 386.188C47.4139 386.42 47.5299 386.62 47.6819 386.788C47.8339 386.956 48.0219 387.088 48.2459 387.184C48.4699 387.272 48.7259 387.316 49.0139 387.316C49.4299 387.316 49.7739 387.22 50.0459 387.028C50.3179 386.836 50.5339 386.572 50.6939 386.236L51.3779 386.704C51.1939 387.12 50.9059 387.464 50.5139 387.736C50.1299 388.008 49.6259 388.144 49.0019 388.144ZM56.7012 382.624H54.4212V381.808H59.9412V382.624H57.6612V388H56.7012V382.624ZM71.5359 381.808H76.4079V388H75.4479V382.624H72.4959V388H71.5359V381.808ZM82.4752 388.144C82.0272 388.144 81.6232 388.068 81.2632 387.916C80.9112 387.764 80.6072 387.548 80.3512 387.268C80.1032 386.98 79.9112 386.64 79.7752 386.248C79.6392 385.848 79.5712 385.404 79.5712 384.916C79.5712 384.42 79.6392 383.972 79.7752 383.572C79.9192 383.172 80.1152 382.832 80.3632 382.552C80.6112 382.264 80.9072 382.044 81.2512 381.892C81.6032 381.74 81.9912 381.664 82.4152 381.664C82.8312 381.664 83.2072 381.74 83.5432 381.892C83.8872 382.044 84.1792 382.256 84.4192 382.528C84.6592 382.792 84.8432 383.108 84.9712 383.476C85.0992 383.844 85.1632 384.248 85.1632 384.688V385.144H80.5792V385.432C80.5792 385.704 80.6232 385.956 80.7112 386.188C80.7992 386.42 80.9232 386.62 81.0832 386.788C81.2512 386.956 81.4512 387.088 81.6832 387.184C81.9232 387.272 82.1872 387.316 82.4752 387.316C82.8912 387.316 83.2512 387.22 83.5552 387.028C83.8592 386.836 84.0912 386.572 84.2512 386.236L84.9592 386.716C84.7752 387.132 84.4672 387.476 84.0352 387.748C83.6112 388.012 83.0912 388.144 82.4752 388.144ZM82.4152 382.456C82.1512 382.456 81.9072 382.504 81.6832 382.6C81.4592 382.696 81.2632 382.828 81.0952 382.996C80.9352 383.164 80.8072 383.364 80.7112 383.596C80.6232 383.82 80.5792 384.068 80.5792 384.34V384.424H84.1312V384.292C84.1312 384.02 84.0872 383.772 83.9992 383.548C83.9192 383.324 83.8032 383.132 83.6512 382.972C83.5072 382.804 83.3272 382.676 83.1112 382.588C82.9032 382.5 82.6712 382.456 82.4152 382.456ZM88.3025 381.808H89.2625V382.816H89.3105C89.7105 382.048 90.3465 381.664 91.2185 381.664C91.9785 381.664 92.5705 381.948 92.9945 382.516C93.4265 383.084 93.6425 383.88 93.6425 384.904C93.6425 385.928 93.4265 386.724 92.9945 387.292C92.5705 387.86 91.9785 388.144 91.2185 388.144C90.3465 388.144 89.7105 387.76 89.3105 386.992H89.2625V390.4H88.3025V381.808ZM90.8465 387.292C91.4065 387.292 91.8385 387.124 92.1425 386.788C92.4545 386.444 92.6105 385.992 92.6105 385.432V384.376C92.6105 383.816 92.4545 383.368 92.1425 383.032C91.8385 382.688 91.4065 382.516 90.8465 382.516C90.6305 382.516 90.4265 382.544 90.2345 382.6C90.0425 382.656 89.8745 382.74 89.7305 382.852C89.5865 382.956 89.4705 383.088 89.3825 383.248C89.3025 383.4 89.2625 383.58 89.2625 383.788V386.02C89.2625 386.228 89.3025 386.412 89.3825 386.572C89.4705 386.724 89.5865 386.856 89.7305 386.968C89.8745 387.072 90.0425 387.152 90.2345 387.208C90.4265 387.264 90.6305 387.292 90.8465 387.292ZM99.2658 388.144C98.8178 388.144 98.4138 388.068 98.0538 387.916C97.7018 387.764 97.3978 387.548 97.1418 387.268C96.8938 386.98 96.7018 386.64 96.5658 386.248C96.4298 385.848 96.3618 385.404 96.3618 384.916C96.3618 384.42 96.4298 383.972 96.5658 383.572C96.7098 383.172 96.9058 382.832 97.1538 382.552C97.4018 382.264 97.6978 382.044 98.0418 381.892C98.3938 381.74 98.7818 381.664 99.2058 381.664C99.6218 381.664 99.9978 381.74 100.334 381.892C100.678 382.044 100.97 382.256 101.21 382.528C101.45 382.792 101.634 383.108 101.762 383.476C101.89 383.844 101.954 384.248 101.954 384.688V385.144H97.3698V385.432C97.3698 385.704 97.4138 385.956 97.5018 386.188C97.5898 386.42 97.7138 386.62 97.8738 386.788C98.0418 386.956 98.2418 387.088 98.4738 387.184C98.7138 387.272 98.9778 387.316 99.2658 387.316C99.6818 387.316 100.042 387.22 100.346 387.028C100.65 386.836 100.882 386.572 101.042 386.236L101.75 386.716C101.566 387.132 101.258 387.476 100.826 387.748C100.402 388.012 99.8818 388.144 99.2658 388.144ZM99.2058 382.456C98.9418 382.456 98.6978 382.504 98.4738 382.6C98.2498 382.696 98.0538 382.828 97.8858 382.996C97.7258 383.164 97.5978 383.364 97.5018 383.596C97.4138 383.82 97.3698 384.068 97.3698 384.34V384.424H100.922V384.292C100.922 384.02 100.878 383.772 100.79 383.548C100.71 383.324 100.594 383.132 100.442 382.972C100.298 382.804 100.118 382.676 99.9018 382.588C99.6938 382.5 99.4618 382.456 99.2058 382.456ZM104.217 387.184H104.913C105.169 386.776 105.369 386.296 105.513 385.744C105.665 385.184 105.741 384.528 105.741 383.776V381.808H109.737V387.184H110.757V389.68H109.881V388H105.093V389.68H104.217V387.184ZM108.777 387.184V382.624H106.677V383.824C106.677 384.568 106.617 385.208 106.497 385.744C106.377 386.272 106.197 386.752 105.957 387.184H108.777ZM121.884 381.808H122.844V384.4H125.844V381.808H126.804V388H125.844V385.216H122.844V388H121.884V381.808ZM132.739 388.144C132.307 388.144 131.915 388.068 131.563 387.916C131.219 387.764 130.923 387.548 130.675 387.268C130.435 386.98 130.251 386.64 130.123 386.248C129.995 385.848 129.931 385.4 129.931 384.904C129.931 384.416 129.995 383.972 130.123 383.572C130.251 383.172 130.435 382.832 130.675 382.552C130.923 382.264 131.219 382.044 131.563 381.892C131.915 381.74 132.307 381.664 132.739 381.664C133.171 381.664 133.559 381.74 133.903 381.892C134.255 382.044 134.551 382.264 134.791 382.552C135.039 382.832 135.227 383.172 135.355 383.572C135.483 383.972 135.547 384.416 135.547 384.904C135.547 385.4 135.483 385.848 135.355 386.248C135.227 386.64 135.039 386.98 134.791 387.268C134.551 387.548 134.255 387.764 133.903 387.916C133.559 388.068 133.171 388.144 132.739 388.144ZM132.739 387.316C133.275 387.316 133.707 387.156 134.035 386.836C134.363 386.516 134.527 386.02 134.527 385.348V384.46C134.527 383.788 134.363 383.292 134.035 382.972C133.707 382.652 133.275 382.492 132.739 382.492C132.203 382.492 131.771 382.652 131.443 382.972C131.115 383.292 130.951 383.788 130.951 384.46V385.348C130.951 386.02 131.115 386.516 131.443 386.836C131.771 387.156 132.203 387.316 132.739 387.316ZM138.398 381.808H139.718L141.146 384.964H141.218L142.646 381.808H143.87V388H142.946V384.124L142.982 383.02H142.91L141.134 386.944L139.358 383.02H139.286L139.322 384.124V388H138.398V381.808ZM149.638 388.144C149.19 388.144 148.786 388.068 148.426 387.916C148.074 387.764 147.77 387.548 147.514 387.268C147.266 386.98 147.074 386.64 146.938 386.248C146.802 385.848 146.734 385.404 146.734 384.916C146.734 384.42 146.802 383.972 146.938 383.572C147.082 383.172 147.278 382.832 147.526 382.552C147.774 382.264 148.07 382.044 148.414 381.892C148.766 381.74 149.154 381.664 149.578 381.664C149.994 381.664 150.37 381.74 150.706 381.892C151.05 382.044 151.342 382.256 151.582 382.528C151.822 382.792 152.006 383.108 152.134 383.476C152.262 383.844 152.326 384.248 152.326 384.688V385.144H147.742V385.432C147.742 385.704 147.786 385.956 147.874 386.188C147.962 386.42 148.086 386.62 148.246 386.788C148.414 386.956 148.614 387.088 148.846 387.184C149.086 387.272 149.35 387.316 149.638 387.316C150.054 387.316 150.414 387.22 150.718 387.028C151.022 386.836 151.254 386.572 151.414 386.236L152.122 386.716C151.938 387.132 151.63 387.476 151.198 387.748C150.774 388.012 150.254 388.144 149.638 388.144ZM149.578 382.456C149.314 382.456 149.07 382.504 148.846 382.6C148.622 382.696 148.426 382.828 148.258 382.996C148.098 383.164 147.97 383.364 147.874 383.596C147.786 383.82 147.742 384.068 147.742 384.34V384.424H151.294V384.292C151.294 384.02 151.25 383.772 151.162 383.548C151.082 383.324 150.966 383.132 150.814 382.972C150.67 382.804 150.49 382.676 150.274 382.588C150.066 382.5 149.834 382.456 149.578 382.456ZM155.465 381.808H156.425V382.816H156.473C156.873 382.048 157.509 381.664 158.381 381.664C159.141 381.664 159.733 381.948 160.157 382.516C160.589 383.084 160.805 383.88 160.805 384.904C160.805 385.928 160.589 386.724 160.157 387.292C159.733 387.86 159.141 388.144 158.381 388.144C157.509 388.144 156.873 387.76 156.473 386.992H156.425V390.4H155.465V381.808ZM158.009 387.292C158.569 387.292 159.001 387.124 159.305 386.788C159.617 386.444 159.773 385.992 159.773 385.432V384.376C159.773 383.816 159.617 383.368 159.305 383.032C159.001 382.688 158.569 382.516 158.009 382.516C157.793 382.516 157.589 382.544 157.397 382.6C157.205 382.656 157.037 382.74 156.893 382.852C156.749 382.956 156.633 383.088 156.545 383.248C156.465 383.4 156.425 383.58 156.425 383.788V386.02C156.425 386.228 156.465 386.412 156.545 386.572C156.633 386.724 156.749 386.856 156.893 386.968C157.037 387.072 157.205 387.152 157.397 387.208C157.589 387.264 157.793 387.292 158.009 387.292ZM166.32 388.144C165.888 388.144 165.496 388.068 165.144 387.916C164.8 387.764 164.504 387.548 164.256 387.268C164.016 386.98 163.832 386.64 163.704 386.248C163.576 385.848 163.512 385.4 163.512 384.904C163.512 384.416 163.576 383.972 163.704 383.572C163.832 383.172 164.016 382.832 164.256 382.552C164.504 382.264 164.8 382.044 165.144 381.892C165.496 381.74 165.888 381.664 166.32 381.664C166.752 381.664 167.14 381.74 167.484 381.892C167.836 382.044 168.132 382.264 168.372 382.552C168.62 382.832 168.808 383.172 168.936 383.572C169.064 383.972 169.128 384.416 169.128 384.904C169.128 385.4 169.064 385.848 168.936 386.248C168.808 386.64 168.62 386.98 168.372 387.268C168.132 387.548 167.836 387.764 167.484 387.916C167.14 388.068 166.752 388.144 166.32 388.144ZM166.32 387.316C166.856 387.316 167.288 387.156 167.616 386.836C167.944 386.516 168.108 386.02 168.108 385.348V384.46C168.108 383.788 167.944 383.292 167.616 382.972C167.288 382.652 166.856 382.492 166.32 382.492C165.784 382.492 165.352 382.652 165.024 382.972C164.696 383.292 164.532 383.788 164.532 384.46V385.348C164.532 386.02 164.696 386.516 165.024 386.836C165.352 387.156 165.784 387.316 166.32 387.316ZM171.98 381.808H173.3L174.728 384.964H174.8L176.228 381.808H177.452V388H176.528V384.124L176.564 383.02H176.492L174.716 386.944L172.94 383.02H172.868L172.904 384.124V388H171.98V381.808ZM183.111 388.108C182.783 388.108 182.551 388.04 182.415 387.904C182.287 387.768 182.223 387.596 182.223 387.388V387.172C182.223 386.964 182.287 386.792 182.415 386.656C182.551 386.52 182.783 386.452 183.111 386.452C183.439 386.452 183.667 386.52 183.795 386.656C183.931 386.792 183.999 386.964 183.999 387.172V387.388C183.999 387.596 183.931 387.768 183.795 387.904C183.667 388.04 183.439 388.108 183.111 388.108ZM183.111 383.356C182.783 383.356 182.551 383.288 182.415 383.152C182.287 383.016 182.223 382.844 182.223 382.636V382.42C182.223 382.212 182.287 382.04 182.415 381.904C182.551 381.768 182.783 381.7 183.111 381.7C183.439 381.7 183.667 381.768 183.795 381.904C183.931 382.04 183.999 382.212 183.999 382.42V382.636C183.999 382.844 183.931 383.016 183.795 383.152C183.667 383.288 183.439 383.356 183.111 383.356Z" fill="#B4B4B4"/>
<rect x="20" y="399" width="531" height="36" rx="10" fill="#262626" fill-opacity="0.2"/>
<rect x="20.5" y="399.5" width="530" height="35" rx="9.5" stroke="url(#paint14_linear_5194_3492)" stroke-opacity="0.3"/>
<path d="M37.374 422H36.486V414.914L31.728 422H30.84V413.36H31.728V420.44L36.486 413.36H37.374V422ZM40.2488 422V415.52H41.1308V418.334H44.7848V415.52H45.6668V422H44.7848V419.18H41.1308V422H40.2488ZM51.2327 422.18C50.5807 422.18 50.0287 422.034 49.5767 421.742C49.1247 421.45 48.7807 421.048 48.5447 420.536C48.3127 420.02 48.1927 419.428 48.1847 418.76C48.1927 418.08 48.3167 417.484 48.5567 416.972C48.7967 416.456 49.1427 416.056 49.5947 415.772C50.0467 415.484 50.5947 415.34 51.2387 415.34C51.8947 415.34 52.4647 415.5 52.9487 415.82C53.4367 416.14 53.7707 416.578 53.9507 417.134L53.0867 417.41C52.9347 417.022 52.6927 416.722 52.3607 416.51C52.0327 416.294 51.6567 416.186 51.2327 416.186C50.7567 416.186 50.3627 416.296 50.0507 416.516C49.7387 416.732 49.5067 417.034 49.3547 417.422C49.2027 417.81 49.1247 418.256 49.1207 418.76C49.1287 419.536 49.3087 420.16 49.6607 420.632C50.0127 421.1 50.5367 421.334 51.2327 421.334C51.6727 421.334 52.0467 421.234 52.3547 421.034C52.6667 420.83 52.9027 420.534 53.0627 420.146L53.9507 420.41C53.7107 420.986 53.3587 421.426 52.8947 421.73C52.4307 422.03 51.8767 422.18 51.2327 422.18ZM57.9832 422V416.336H55.6852V415.52H61.1632V416.336H58.8652V422H57.9832ZM67.1035 422V415.52H72.2575V422H71.3755V416.366H67.9855V422H67.1035ZM77.8476 422.18C77.2036 422.18 76.6536 422.034 76.1976 421.742C75.7416 421.45 75.3916 421.046 75.1476 420.53C74.9036 420.014 74.7816 419.422 74.7816 418.754C74.7816 418.074 74.9056 417.478 75.1536 416.966C75.4016 416.454 75.7536 416.056 76.2096 415.772C76.6696 415.484 77.2156 415.34 77.8476 415.34C78.4956 415.34 79.0476 415.486 79.5036 415.778C79.9636 416.066 80.3136 416.468 80.5536 416.984C80.7976 417.496 80.9196 418.086 80.9196 418.754C80.9196 419.434 80.7976 420.032 80.5536 420.548C80.3096 421.06 79.9576 421.46 79.4976 421.748C79.0376 422.036 78.4876 422.18 77.8476 422.18ZM77.8476 421.334C78.5676 421.334 79.1036 421.096 79.4556 420.62C79.8076 420.14 79.9836 419.518 79.9836 418.754C79.9836 417.97 79.8056 417.346 79.4496 416.882C79.0976 416.418 78.5636 416.186 77.8476 416.186C77.3636 416.186 76.9636 416.296 76.6476 416.516C76.3356 416.732 76.1016 417.034 75.9456 417.422C75.7936 417.806 75.7176 418.25 75.7176 418.754C75.7176 419.534 75.8976 420.16 76.2576 420.632C76.6176 421.1 77.1476 421.334 77.8476 421.334ZM87.0395 422V415.52H92.1935V422H91.3115V416.366H87.9215V422H87.0395ZM97.7835 422.18C97.1395 422.18 96.5895 422.034 96.1335 421.742C95.6775 421.45 95.3275 421.046 95.0835 420.53C94.8395 420.014 94.7175 419.422 94.7175 418.754C94.7175 418.074 94.8415 417.478 95.0895 416.966C95.3375 416.454 95.6895 416.056 96.1455 415.772C96.6055 415.484 97.1515 415.34 97.7835 415.34C98.4315 415.34 98.9835 415.486 99.4395 415.778C99.8995 416.066 100.25 416.468 100.49 416.984C100.734 417.496 100.856 418.086 100.856 418.754C100.856 419.434 100.734 420.032 100.49 420.548C100.246 421.06 99.8935 421.46 99.4335 421.748C98.9735 422.036 98.4235 422.18 97.7835 422.18ZM97.7835 421.334C98.5035 421.334 99.0395 421.096 99.3915 420.62C99.7435 420.14 99.9195 419.518 99.9195 418.754C99.9195 417.97 99.7415 417.346 99.3855 416.882C99.0335 416.418 98.4995 416.186 97.7835 416.186C97.2995 416.186 96.8995 416.296 96.5835 416.516C96.2715 416.732 96.0375 417.034 95.8815 417.422C95.7295 417.806 95.6535 418.25 95.6535 418.754C95.6535 419.534 95.8335 420.16 96.1935 420.632C96.5535 421.1 97.0835 421.334 97.7835 421.334ZM106.289 422.18C105.693 422.18 105.189 422.03 104.777 421.73C104.365 421.426 104.053 421.016 103.841 420.5C103.629 419.98 103.523 419.398 103.523 418.754C103.523 418.098 103.629 417.514 103.841 417.002C104.057 416.486 104.373 416.08 104.789 415.784C105.205 415.488 105.717 415.34 106.325 415.34C106.917 415.34 107.425 415.49 107.849 415.79C108.273 416.09 108.597 416.498 108.821 417.014C109.049 417.53 109.163 418.11 109.163 418.754C109.163 419.402 109.049 419.984 108.821 420.5C108.593 421.016 108.265 421.426 107.837 421.73C107.409 422.03 106.893 422.18 106.289 422.18ZM103.373 424.88V415.52H104.165V420.398H104.261V424.88H103.373ZM106.199 421.358C106.651 421.358 107.027 421.244 107.327 421.016C107.627 420.788 107.851 420.478 107.999 420.086C108.151 419.69 108.227 419.246 108.227 418.754C108.227 418.266 108.153 417.826 108.005 417.434C107.857 417.042 107.631 416.732 107.327 416.504C107.027 416.276 106.645 416.162 106.181 416.162C105.729 416.162 105.353 416.272 105.053 416.492C104.757 416.712 104.535 417.018 104.387 417.41C104.239 417.798 104.165 418.246 104.165 418.754C104.165 419.254 104.239 419.702 104.387 420.098C104.535 420.49 104.759 420.798 105.059 421.022C105.359 421.246 105.739 421.358 106.199 421.358ZM115.743 422V419.558H114.231C114.055 419.558 113.873 419.552 113.685 419.54C113.501 419.524 113.329 419.502 113.169 419.474C112.713 419.386 112.325 419.186 112.005 418.874C111.689 418.558 111.531 418.122 111.531 417.566C111.531 417.022 111.679 416.586 111.975 416.258C112.271 415.926 112.629 415.71 113.049 415.61C113.241 415.566 113.435 415.54 113.631 415.532C113.831 415.524 114.003 415.52 114.147 415.52H116.625L116.631 422H115.743ZM111.321 422L113.127 419.282H114.105L112.287 422H111.321ZM114.183 418.802H115.743V416.276H114.183C114.087 416.276 113.953 416.28 113.781 416.288C113.609 416.296 113.447 416.322 113.295 416.366C113.163 416.406 113.031 416.476 112.899 416.576C112.771 416.672 112.663 416.802 112.575 416.966C112.487 417.126 112.443 417.322 112.443 417.554C112.443 417.878 112.531 418.138 112.707 418.334C112.887 418.526 113.111 418.658 113.379 418.73C113.523 418.762 113.667 418.782 113.811 418.79C113.955 418.798 114.079 418.802 114.183 418.802ZM119.033 423.44V421.244C119.401 421.244 119.665 421.126 119.825 420.89C119.985 420.65 120.115 420.268 120.215 419.744C120.283 419.404 120.339 419.038 120.383 418.646C120.427 418.254 120.465 417.806 120.497 417.302C120.529 416.794 120.559 416.2 120.587 415.52H124.871V421.244H125.495V423.44H124.643V422H119.879V423.44H119.033ZM120.527 421.244H123.995V416.276H121.403C121.391 416.58 121.373 416.902 121.349 417.242C121.329 417.582 121.303 417.922 121.271 418.262C121.243 418.602 121.209 418.922 121.169 419.222C121.133 419.518 121.089 419.778 121.037 420.002C120.977 420.29 120.911 420.536 120.839 420.74C120.771 420.944 120.667 421.112 120.527 421.244ZM127.891 422L127.897 415.52H128.785V418.64L131.677 415.52H132.853L129.817 418.76L133.249 422H131.965L128.785 418.88V422H127.891ZM135.974 424.88L137.228 421.478L137.246 422.486L134.408 415.52H135.344L137.672 421.346H137.288L139.436 415.52H140.336L136.856 424.88H135.974Z" fill="#707070"/>
<line x1="20.5" y1="464.5" x2="550.5" y2="464.5" stroke="#212121" stroke-linecap="round" stroke-dasharray="6 6"/>
<path d="M21.162 499.228H27.238V509H26.062V500.25H22.338V509H21.162V499.228ZM31.0545 509V499.228H37.0745V500.25H32.2305V503.54H36.9065V504.562H32.2305V507.978H37.0745V509H31.0545ZM40.8491 509V499.228H44.4051C45.3104 499.228 46.0011 499.475 46.4771 499.97C46.9531 500.465 47.1911 501.155 47.1911 502.042C47.1911 502.929 46.9531 503.619 46.4771 504.114C46.0011 504.609 45.3104 504.856 44.4051 504.856H42.0251V509H40.8491ZM42.0251 503.834H44.3771C44.8717 503.834 45.2544 503.713 45.5251 503.47C45.8051 503.218 45.9451 502.863 45.9451 502.406V501.678C45.9451 501.221 45.8051 500.871 45.5251 500.628C45.2544 500.376 44.8717 500.25 44.3771 500.25H42.0251V503.834ZM50.6156 499.228H53.9336C54.7736 499.228 55.4316 499.457 55.9076 499.914C56.3836 500.371 56.6216 500.983 56.6216 501.748C56.6216 502.336 56.4769 502.798 56.1876 503.134C55.9076 503.47 55.5436 503.708 55.0956 503.848V503.89C55.6463 504.021 56.0989 504.268 56.4536 504.632C56.8083 504.987 56.9856 505.505 56.9856 506.186C56.9856 506.578 56.9203 506.947 56.7896 507.292C56.6589 507.637 56.4723 507.936 56.2296 508.188C55.9963 508.44 55.7163 508.641 55.3896 508.79C55.0723 508.93 54.7269 509 54.3536 509H50.6156V499.228ZM54.0036 507.978C54.5449 507.978 54.9696 507.857 55.2776 507.614C55.5856 507.371 55.7396 506.998 55.7396 506.494V505.92C55.7396 505.425 55.5856 505.057 55.2776 504.814C54.9696 504.562 54.5449 504.436 54.0036 504.436H51.7916V507.978H54.0036ZM53.8076 503.47C54.3023 503.47 54.6896 503.363 54.9696 503.148C55.2496 502.924 55.3896 502.588 55.3896 502.14V501.594C55.3896 501.146 55.2496 500.81 54.9696 500.586C54.6896 500.362 54.3023 500.25 53.8076 500.25H51.7916V503.47H53.8076ZM63.3781 509.168C62.7808 509.168 62.2675 509.056 61.8381 508.832C61.4088 508.599 61.0541 508.267 60.7741 507.838C60.4941 507.409 60.2888 506.881 60.1581 506.256C60.0275 505.631 59.9621 504.917 59.9621 504.114C59.9621 503.321 60.0275 502.611 60.1581 501.986C60.2888 501.351 60.4941 500.819 60.7741 500.39C61.0541 499.961 61.4088 499.634 61.8381 499.41C62.2675 499.177 62.7808 499.06 63.3781 499.06C63.9755 499.06 64.4888 499.177 64.9181 499.41C65.3475 499.634 65.7021 499.961 65.9821 500.39C66.2621 500.819 66.4675 501.351 66.5981 501.986C66.7288 502.611 66.7941 503.321 66.7941 504.114C66.7941 504.917 66.7288 505.631 66.5981 506.256C66.4675 506.881 66.2621 507.409 65.9821 507.838C65.7021 508.267 65.3475 508.599 64.9181 508.832C64.4888 509.056 63.9755 509.168 63.3781 509.168ZM63.3781 508.146C63.7701 508.146 64.1015 508.071 64.3721 507.922C64.6428 507.763 64.8668 507.544 65.0441 507.264C65.2215 506.984 65.3475 506.648 65.4221 506.256C65.5061 505.855 65.5481 505.407 65.5481 504.912V503.316C65.5481 502.831 65.5061 502.387 65.4221 501.986C65.3475 501.585 65.2215 501.244 65.0441 500.964C64.8668 500.684 64.6428 500.469 64.3721 500.32C64.1015 500.161 63.7701 500.082 63.3781 500.082C62.9861 500.082 62.6548 500.161 62.3841 500.32C62.1135 500.469 61.8895 500.684 61.7121 500.964C61.5348 501.244 61.4041 501.585 61.3201 501.986C61.2455 502.387 61.2081 502.831 61.2081 503.316V504.912C61.2081 505.407 61.2455 505.855 61.3201 506.256C61.4041 506.648 61.5348 506.984 61.7121 507.264C61.8895 507.544 62.1135 507.763 62.3841 507.922C62.6548 508.071 62.9861 508.146 63.3781 508.146ZM70.2327 509V499.228H76.2527V500.25H71.4087V503.54H76.0847V504.562H71.4087V507.978H76.2527V509H70.2327ZM94.5537 505.15H94.4837C94.2317 505.253 93.9377 505.332 93.6017 505.388C93.2751 505.444 92.9157 505.472 92.5237 505.472C91.9451 505.472 91.4551 505.402 91.0537 505.262C90.6524 505.122 90.3304 504.907 90.0877 504.618C89.8451 504.329 89.6677 503.969 89.5557 503.54C89.4531 503.101 89.4017 502.588 89.4017 502V499.228H90.5777V502C90.5777 502.448 90.6104 502.831 90.6757 503.148C90.7411 503.456 90.8484 503.708 90.9977 503.904C91.1564 504.091 91.3617 504.231 91.6137 504.324C91.8751 504.408 92.1924 504.45 92.5657 504.45C92.9857 504.45 93.3451 504.422 93.6437 504.366C93.9517 504.31 94.2551 504.226 94.5537 504.114V499.228H95.7297V509H94.5537V505.15ZM99.4762 499.228H100.652V504.156L100.456 506.984H100.526L104.516 499.228H105.636V509H104.46V504.072L104.656 501.244H104.586L100.596 509H99.4762V499.228ZM112.673 509.168C111.478 509.168 110.587 508.734 109.999 507.866C109.42 506.998 109.131 505.747 109.131 504.114C109.131 502.481 109.42 501.23 109.999 500.362C110.587 499.494 111.478 499.06 112.673 499.06C113.121 499.06 113.508 499.121 113.835 499.242C114.161 499.363 114.441 499.527 114.675 499.732C114.908 499.937 115.104 500.171 115.263 500.432C115.421 500.684 115.561 500.941 115.683 501.202L114.675 501.664C114.591 501.449 114.493 501.249 114.381 501.062C114.269 500.866 114.133 500.698 113.975 500.558C113.825 500.409 113.643 500.292 113.429 500.208C113.223 500.124 112.971 500.082 112.673 500.082C111.898 500.082 111.319 500.376 110.937 500.964C110.563 501.552 110.377 502.336 110.377 503.316V504.912C110.377 505.892 110.563 506.676 110.937 507.264C111.319 507.852 111.898 508.146 112.673 508.146C112.971 508.146 113.223 508.104 113.429 508.02C113.643 507.936 113.825 507.824 113.975 507.684C114.133 507.535 114.269 507.367 114.381 507.18C114.493 506.984 114.591 506.779 114.675 506.564L115.683 507.026C115.561 507.297 115.421 507.558 115.263 507.81C115.104 508.062 114.908 508.291 114.675 508.496C114.441 508.701 114.161 508.865 113.835 508.986C113.508 509.107 113.121 509.168 112.673 509.168ZM124.063 500.25H121.319V502.014C121.319 503.022 121.287 503.885 121.221 504.604C121.165 505.323 121.081 505.929 120.969 506.424C120.857 506.919 120.717 507.325 120.549 507.642C120.381 507.959 120.19 508.225 119.975 508.44C119.779 508.636 119.56 508.781 119.317 508.874C119.075 508.958 118.785 509 118.449 509H118.015V507.978H118.953C119.168 507.773 119.35 507.525 119.499 507.236C119.658 506.937 119.784 506.559 119.877 506.102C119.98 505.635 120.055 505.066 120.101 504.394C120.148 503.722 120.171 502.901 120.171 501.93V499.228H125.239V509H124.063V500.25ZM131.94 509.168C131.343 509.168 130.829 509.056 130.4 508.832C129.971 508.599 129.616 508.267 129.336 507.838C129.056 507.409 128.851 506.881 128.72 506.256C128.589 505.631 128.524 504.917 128.524 504.114C128.524 503.321 128.589 502.611 128.72 501.986C128.851 501.351 129.056 500.819 129.336 500.39C129.616 499.961 129.971 499.634 130.4 499.41C130.829 499.177 131.343 499.06 131.94 499.06C132.537 499.06 133.051 499.177 133.48 499.41C133.909 499.634 134.264 499.961 134.544 500.39C134.824 500.819 135.029 501.351 135.16 501.986C135.291 502.611 135.356 503.321 135.356 504.114C135.356 504.917 135.291 505.631 135.16 506.256C135.029 506.881 134.824 507.409 134.544 507.838C134.264 508.267 133.909 508.599 133.48 508.832C133.051 509.056 132.537 509.168 131.94 509.168ZM131.94 508.146C132.332 508.146 132.663 508.071 132.934 507.922C133.205 507.763 133.429 507.544 133.606 507.264C133.783 506.984 133.909 506.648 133.984 506.256C134.068 505.855 134.11 505.407 134.11 504.912V503.316C134.11 502.831 134.068 502.387 133.984 501.986C133.909 501.585 133.783 501.244 133.606 500.964C133.429 500.684 133.205 500.469 132.934 500.32C132.663 500.161 132.332 500.082 131.94 500.082C131.548 500.082 131.217 500.161 130.946 500.32C130.675 500.469 130.451 500.684 130.274 500.964C130.097 501.244 129.966 501.585 129.882 501.986C129.807 502.387 129.77 502.831 129.77 503.316V504.912C129.77 505.407 129.807 505.855 129.882 506.256C129.966 506.648 130.097 506.984 130.274 507.264C130.451 507.544 130.675 507.763 130.946 507.922C131.217 508.071 131.548 508.146 131.94 508.146Z" fill="#707070"/>
<path d="M20.168 540.124H20.888C21.248 539.612 21.52 538.956 21.704 538.156C21.888 537.348 21.98 536.324 21.98 535.084V532.624H25.892V540.124H26.912V542.8H25.988V541H21.092V542.8H20.168V540.124ZM24.884 533.5H22.964V535.156C22.964 536.428 22.876 537.464 22.7 538.264C22.532 539.064 22.312 539.684 22.04 540.124H24.884V533.5ZM31.9953 541.144C31.5633 541.144 31.1713 541.068 30.8193 540.916C30.4753 540.764 30.1793 540.548 29.9313 540.268C29.6913 539.98 29.5073 539.64 29.3793 539.248C29.2513 538.848 29.1873 538.4 29.1873 537.904C29.1873 537.416 29.2513 536.972 29.3793 536.572C29.5073 536.172 29.6913 535.832 29.9313 535.552C30.1793 535.264 30.4753 535.044 30.8193 534.892C31.1713 534.74 31.5633 534.664 31.9953 534.664C32.4273 534.664 32.8153 534.74 33.1593 534.892C33.5113 535.044 33.8073 535.264 34.0473 535.552C34.2953 535.832 34.4833 536.172 34.6113 536.572C34.7393 536.972 34.8033 537.416 34.8033 537.904C34.8033 538.4 34.7393 538.848 34.6113 539.248C34.4833 539.64 34.2953 539.98 34.0473 540.268C33.8073 540.548 33.5113 540.764 33.1593 540.916C32.8153 541.068 32.4273 541.144 31.9953 541.144ZM31.9953 540.316C32.5313 540.316 32.9633 540.156 33.2913 539.836C33.6193 539.516 33.7833 539.02 33.7833 538.348V537.46C33.7833 536.788 33.6193 536.292 33.2913 535.972C32.9633 535.652 32.5313 535.492 31.9953 535.492C31.4593 535.492 31.0273 535.652 30.6993 535.972C30.3713 536.292 30.2073 536.788 30.2073 537.46V538.348C30.2073 539.02 30.3713 539.516 30.6993 539.836C31.0273 540.156 31.4593 540.316 31.9953 540.316ZM40.4026 541.144C39.9866 541.144 39.6066 541.068 39.2626 540.916C38.9266 540.764 38.6346 540.532 38.3866 540.22C38.1466 539.908 37.9586 539.516 37.8226 539.044C37.6866 538.564 37.6186 537.996 37.6186 537.34C37.6186 536.428 37.6786 535.652 37.7986 535.012C37.9266 534.372 38.1186 533.844 38.3746 533.428C38.6386 533.012 38.9706 532.704 39.3706 532.504C39.7786 532.304 40.2626 532.184 40.8226 532.144L42.7186 532.024V532.972L40.7266 533.104C40.3826 533.128 40.0866 533.192 39.8386 533.296C39.5986 533.4 39.3946 533.568 39.2266 533.8C39.0666 534.024 38.9386 534.32 38.8426 534.688C38.7466 535.056 38.6746 535.516 38.6266 536.068H38.6866C38.8546 535.668 39.0906 535.36 39.3946 535.144C39.6986 534.92 40.0786 534.808 40.5346 534.808C40.9266 534.808 41.2866 534.88 41.6146 535.024C41.9426 535.168 42.2226 535.376 42.4546 535.648C42.6866 535.912 42.8666 536.244 42.9946 536.644C43.1306 537.036 43.1986 537.484 43.1986 537.988C43.1986 538.46 43.1306 538.888 42.9946 539.272C42.8586 539.656 42.6666 539.988 42.4186 540.268C42.1706 540.548 41.8746 540.764 41.5306 540.916C41.1946 541.068 40.8186 541.144 40.4026 541.144ZM40.4026 540.316C40.9226 540.316 41.3466 540.156 41.6746 539.836C42.0106 539.508 42.1786 539.032 42.1786 538.408V537.652C42.1786 536.98 42.0146 536.476 41.6866 536.14C41.3666 535.804 40.9466 535.636 40.4266 535.636C39.8186 535.636 39.3666 535.784 39.0706 536.08C38.7826 536.368 38.6386 536.74 38.6386 537.196V538.408C38.6386 539.032 38.7986 539.508 39.1186 539.836C39.4466 540.156 39.8746 540.316 40.4026 540.316ZM51.1259 541C50.7499 541 50.4819 540.904 50.3219 540.712C50.1619 540.52 50.0619 540.28 50.0219 539.992H49.9619C49.8259 540.352 49.6059 540.636 49.3019 540.844C49.0059 541.044 48.6059 541.144 48.1019 541.144C47.4539 541.144 46.9379 540.976 46.5539 540.64C46.1699 540.304 45.9779 539.844 45.9779 539.26C45.9779 538.684 46.1859 538.24 46.6019 537.928C47.0259 537.616 47.7059 537.46 48.6419 537.46H49.9619V536.848C49.9619 536.392 49.8339 536.052 49.5779 535.828C49.3219 535.596 48.9579 535.48 48.4859 535.48C48.0699 535.48 47.7299 535.564 47.4659 535.732C47.2019 535.892 46.9899 536.112 46.8299 536.392L46.1819 535.912C46.2619 535.752 46.3699 535.596 46.5059 535.444C46.6419 535.292 46.8099 535.16 47.0099 535.048C47.2099 534.928 47.4379 534.836 47.6939 534.772C47.9499 534.7 48.2339 534.664 48.5459 534.664C49.2739 534.664 49.8499 534.848 50.2739 535.216C50.7059 535.584 50.9219 536.096 50.9219 536.752V540.16H51.7859V541H51.1259ZM48.2699 540.34C48.5179 540.34 48.7419 540.312 48.9419 540.256C49.1499 540.192 49.3299 540.112 49.4819 540.016C49.6339 539.912 49.7499 539.792 49.8299 539.656C49.9179 539.512 49.9619 539.36 49.9619 539.2V538.18H48.6419C48.0659 538.18 47.6459 538.26 47.3819 538.42C47.1179 538.58 46.9859 538.812 46.9859 539.116V539.368C46.9859 539.688 47.0979 539.932 47.3219 540.1C47.5539 540.26 47.8699 540.34 48.2699 540.34ZM54.8652 534.808H58.0212C58.5252 534.808 58.9212 534.952 59.2092 535.24C59.4972 535.52 59.6412 535.9 59.6412 536.38C59.6412 537.156 59.2372 537.592 58.4292 537.688V537.736C58.9092 537.776 59.2652 537.928 59.4972 538.192C59.7372 538.448 59.8572 538.768 59.8572 539.152C59.8572 539.4 59.8172 539.636 59.7372 539.86C59.6572 540.084 59.5412 540.28 59.3892 540.448C59.2372 540.616 59.0492 540.752 58.8252 540.856C58.6012 540.952 58.3452 541 58.0572 541H54.8652V534.808ZM57.8172 540.232C58.1452 540.232 58.3972 540.152 58.5732 539.992C58.7492 539.832 58.8372 539.612 58.8372 539.332V539.056C58.8372 538.776 58.7492 538.56 58.5732 538.408C58.4052 538.248 58.1772 538.168 57.8892 538.168H55.8252V540.232H57.8172ZM57.7692 537.412C58.0332 537.412 58.2412 537.344 58.3932 537.208C58.5452 537.072 58.6212 536.88 58.6212 536.632V536.368C58.6212 536.12 58.5452 535.928 58.3932 535.792C58.2412 535.648 58.0332 535.576 57.7692 535.576H55.8252V537.412H57.7692ZM62.2886 540.184H63.0566C63.1766 540.032 63.2806 539.852 63.3686 539.644C63.4646 539.436 63.5406 539.188 63.5966 538.9C63.6606 538.612 63.7086 538.28 63.7406 537.904C63.7726 537.52 63.7886 537.076 63.7886 536.572V534.808H67.9046V541H66.9446V535.624H64.7246V536.596C64.7246 537.716 64.6406 538.596 64.4726 539.236C64.3126 539.868 64.0966 540.32 63.8246 540.592C63.6726 540.744 63.5046 540.852 63.3206 540.916C63.1366 540.972 62.9166 541 62.6606 541H62.2886V540.184ZM71.1879 540.184H71.8839L72.4239 539.164C72.5199 538.98 72.6239 538.84 72.7359 538.744C72.8479 538.648 72.9839 538.588 73.1439 538.564V538.516C72.6399 538.492 72.2279 538.332 71.9079 538.036C71.5959 537.732 71.4399 537.292 71.4399 536.716C71.4399 536.124 71.6199 535.66 71.9799 535.324C72.3399 534.98 72.8359 534.808 73.4679 534.808H76.2519V541H75.2919V538.612H73.7919L72.9399 540.208C72.7959 540.472 72.6399 540.672 72.4719 540.808C72.3119 540.936 72.1039 541 71.8479 541H71.1879V540.184ZM75.2919 535.624H73.6119C73.2519 535.624 72.9679 535.696 72.7599 535.84C72.5599 535.984 72.4599 536.216 72.4599 536.536V536.908C72.4599 537.228 72.5599 537.46 72.7599 537.604C72.9679 537.748 73.2519 537.82 73.6119 537.82H75.2919V535.624ZM81.8872 535.624H79.6072V534.808H85.1272V535.624H82.8472V541H81.8872V535.624ZM88.4945 534.808H89.4545V537.052H91.3745C91.9985 537.052 92.4945 537.228 92.8625 537.58C93.2305 537.932 93.4145 538.416 93.4145 539.032C93.4145 539.656 93.2345 540.14 92.8745 540.484C92.5145 540.828 92.0185 541 91.3865 541H88.4945V534.808ZM91.2425 540.184C91.6025 540.184 91.8825 540.112 92.0825 539.968C92.2905 539.824 92.3945 539.592 92.3945 539.272V538.768C92.3945 538.448 92.2905 538.22 92.0825 538.084C91.8825 537.94 91.6025 537.868 91.2425 537.868H89.4545V540.184H91.2425ZM105.237 534.808H108.393C108.897 534.808 109.293 534.952 109.581 535.24C109.869 535.52 110.013 535.9 110.013 536.38C110.013 537.156 109.609 537.592 108.801 537.688V537.736C109.281 537.776 109.637 537.928 109.869 538.192C110.109 538.448 110.229 538.768 110.229 539.152C110.229 539.4 110.189 539.636 110.109 539.86C110.029 540.084 109.913 540.28 109.761 540.448C109.609 540.616 109.421 540.752 109.197 540.856C108.973 540.952 108.717 541 108.429 541H105.237V534.808ZM108.189 540.232C108.517 540.232 108.769 540.152 108.945 539.992C109.121 539.832 109.209 539.612 109.209 539.332V539.056C109.209 538.776 109.121 538.56 108.945 538.408C108.777 538.248 108.549 538.168 108.261 538.168H106.197V540.232H108.189ZM108.141 537.412C108.405 537.412 108.613 537.344 108.765 537.208C108.917 537.072 108.993 536.88 108.993 536.632V536.368C108.993 536.12 108.917 535.928 108.765 535.792C108.613 535.648 108.405 535.576 108.141 535.576H106.197V537.412H108.141ZM115.948 541.108C115.62 541.108 115.388 541.04 115.252 540.904C115.124 540.768 115.06 540.596 115.06 540.388V540.172C115.06 539.964 115.124 539.792 115.252 539.656C115.388 539.52 115.62 539.452 115.948 539.452C116.276 539.452 116.504 539.52 116.632 539.656C116.768 539.792 116.836 539.964 116.836 540.172V540.388C116.836 540.596 116.768 540.768 116.632 540.904C116.504 541.04 116.276 541.108 115.948 541.108ZM115.948 536.356C115.62 536.356 115.388 536.288 115.252 536.152C115.124 536.016 115.06 535.844 115.06 535.636V535.42C115.06 535.212 115.124 535.04 115.252 534.904C115.388 534.768 115.62 534.7 115.948 534.7C116.276 534.7 116.504 534.768 116.632 534.904C116.768 535.04 116.836 535.212 116.836 535.42V535.636C116.836 535.844 116.768 536.016 116.632 536.152C116.504 536.288 116.276 536.356 115.948 536.356Z" fill="#B4B4B4"/>
<rect x="20" y="552" width="258" height="36" rx="10" fill="#262626" fill-opacity="0.2"/>
<rect x="20.5" y="552.5" width="257" height="35" rx="9.5" stroke="url(#paint15_linear_5194_3492)" stroke-opacity="0.3"/>
<path d="M34.338 575.18C33.478 575.18 32.752 574.99 32.16 574.61C31.568 574.226 31.12 573.696 30.816 573.02C30.512 572.344 30.36 571.564 30.36 570.68C30.36 569.796 30.512 569.016 30.816 568.34C31.12 567.664 31.568 567.136 32.16 566.756C32.752 566.372 33.478 566.18 34.338 566.18C35.202 566.18 35.928 566.372 36.516 566.756C37.108 567.136 37.556 567.664 37.86 568.34C38.168 569.016 38.322 569.796 38.322 570.68C38.322 571.564 38.168 572.344 37.86 573.02C37.556 573.696 37.108 574.226 36.516 574.61C35.928 574.99 35.202 575.18 34.338 575.18ZM34.338 574.334C35.014 574.334 35.578 574.18 36.03 573.872C36.482 573.564 36.82 573.136 37.044 572.588C37.272 572.036 37.386 571.4 37.386 570.68C37.386 569.96 37.272 569.326 37.044 568.778C36.82 568.23 36.482 567.802 36.03 567.494C35.578 567.186 35.014 567.03 34.338 567.026C33.662 567.026 33.1 567.18 32.652 567.488C32.204 567.796 31.866 568.226 31.638 568.778C31.414 569.326 31.3 569.96 31.296 570.68C31.292 571.4 31.402 572.034 31.626 572.582C31.854 573.126 32.194 573.554 32.646 573.866C33.098 574.174 33.662 574.33 34.338 574.334ZM40.7176 575V568.52H45.8716V575H44.9896V569.366H41.5996V575H40.7176ZM53.9036 568.52V575H53.0456V569.954L49.4936 575H48.7496V568.52H49.6076V573.524L53.1656 568.52H53.9036ZM59.4757 575.18C58.8237 575.18 58.2717 575.034 57.8197 574.742C57.3677 574.45 57.0237 574.048 56.7877 573.536C56.5557 573.02 56.4357 572.428 56.4277 571.76C56.4357 571.08 56.5597 570.484 56.7997 569.972C57.0397 569.456 57.3857 569.056 57.8377 568.772C58.2897 568.484 58.8377 568.34 59.4817 568.34C60.1377 568.34 60.7077 568.5 61.1917 568.82C61.6797 569.14 62.0137 569.578 62.1937 570.134L61.3297 570.41C61.1777 570.022 60.9357 569.722 60.6037 569.51C60.2757 569.294 59.8997 569.186 59.4757 569.186C58.9997 569.186 58.6057 569.296 58.2937 569.516C57.9817 569.732 57.7497 570.034 57.5977 570.422C57.4457 570.81 57.3677 571.256 57.3637 571.76C57.3717 572.536 57.5517 573.16 57.9037 573.632C58.2557 574.1 58.7797 574.334 59.4757 574.334C59.9157 574.334 60.2897 574.234 60.5977 574.034C60.9097 573.83 61.1457 573.534 61.3057 573.146L62.1937 573.41C61.9537 573.986 61.6017 574.426 61.1377 574.73C60.6737 575.03 60.1197 575.18 59.4757 575.18ZM66.4393 575.18C65.9513 575.18 65.5413 575.092 65.2093 574.916C64.8813 574.74 64.6353 574.506 64.4713 574.214C64.3073 573.922 64.2253 573.604 64.2253 573.26C64.2253 572.908 64.2953 572.608 64.4353 572.36C64.5793 572.108 64.7733 571.902 65.0173 571.742C65.2653 571.582 65.5513 571.46 65.8753 571.376C66.2033 571.296 66.5653 571.226 66.9613 571.166C67.3613 571.102 67.7513 571.048 68.1313 571.004C68.5153 570.956 68.8513 570.91 69.1393 570.866L68.8273 571.058C68.8393 570.418 68.7153 569.944 68.4553 569.636C68.1953 569.328 67.7433 569.174 67.0993 569.174C66.6553 569.174 66.2793 569.274 65.9713 569.474C65.6673 569.674 65.4533 569.99 65.3293 570.422L64.4713 570.17C64.6193 569.59 64.9173 569.14 65.3653 568.82C65.8133 568.5 66.3953 568.34 67.1113 568.34C67.7033 568.34 68.2053 568.452 68.6173 568.676C69.0333 568.896 69.3273 569.216 69.4993 569.636C69.5793 569.824 69.6313 570.034 69.6553 570.266C69.6793 570.498 69.6913 570.734 69.6913 570.974V575H68.9053V573.374L69.1333 573.47C68.9133 574.026 68.5713 574.45 68.1073 574.742C67.6433 575.034 67.0873 575.18 66.4393 575.18ZM66.5413 574.418C66.9533 574.418 67.3133 574.344 67.6213 574.196C67.9293 574.048 68.1773 573.846 68.3653 573.59C68.5533 573.33 68.6753 573.038 68.7313 572.714C68.7793 572.506 68.8053 572.278 68.8093 572.03C68.8133 571.778 68.8153 571.59 68.8153 571.466L69.1513 571.64C68.8513 571.68 68.5253 571.72 68.1733 571.76C67.8253 571.8 67.4813 571.846 67.1413 571.898C66.8053 571.95 66.5013 572.012 66.2293 572.084C66.0453 572.136 65.8673 572.21 65.6953 572.306C65.5233 572.398 65.3813 572.522 65.2693 572.678C65.1613 572.834 65.1073 573.028 65.1073 573.26C65.1073 573.448 65.1533 573.63 65.2453 573.806C65.3413 573.982 65.4933 574.128 65.7013 574.244C65.9133 574.36 66.1933 574.418 66.5413 574.418ZM72.4473 575V568.52H73.3293V571.334H76.9833V568.52H77.8653V575H76.9833V572.18H73.3293V575H72.4473ZM85.8911 568.52V575H85.0331V569.954L81.4811 575H80.7371V568.52H81.5951V573.524L85.1531 568.52H85.8911ZM91.5172 575.18C90.8852 575.18 90.3372 575.04 89.8732 574.76C89.4132 574.48 89.0552 574.086 88.7992 573.578C88.5432 573.07 88.4152 572.474 88.4152 571.79C88.4152 571.082 88.5412 570.47 88.7932 569.954C89.0452 569.438 89.3992 569.04 89.8552 568.76C90.3152 568.48 90.8572 568.34 91.4812 568.34C92.1212 568.34 92.6672 568.488 93.1192 568.784C93.5712 569.076 93.9132 569.496 94.1452 570.044C94.3772 570.592 94.4832 571.246 94.4632 572.006H93.5632V571.694C93.5472 570.854 93.3652 570.22 93.0172 569.792C92.6732 569.364 92.1692 569.15 91.5052 569.15C90.8092 569.15 90.2752 569.376 89.9032 569.828C89.5352 570.28 89.3512 570.924 89.3512 571.76C89.3512 572.576 89.5352 573.21 89.9032 573.662C90.2752 574.11 90.8012 574.334 91.4812 574.334C91.9452 574.334 92.3492 574.228 92.6932 574.016C93.0412 573.8 93.3152 573.49 93.5152 573.086L94.3372 573.404C94.0812 573.968 93.7032 574.406 93.2032 574.718C92.7072 575.026 92.1452 575.18 91.5172 575.18ZM89.0392 572.006V571.268H93.9892V572.006H89.0392Z" fill="#707070"/>
<path d="M258 567.5L263 572.5L268 567.5" stroke="#707070" stroke-linecap="round" stroke-linejoin="round"/>
<path d="M298.232 537.196H294.968V541H293.96V532.624H294.968V536.32H298.232V532.624H299.24V541H298.232V537.196ZM306.999 534.808H307.959L304.887 542.356C304.815 542.532 304.735 542.684 304.647 542.812C304.559 542.948 304.455 543.056 304.335 543.136C304.215 543.224 304.071 543.288 303.903 543.328C303.735 543.376 303.535 543.4 303.303 543.4H302.391V542.584H303.831L304.527 540.88L302.031 534.808H303.015L304.059 537.4L304.983 539.752H305.031L305.955 537.4L306.999 534.808ZM310.655 534.808H311.975L313.403 537.964H313.475L314.903 534.808H316.127V541H315.203V537.124L315.239 536.02H315.167L313.391 539.944L311.615 536.02H311.543L311.579 537.124V541H310.655V534.808ZM321.894 541.144C321.446 541.144 321.042 541.068 320.682 540.916C320.33 540.764 320.026 540.548 319.77 540.268C319.522 539.98 319.33 539.64 319.194 539.248C319.058 538.848 318.99 538.404 318.99 537.916C318.99 537.42 319.058 536.972 319.194 536.572C319.338 536.172 319.534 535.832 319.782 535.552C320.03 535.264 320.326 535.044 320.67 534.892C321.022 534.74 321.41 534.664 321.834 534.664C322.25 534.664 322.626 534.74 322.962 534.892C323.306 535.044 323.598 535.256 323.838 535.528C324.078 535.792 324.262 536.108 324.39 536.476C324.518 536.844 324.582 537.248 324.582 537.688V538.144H319.998V538.432C319.998 538.704 320.042 538.956 320.13 539.188C320.218 539.42 320.342 539.62 320.502 539.788C320.67 539.956 320.87 540.088 321.102 540.184C321.342 540.272 321.606 540.316 321.894 540.316C322.31 540.316 322.67 540.22 322.974 540.028C323.278 539.836 323.51 539.572 323.67 539.236L324.378 539.716C324.194 540.132 323.886 540.476 323.454 540.748C323.03 541.012 322.51 541.144 321.894 541.144ZM321.834 535.456C321.57 535.456 321.326 535.504 321.102 535.6C320.878 535.696 320.682 535.828 320.514 535.996C320.354 536.164 320.226 536.364 320.13 536.596C320.042 536.82 319.998 537.068 319.998 537.34V537.424H323.55V537.292C323.55 537.02 323.506 536.772 323.418 536.548C323.338 536.324 323.222 536.132 323.07 535.972C322.926 535.804 322.746 535.676 322.53 535.588C322.322 535.5 322.09 535.456 321.834 535.456ZM327.721 534.808H328.681V535.816H328.729C329.129 535.048 329.765 534.664 330.637 534.664C331.397 534.664 331.989 534.948 332.413 535.516C332.845 536.084 333.061 536.88 333.061 537.904C333.061 538.928 332.845 539.724 332.413 540.292C331.989 540.86 331.397 541.144 330.637 541.144C329.765 541.144 329.129 540.76 328.729 539.992H328.681V543.4H327.721V534.808ZM330.265 540.292C330.825 540.292 331.257 540.124 331.561 539.788C331.873 539.444 332.029 538.992 332.029 538.432V537.376C332.029 536.816 331.873 536.368 331.561 536.032C331.257 535.688 330.825 535.516 330.265 535.516C330.049 535.516 329.845 535.544 329.653 535.6C329.461 535.656 329.293 535.74 329.149 535.852C329.005 535.956 328.889 536.088 328.801 536.248C328.721 536.4 328.681 536.58 328.681 536.788V539.02C328.681 539.228 328.721 539.412 328.801 539.572C328.889 539.724 329.005 539.856 329.149 539.968C329.293 540.072 329.461 540.152 329.653 540.208C329.845 540.264 330.049 540.292 330.265 540.292ZM340.917 541C340.541 541 340.273 540.904 340.113 540.712C339.953 540.52 339.853 540.28 339.813 539.992H339.753C339.617 540.352 339.397 540.636 339.093 540.844C338.797 541.044 338.397 541.144 337.893 541.144C337.245 541.144 336.729 540.976 336.345 540.64C335.961 540.304 335.769 539.844 335.769 539.26C335.769 538.684 335.977 538.24 336.393 537.928C336.817 537.616 337.497 537.46 338.433 537.46H339.753V536.848C339.753 536.392 339.625 536.052 339.369 535.828C339.113 535.596 338.749 535.48 338.277 535.48C337.861 535.48 337.521 535.564 337.257 535.732C336.993 535.892 336.781 536.112 336.621 536.392L335.973 535.912C336.053 535.752 336.161 535.596 336.297 535.444C336.433 535.292 336.601 535.16 336.801 535.048C337.001 534.928 337.229 534.836 337.485 534.772C337.741 534.7 338.025 534.664 338.337 534.664C339.065 534.664 339.641 534.848 340.065 535.216C340.497 535.584 340.713 536.096 340.713 536.752V540.16H341.577V541H340.917ZM338.061 540.34C338.309 540.34 338.533 540.312 338.733 540.256C338.941 540.192 339.121 540.112 339.273 540.016C339.425 539.912 339.541 539.792 339.621 539.656C339.709 539.512 339.753 539.36 339.753 539.2V538.18H338.433C337.857 538.18 337.437 538.26 337.173 538.42C336.909 538.58 336.777 538.812 336.777 539.116V539.368C336.777 539.688 336.889 539.932 337.113 540.1C337.345 540.26 337.661 540.34 338.061 540.34ZM349.336 541H344.38V534.808H345.34V540.184H348.232V534.808H349.192V540.184H350.212V542.68H349.336V541ZM352.907 534.808H353.867V537.964L353.771 539.548H353.819L356.927 534.808H357.827V541H356.867V537.844L356.963 536.26H356.915L353.807 541H352.907V534.808ZM360.978 540.184H361.674L362.214 539.164C362.31 538.98 362.414 538.84 362.526 538.744C362.638 538.648 362.774 538.588 362.934 538.564V538.516C362.43 538.492 362.018 538.332 361.698 538.036C361.386 537.732 361.23 537.292 361.23 536.716C361.23 536.124 361.41 535.66 361.77 535.324C362.13 534.98 362.626 534.808 363.258 534.808H366.042V541H365.082V538.612H363.582L362.73 540.208C362.586 540.472 362.43 540.672 362.262 540.808C362.102 540.936 361.894 541 361.638 541H360.978V540.184ZM365.082 535.624H363.402C363.042 535.624 362.758 535.696 362.55 535.84C362.35 535.984 362.25 536.216 362.25 536.536V536.908C362.25 537.228 362.35 537.46 362.55 537.604C362.758 537.748 363.042 537.82 363.402 537.82H365.082V535.624Z" fill="#B4B4B4"/>
<rect x="293" y="564" width="12" height="12" rx="6" fill="#707070" fill-opacity="0.3"/>
<path d="M317.338 575.18C316.478 575.18 315.752 574.99 315.16 574.61C314.568 574.226 314.12 573.696 313.816 573.02C313.512 572.344 313.36 571.564 313.36 570.68C313.36 569.796 313.512 569.016 313.816 568.34C314.12 567.664 314.568 567.136 315.16 566.756C315.752 566.372 316.478 566.18 317.338 566.18C318.342 566.18 319.162 566.438 319.798 566.954C320.434 567.466 320.87 568.154 321.106 569.018L320.206 569.252C320.022 568.568 319.692 568.026 319.216 567.626C318.74 567.226 318.114 567.026 317.338 567.026C316.662 567.026 316.1 567.18 315.652 567.488C315.204 567.796 314.866 568.226 314.638 568.778C314.414 569.326 314.298 569.96 314.29 570.68C314.286 571.4 314.396 572.034 314.62 572.582C314.848 573.13 315.188 573.56 315.64 573.872C316.096 574.18 316.662 574.334 317.338 574.334C318.114 574.334 318.74 574.134 319.216 573.734C319.692 573.33 320.022 572.788 320.206 572.108L321.106 572.342C320.87 573.206 320.434 573.896 319.798 574.412C319.162 574.924 318.342 575.18 317.338 575.18ZM327.226 575V568.52H328.108V571.334H331.762V568.52H332.644V575H331.762V572.18H328.108V575H327.226ZM337.376 575.18C336.888 575.18 336.478 575.092 336.146 574.916C335.818 574.74 335.572 574.506 335.408 574.214C335.244 573.922 335.162 573.604 335.162 573.26C335.162 572.908 335.232 572.608 335.372 572.36C335.516 572.108 335.71 571.902 335.954 571.742C336.202 571.582 336.488 571.46 336.812 571.376C337.14 571.296 337.502 571.226 337.898 571.166C338.298 571.102 338.688 571.048 339.068 571.004C339.452 570.956 339.788 570.91 340.076 570.866L339.764 571.058C339.776 570.418 339.652 569.944 339.392 569.636C339.132 569.328 338.68 569.174 338.036 569.174C337.592 569.174 337.216 569.274 336.908 569.474C336.604 569.674 336.39 569.99 336.266 570.422L335.408 570.17C335.556 569.59 335.854 569.14 336.302 568.82C336.75 568.5 337.332 568.34 338.048 568.34C338.64 568.34 339.142 568.452 339.554 568.676C339.97 568.896 340.264 569.216 340.436 569.636C340.516 569.824 340.568 570.034 340.592 570.266C340.616 570.498 340.628 570.734 340.628 570.974V575H339.842V573.374L340.07 573.47C339.85 574.026 339.508 574.45 339.044 574.742C338.58 575.034 338.024 575.18 337.376 575.18ZM337.478 574.418C337.89 574.418 338.25 574.344 338.558 574.196C338.866 574.048 339.114 573.846 339.302 573.59C339.49 573.33 339.612 573.038 339.668 572.714C339.716 572.506 339.742 572.278 339.746 572.03C339.75 571.778 339.752 571.59 339.752 571.466L340.088 571.64C339.788 571.68 339.462 571.72 339.11 571.76C338.762 571.8 338.418 571.846 338.078 571.898C337.742 571.95 337.438 572.012 337.166 572.084C336.982 572.136 336.804 572.21 336.632 572.306C336.46 572.398 336.318 572.522 336.206 572.678C336.098 572.834 336.044 573.028 336.044 573.26C336.044 573.448 336.09 573.63 336.182 573.806C336.278 573.982 336.43 574.128 336.638 574.244C336.85 574.36 337.13 574.418 337.478 574.418ZM347.356 575V572.588C347.14 572.696 346.874 572.79 346.558 572.87C346.242 572.95 345.902 572.99 345.538 572.99C344.882 572.99 344.35 572.844 343.942 572.552C343.534 572.26 343.268 571.838 343.144 571.286C343.104 571.122 343.076 570.948 343.06 570.764C343.048 570.58 343.04 570.414 343.036 570.266C343.032 570.118 343.03 570.012 343.03 569.948V568.52H343.918V569.948C343.918 570.08 343.922 570.23 343.93 570.398C343.938 570.566 343.956 570.73 343.984 570.89C344.064 571.326 344.244 571.656 344.524 571.88C344.808 572.104 345.206 572.216 345.718 572.216C346.038 572.216 346.34 572.176 346.624 572.096C346.912 572.012 347.156 571.9 347.356 571.76V568.52H348.238V575H347.356ZM352.971 575.18C352.483 575.18 352.073 575.092 351.741 574.916C351.413 574.74 351.167 574.506 351.003 574.214C350.839 573.922 350.757 573.604 350.757 573.26C350.757 572.908 350.827 572.608 350.967 572.36C351.111 572.108 351.305 571.902 351.549 571.742C351.797 571.582 352.083 571.46 352.407 571.376C352.735 571.296 353.097 571.226 353.493 571.166C353.893 571.102 354.283 571.048 354.663 571.004C355.047 570.956 355.383 570.91 355.671 570.866L355.359 571.058C355.371 570.418 355.247 569.944 354.987 569.636C354.727 569.328 354.275 569.174 353.631 569.174C353.187 569.174 352.811 569.274 352.503 569.474C352.199 569.674 351.985 569.99 351.861 570.422L351.003 570.17C351.151 569.59 351.449 569.14 351.897 568.82C352.345 568.5 352.927 568.34 353.643 568.34C354.235 568.34 354.737 568.452 355.149 568.676C355.565 568.896 355.859 569.216 356.031 569.636C356.111 569.824 356.163 570.034 356.187 570.266C356.211 570.498 356.223 570.734 356.223 570.974V575H355.437V573.374L355.665 573.47C355.445 574.026 355.103 574.45 354.639 574.742C354.175 575.034 353.619 575.18 352.971 575.18ZM353.073 574.418C353.485 574.418 353.845 574.344 354.153 574.196C354.461 574.048 354.709 573.846 354.897 573.59C355.085 573.33 355.207 573.038 355.263 572.714C355.311 572.506 355.337 572.278 355.341 572.03C355.345 571.778 355.347 571.59 355.347 571.466L355.683 571.64C355.383 571.68 355.057 571.72 354.705 571.76C354.357 571.8 354.013 571.846 353.673 571.898C353.337 571.95 353.033 572.012 352.761 572.084C352.577 572.136 352.399 572.21 352.227 572.306C352.055 572.398 351.913 572.522 351.801 572.678C351.693 572.834 351.639 573.028 351.639 573.26C351.639 573.448 351.685 573.63 351.777 573.806C351.873 573.982 352.025 574.128 352.233 574.244C352.445 574.36 352.725 574.418 353.073 574.418ZM358.385 575V574.226C358.625 574.27 358.807 574.26 358.931 574.196C359.059 574.128 359.153 574.016 359.213 573.86C359.273 573.7 359.323 573.502 359.363 573.266C359.427 572.874 359.485 572.442 359.537 571.97C359.589 571.498 359.635 570.978 359.675 570.41C359.719 569.838 359.763 569.208 359.807 568.52H364.211V575H363.335V569.366H360.623C360.595 569.79 360.563 570.212 360.527 570.632C360.491 571.052 360.453 571.456 360.413 571.844C360.377 572.228 360.337 572.582 360.293 572.906C360.249 573.23 360.203 573.51 360.155 573.746C360.083 574.102 359.987 574.386 359.867 574.598C359.751 574.81 359.577 574.95 359.345 575.018C359.113 575.086 358.793 575.08 358.385 575ZM368.942 575.18C368.454 575.18 368.044 575.092 367.712 574.916C367.384 574.74 367.138 574.506 366.974 574.214C366.81 573.922 366.728 573.604 366.728 573.26C366.728 572.908 366.798 572.608 366.938 572.36C367.082 572.108 367.276 571.902 367.52 571.742C367.768 571.582 368.054 571.46 368.378 571.376C368.706 571.296 369.068 571.226 369.464 571.166C369.864 571.102 370.254 571.048 370.634 571.004C371.018 570.956 371.354 570.91 371.642 570.866L371.33 571.058C371.342 570.418 371.218 569.944 370.958 569.636C370.698 569.328 370.246 569.174 369.602 569.174C369.158 569.174 368.782 569.274 368.474 569.474C368.17 569.674 367.956 569.99 367.832 570.422L366.974 570.17C367.122 569.59 367.42 569.14 367.868 568.82C368.316 568.5 368.898 568.34 369.614 568.34C370.206 568.34 370.708 568.452 371.12 568.676C371.536 568.896 371.83 569.216 372.002 569.636C372.082 569.824 372.134 570.034 372.158 570.266C372.182 570.498 372.194 570.734 372.194 570.974V575H371.408V573.374L371.636 573.47C371.416 574.026 371.074 574.45 370.61 574.742C370.146 575.034 369.59 575.18 368.942 575.18ZM369.044 574.418C369.456 574.418 369.816 574.344 370.124 574.196C370.432 574.048 370.68 573.846 370.868 573.59C371.056 573.33 371.178 573.038 371.234 572.714C371.282 572.506 371.308 572.278 371.312 572.03C371.316 571.778 371.318 571.59 371.318 571.466L371.654 571.64C371.354 571.68 371.028 571.72 370.676 571.76C370.328 571.8 369.984 571.846 369.644 571.898C369.308 571.95 369.004 572.012 368.732 572.084C368.548 572.136 368.37 572.21 368.198 572.306C368.026 572.398 367.884 572.522 367.772 572.678C367.664 572.834 367.61 573.028 367.61 573.26C367.61 573.448 367.656 573.63 367.748 573.806C367.844 573.982 367.996 574.128 368.204 574.244C368.416 574.36 368.696 574.418 369.044 574.418Z" fill="#B4B4B4"/>
<rect x="398" y="564" width="12" height="12" rx="6" fill="#707070" fill-opacity="0.3"/>
<path d="M422.338 575.18C421.478 575.18 420.752 574.99 420.16 574.61C419.568 574.226 419.12 573.696 418.816 573.02C418.512 572.344 418.36 571.564 418.36 570.68C418.36 569.796 418.512 569.016 418.816 568.34C419.12 567.664 419.568 567.136 420.16 566.756C420.752 566.372 421.478 566.18 422.338 566.18C423.342 566.18 424.162 566.438 424.798 566.954C425.434 567.466 425.87 568.154 426.106 569.018L425.206 569.252C425.022 568.568 424.692 568.026 424.216 567.626C423.74 567.226 423.114 567.026 422.338 567.026C421.662 567.026 421.1 567.18 420.652 567.488C420.204 567.796 419.866 568.226 419.638 568.778C419.414 569.326 419.298 569.96 419.29 570.68C419.286 571.4 419.396 572.034 419.62 572.582C419.848 573.13 420.188 573.56 420.64 573.872C421.096 574.18 421.662 574.334 422.338 574.334C423.114 574.334 423.74 574.134 424.216 573.734C424.692 573.33 425.022 572.788 425.206 572.108L426.106 572.342C425.87 573.206 425.434 573.896 424.798 574.412C424.162 574.924 423.342 575.18 422.338 575.18ZM432.226 575L432.232 568.52H433.12V571.64L436.012 568.52H437.188L434.152 571.76L437.584 575H436.3L433.12 571.88V575H432.226ZM441.974 575.18C441.33 575.18 440.78 575.034 440.324 574.742C439.868 574.45 439.518 574.046 439.274 573.53C439.03 573.014 438.908 572.422 438.908 571.754C438.908 571.074 439.032 570.478 439.28 569.966C439.528 569.454 439.88 569.056 440.336 568.772C440.796 568.484 441.342 568.34 441.974 568.34C442.622 568.34 443.174 568.486 443.63 568.778C444.09 569.066 444.44 569.468 444.68 569.984C444.924 570.496 445.046 571.086 445.046 571.754C445.046 572.434 444.924 573.032 444.68 573.548C444.436 574.06 444.084 574.46 443.624 574.748C443.164 575.036 442.614 575.18 441.974 575.18ZM441.974 574.334C442.694 574.334 443.23 574.096 443.582 573.62C443.934 573.14 444.11 572.518 444.11 571.754C444.11 570.97 443.932 570.346 443.576 569.882C443.224 569.418 442.69 569.186 441.974 569.186C441.49 569.186 441.09 569.296 440.774 569.516C440.462 569.732 440.228 570.034 440.072 570.422C439.92 570.806 439.844 571.25 439.844 571.754C439.844 572.534 440.024 573.16 440.384 573.632C440.744 574.1 441.274 574.334 441.974 574.334ZM447.564 575V568.52H448.446V571.334H452.1V568.52H452.982V575H452.1V572.18H448.446V575H447.564ZM461.428 576.122V575H455.854V568.52H456.736V574.154H460.126V568.52H461.008V574.184H462.31V576.122H461.428ZM466.32 575.18C465.832 575.18 465.422 575.092 465.09 574.916C464.762 574.74 464.516 574.506 464.352 574.214C464.188 573.922 464.106 573.604 464.106 573.26C464.106 572.908 464.176 572.608 464.316 572.36C464.46 572.108 464.654 571.902 464.898 571.742C465.146 571.582 465.432 571.46 465.756 571.376C466.084 571.296 466.446 571.226 466.842 571.166C467.242 571.102 467.632 571.048 468.012 571.004C468.396 570.956 468.732 570.91 469.02 570.866L468.708 571.058C468.72 570.418 468.596 569.944 468.336 569.636C468.076 569.328 467.624 569.174 466.98 569.174C466.536 569.174 466.16 569.274 465.852 569.474C465.548 569.674 465.334 569.99 465.21 570.422L464.352 570.17C464.5 569.59 464.798 569.14 465.246 568.82C465.694 568.5 466.276 568.34 466.992 568.34C467.584 568.34 468.086 568.452 468.498 568.676C468.914 568.896 469.208 569.216 469.38 569.636C469.46 569.824 469.512 570.034 469.536 570.266C469.56 570.498 469.572 570.734 469.572 570.974V575H468.786V573.374L469.014 573.47C468.794 574.026 468.452 574.45 467.988 574.742C467.524 575.034 466.968 575.18 466.32 575.18ZM466.422 574.418C466.834 574.418 467.194 574.344 467.502 574.196C467.81 574.048 468.058 573.846 468.246 573.59C468.434 573.33 468.556 573.038 468.612 572.714C468.66 572.506 468.686 572.278 468.69 572.03C468.694 571.778 468.696 571.59 468.696 571.466L469.032 571.64C468.732 571.68 468.406 571.72 468.054 571.76C467.706 571.8 467.362 571.846 467.022 571.898C466.686 571.95 466.382 572.012 466.11 572.084C465.926 572.136 465.748 572.21 465.576 572.306C465.404 572.398 465.262 572.522 465.15 572.678C465.042 572.834 464.988 573.028 464.988 573.26C464.988 573.448 465.034 573.63 465.126 573.806C465.222 573.982 465.374 574.128 465.582 574.244C465.794 574.36 466.074 574.418 466.422 574.418Z" fill="#B4B4B4"/>
<path d="M24.104 608.5V616H23.096V608.5H20.3V607.624H26.9V608.5H24.104ZM29.5353 609.808H30.4953V612.964L30.3993 614.548H30.4473L33.5553 609.808H34.4553V616H33.4953V612.844L33.5913 611.26H33.5433L30.4353 616H29.5353V609.808ZM37.9546 609.808H42.8266V616H41.8666V610.624H38.9146V616H37.9546V609.808ZM54.7212 609.808H55.6812V612.4H58.6812V609.808H59.6412V616H58.6812V613.216H55.6812V616H54.7212V609.808ZM67.5806 609.808H68.5406L65.4686 617.356C65.3966 617.532 65.3166 617.684 65.2286 617.812C65.1406 617.948 65.0366 618.056 64.9166 618.136C64.7966 618.224 64.6526 618.288 64.4846 618.328C64.3166 618.376 64.1166 618.4 63.8846 618.4H62.9726V617.584H64.4126L65.1086 615.88L62.6126 609.808H63.5966L64.6406 612.4L65.5646 614.752H65.6126L66.5366 612.4L67.5806 609.808ZM71.2359 609.808H72.5559L73.9839 612.964H74.0559L75.4839 609.808H76.7079V616H75.7839V612.124L75.8199 611.02H75.7479L73.9719 614.944L72.1959 611.02H72.1239L72.1599 612.124V616H71.2359V609.808ZM82.4752 616.144C82.0272 616.144 81.6232 616.068 81.2632 615.916C80.9112 615.764 80.6072 615.548 80.3512 615.268C80.1032 614.98 79.9112 614.64 79.7752 614.248C79.6392 613.848 79.5712 613.404 79.5712 612.916C79.5712 612.42 79.6392 611.972 79.7752 611.572C79.9192 611.172 80.1152 610.832 80.3632 610.552C80.6112 610.264 80.9072 610.044 81.2512 609.892C81.6032 609.74 81.9912 609.664 82.4152 609.664C82.8312 609.664 83.2072 609.74 83.5432 609.892C83.8872 610.044 84.1792 610.256 84.4192 610.528C84.6592 610.792 84.8432 611.108 84.9712 611.476C85.0992 611.844 85.1632 612.248 85.1632 612.688V613.144H80.5792V613.432C80.5792 613.704 80.6232 613.956 80.7112 614.188C80.7992 614.42 80.9232 614.62 81.0832 614.788C81.2512 614.956 81.4512 615.088 81.6832 615.184C81.9232 615.272 82.1872 615.316 82.4752 615.316C82.8912 615.316 83.2512 615.22 83.5552 615.028C83.8592 614.836 84.0912 614.572 84.2512 614.236L84.9592 614.716C84.7752 615.132 84.4672 615.476 84.0352 615.748C83.6112 616.012 83.0912 616.144 82.4752 616.144ZM82.4152 610.456C82.1512 610.456 81.9072 610.504 81.6832 610.6C81.4592 610.696 81.2632 610.828 81.0952 610.996C80.9352 611.164 80.8072 611.364 80.7112 611.596C80.6232 611.82 80.5792 612.068 80.5792 612.34V612.424H84.1312V612.292C84.1312 612.02 84.0872 611.772 83.9992 611.548C83.9192 611.324 83.8032 611.132 83.6512 610.972C83.5072 610.804 83.3272 610.676 83.1112 610.588C82.9032 610.5 82.6712 610.456 82.4152 610.456ZM88.3025 609.808H89.2625V610.816H89.3105C89.7105 610.048 90.3465 609.664 91.2185 609.664C91.9785 609.664 92.5705 609.948 92.9945 610.516C93.4265 611.084 93.6425 611.88 93.6425 612.904C93.6425 613.928 93.4265 614.724 92.9945 615.292C92.5705 615.86 91.9785 616.144 91.2185 616.144C90.3465 616.144 89.7105 615.76 89.3105 614.992H89.2625V618.4H88.3025V609.808ZM90.8465 615.292C91.4065 615.292 91.8385 615.124 92.1425 614.788C92.4545 614.444 92.6105 613.992 92.6105 613.432V612.376C92.6105 611.816 92.4545 611.368 92.1425 611.032C91.8385 610.688 91.4065 610.516 90.8465 610.516C90.6305 610.516 90.4265 610.544 90.2345 610.6C90.0425 610.656 89.8745 610.74 89.7305 610.852C89.5865 610.956 89.4705 611.088 89.3825 611.248C89.3025 611.4 89.2625 611.58 89.2625 611.788V614.02C89.2625 614.228 89.3025 614.412 89.3825 614.572C89.4705 614.724 89.5865 614.856 89.7305 614.968C89.8745 615.072 90.0425 615.152 90.2345 615.208C90.4265 615.264 90.6305 615.292 90.8465 615.292ZM101.498 616C101.122 616 100.854 615.904 100.694 615.712C100.534 615.52 100.434 615.28 100.394 614.992H100.334C100.198 615.352 99.9778 615.636 99.6738 615.844C99.3778 616.044 98.9778 616.144 98.4738 616.144C97.8258 616.144 97.3098 615.976 96.9258 615.64C96.5418 615.304 96.3498 614.844 96.3498 614.26C96.3498 613.684 96.5578 613.24 96.9738 612.928C97.3978 612.616 98.0778 612.46 99.0138 612.46H100.334V611.848C100.334 611.392 100.206 611.052 99.9498 610.828C99.6938 610.596 99.3298 610.48 98.8578 610.48C98.4418 610.48 98.1018 610.564 97.8378 610.732C97.5738 610.892 97.3618 611.112 97.2018 611.392L96.5538 610.912C96.6338 610.752 96.7418 610.596 96.8778 610.444C97.0138 610.292 97.1818 610.16 97.3818 610.048C97.5818 609.928 97.8098 609.836 98.0658 609.772C98.3218 609.7 98.6058 609.664 98.9178 609.664C99.6458 609.664 100.222 609.848 100.646 610.216C101.078 610.584 101.294 611.096 101.294 611.752V615.16H102.158V616H101.498ZM98.6418 615.34C98.8898 615.34 99.1138 615.312 99.3138 615.256C99.5218 615.192 99.7018 615.112 99.8538 615.016C100.006 614.912 100.122 614.792 100.202 614.656C100.29 614.512 100.334 614.36 100.334 614.2V613.18H99.0138C98.4378 613.18 98.0178 613.26 97.7538 613.42C97.4898 613.58 97.3578 613.812 97.3578 614.116V614.368C97.3578 614.688 97.4698 614.932 97.6938 615.1C97.9258 615.26 98.2418 615.34 98.6418 615.34ZM109.917 616H104.961V609.808H105.921V615.184H108.813V609.808H109.773V615.184H110.793V617.68H109.917V616ZM113.488 609.808H114.448V612.964L114.352 614.548H114.4L117.508 609.808H118.408V616H117.448V612.844L117.544 611.26H117.496L114.388 616H113.488V609.808ZM121.884 609.808H122.844V612.964L122.748 614.548H122.796L125.904 609.808H126.804V616H125.844V612.844L125.94 611.26H125.892L122.784 616H121.884V609.808ZM132.739 616.108C132.411 616.108 132.179 616.04 132.043 615.904C131.915 615.768 131.851 615.596 131.851 615.388V615.172C131.851 614.964 131.915 614.792 132.043 614.656C132.179 614.52 132.411 614.452 132.739 614.452C133.067 614.452 133.295 614.52 133.423 614.656C133.559 614.792 133.627 614.964 133.627 615.172V615.388C133.627 615.596 133.559 615.768 133.423 615.904C133.295 616.04 133.067 616.108 132.739 616.108ZM132.739 611.356C132.411 611.356 132.179 611.288 132.043 611.152C131.915 611.016 131.851 610.844 131.851 610.636V610.42C131.851 610.212 131.915 610.04 132.043 609.904C132.179 609.768 132.411 609.7 132.739 609.7C133.067 609.7 133.295 609.768 133.423 609.904C133.559 610.04 133.627 610.212 133.627 610.42V610.636C133.627 610.844 133.559 611.016 133.423 611.152C133.295 611.288 133.067 611.356 132.739 611.356Z" fill="#B4B4B4"/>
<rect x="20" y="627" width="531" height="36" rx="10" fill="#262626" fill-opacity="0.2"/>
<rect x="20.5" y="627.5" width="530" height="35" rx="9.5" stroke="url(#paint16_linear_5194_3492)" stroke-opacity="0.3"/>
<path d="M34.338 650.18C33.478 650.18 32.752 649.99 32.16 649.61C31.568 649.226 31.12 648.696 30.816 648.02C30.512 647.344 30.36 646.564 30.36 645.68C30.36 644.796 30.512 644.016 30.816 643.34C31.12 642.664 31.568 642.136 32.16 641.756C32.752 641.372 33.478 641.18 34.338 641.18C35.202 641.18 35.928 641.372 36.516 641.756C37.108 642.136 37.556 642.664 37.86 643.34C38.168 644.016 38.322 644.796 38.322 645.68C38.322 646.564 38.168 647.344 37.86 648.02C37.556 648.696 37.108 649.226 36.516 649.61C35.928 649.99 35.202 650.18 34.338 650.18ZM34.338 649.334C35.014 649.334 35.578 649.18 36.03 648.872C36.482 648.564 36.82 648.136 37.044 647.588C37.272 647.036 37.386 646.4 37.386 645.68C37.386 644.96 37.272 644.326 37.044 643.778C36.82 643.23 36.482 642.802 36.03 642.494C35.578 642.186 35.014 642.03 34.338 642.026C33.662 642.026 33.1 642.18 32.652 642.488C32.204 642.796 31.866 643.226 31.638 643.778C31.414 644.326 31.3 644.96 31.296 645.68C31.292 646.4 31.402 647.034 31.626 647.582C31.854 648.126 32.194 648.554 32.646 648.866C33.098 649.174 33.662 649.33 34.338 649.334ZM43.3216 650.186C42.7176 650.182 42.1996 650.05 41.7676 649.79C41.3356 649.53 40.9996 649.142 40.7596 648.626C40.5236 648.11 40.3956 647.466 40.3756 646.694C40.3636 646.354 40.3716 645.984 40.3996 645.584C40.4276 645.18 40.4716 644.796 40.5316 644.432C40.5916 644.068 40.6636 643.772 40.7476 643.544C40.8516 643.248 40.9996 642.972 41.1916 642.716C41.3876 642.456 41.6136 642.244 41.8696 642.08C42.1176 641.912 42.3976 641.782 42.7096 641.69C43.0256 641.594 43.3536 641.52 43.6936 641.468C44.0376 641.416 44.3776 641.37 44.7136 641.33C45.0536 641.29 45.3676 641.24 45.6556 641.18L45.7516 641.978C45.5316 642.022 45.2716 642.062 44.9716 642.098C44.6716 642.134 44.3576 642.178 44.0296 642.23C43.7016 642.278 43.3876 642.344 43.0876 642.428C42.7876 642.512 42.5316 642.622 42.3196 642.758C41.9956 642.954 41.7456 643.25 41.5696 643.646C41.3976 644.042 41.2916 644.496 41.2516 645.008C41.4996 644.62 41.8276 644.328 42.2356 644.132C42.6476 643.936 43.0936 643.838 43.5736 643.838C44.1576 643.838 44.6596 643.972 45.0796 644.24C45.5036 644.508 45.8296 644.88 46.0576 645.356C46.2856 645.832 46.3996 646.378 46.3996 646.994C46.3996 647.638 46.2736 648.2 46.0216 648.68C45.7736 649.16 45.4196 649.532 44.9596 649.796C44.4996 650.056 43.9536 650.186 43.3216 650.186ZM43.3876 649.34C44.0676 649.34 44.5836 649.128 44.9356 648.704C45.2916 648.28 45.4696 647.716 45.4696 647.012C45.4696 646.292 45.2856 645.724 44.9176 645.308C44.5536 644.892 44.0396 644.684 43.3756 644.684C42.7116 644.684 42.2016 644.892 41.8456 645.308C41.4896 645.724 41.3116 646.292 41.3116 647.012C41.3116 647.732 41.4896 648.3 41.8456 648.716C42.2016 649.132 42.7156 649.34 43.3876 649.34ZM56.3057 651.122V650H48.9137V643.52H49.7717V649.184H52.2017V643.52H53.0597V649.184H55.4837V643.52H56.3417V649.184H57.1877V651.122H56.3057ZM64.4903 643.52V650H63.6323V644.954L60.0803 650H59.3363V643.52H60.1943V648.524L63.7523 643.52H64.4903ZM70.0624 642.752C69.7784 642.752 69.5184 642.682 69.2824 642.542C69.0464 642.402 68.8584 642.216 68.7184 641.984C68.5824 641.748 68.5144 641.488 68.5144 641.204H69.2464C69.2464 641.428 69.3264 641.62 69.4864 641.78C69.6464 641.94 69.8384 642.02 70.0624 642.02C70.2904 642.02 70.4824 641.94 70.6384 641.78C70.7984 641.62 70.8784 641.428 70.8784 641.204H71.6104C71.6104 641.488 71.5404 641.748 71.4004 641.984C71.2644 642.216 71.0784 642.402 70.8424 642.542C70.6064 642.682 70.3464 642.752 70.0624 642.752ZM72.5224 643.52V650H71.6644V644.954L68.1124 650H67.3684V643.52H68.2264V648.524L71.7844 643.52H72.5224ZM79.0028 650V643.52H79.8848V646.334H83.5388V643.52H84.4208V650H83.5388V647.18H79.8848V650H79.0028ZM90.0046 650.18C89.3606 650.18 88.8106 650.034 88.3546 649.742C87.8986 649.45 87.5486 649.046 87.3046 648.53C87.0606 648.014 86.9386 647.422 86.9386 646.754C86.9386 646.074 87.0626 645.478 87.3106 644.966C87.5586 644.454 87.9106 644.056 88.3666 643.772C88.8266 643.484 89.3726 643.34 90.0046 643.34C90.6526 643.34 91.2046 643.486 91.6606 643.778C92.1206 644.066 92.4706 644.468 92.7106 644.984C92.9546 645.496 93.0766 646.086 93.0766 646.754C93.0766 647.434 92.9546 648.032 92.7106 648.548C92.4666 649.06 92.1146 649.46 91.6546 649.748C91.1946 650.036 90.6446 650.18 90.0046 650.18ZM90.0046 649.334C90.7246 649.334 91.2606 649.096 91.6126 648.62C91.9646 648.14 92.1406 647.518 92.1406 646.754C92.1406 645.97 91.9626 645.346 91.6066 644.882C91.2546 644.418 90.7206 644.186 90.0046 644.186C89.5206 644.186 89.1206 644.296 88.8046 644.516C88.4926 644.732 88.2586 645.034 88.1026 645.422C87.9506 645.806 87.8746 646.25 87.8746 646.754C87.8746 647.534 88.0546 648.16 88.4146 648.632C88.7746 649.1 89.3046 649.334 90.0046 649.334ZM95.5942 650V643.52H96.3802L98.9062 648.824L101.438 643.52H102.218V650H101.366V645.404L99.1882 650H98.6302L96.4522 645.404V650H95.5942ZM107.839 650.18C107.207 650.18 106.659 650.04 106.195 649.76C105.735 649.48 105.377 649.086 105.121 648.578C104.865 648.07 104.737 647.474 104.737 646.79C104.737 646.082 104.863 645.47 105.115 644.954C105.367 644.438 105.721 644.04 106.177 643.76C106.637 643.48 107.179 643.34 107.803 643.34C108.443 643.34 108.989 643.488 109.441 643.784C109.893 644.076 110.235 644.496 110.467 645.044C110.699 645.592 110.805 646.246 110.785 647.006H109.885V646.694C109.869 645.854 109.687 645.22 109.339 644.792C108.995 644.364 108.491 644.15 107.827 644.15C107.131 644.15 106.597 644.376 106.225 644.828C105.857 645.28 105.673 645.924 105.673 646.76C105.673 647.576 105.857 648.21 106.225 648.662C106.597 649.11 107.123 649.334 107.803 649.334C108.267 649.334 108.671 649.228 109.015 649.016C109.363 648.8 109.637 648.49 109.837 648.086L110.659 648.404C110.403 648.968 110.025 649.406 109.525 649.718C109.029 650.026 108.467 650.18 107.839 650.18ZM105.361 647.006V646.268H110.311V647.006H105.361ZM116.227 650.18C115.631 650.18 115.127 650.03 114.715 649.73C114.303 649.426 113.991 649.016 113.779 648.5C113.567 647.98 113.461 647.398 113.461 646.754C113.461 646.098 113.567 645.514 113.779 645.002C113.995 644.486 114.311 644.08 114.727 643.784C115.143 643.488 115.655 643.34 116.263 643.34C116.855 643.34 117.363 643.49 117.787 643.79C118.211 644.09 118.535 644.498 118.759 645.014C118.987 645.53 119.101 646.11 119.101 646.754C119.101 647.402 118.987 647.984 118.759 648.5C118.531 649.016 118.203 649.426 117.775 649.73C117.347 650.03 116.831 650.18 116.227 650.18ZM113.311 652.88V643.52H114.103V648.398H114.199V652.88H113.311ZM116.137 649.358C116.589 649.358 116.965 649.244 117.265 649.016C117.565 648.788 117.789 648.478 117.937 648.086C118.089 647.69 118.165 647.246 118.165 646.754C118.165 646.266 118.091 645.826 117.943 645.434C117.795 645.042 117.569 644.732 117.265 644.504C116.965 644.276 116.583 644.162 116.119 644.162C115.667 644.162 115.291 644.272 114.991 644.492C114.695 644.712 114.473 645.018 114.325 645.41C114.177 645.798 114.103 646.246 114.103 646.754C114.103 647.254 114.177 647.702 114.325 648.098C114.473 648.49 114.697 648.798 114.997 649.022C115.297 649.246 115.677 649.358 116.137 649.358ZM125.214 650V643.52H130.368V650H129.486V644.366H126.096V650H125.214ZM134.176 652.88L135.43 649.478L135.448 650.486L132.61 643.52H133.546L135.874 649.346H135.49L137.638 643.52H138.538L135.058 652.88H134.176ZM143.379 650.186C142.775 650.182 142.257 650.05 141.825 649.79C141.393 649.53 141.057 649.142 140.817 648.626C140.581 648.11 140.453 647.466 140.433 646.694C140.421 646.354 140.429 645.984 140.457 645.584C140.485 645.18 140.529 644.796 140.589 644.432C140.649 644.068 140.721 643.772 140.805 643.544C140.909 643.248 141.057 642.972 141.249 642.716C141.445 642.456 141.671 642.244 141.927 642.08C142.175 641.912 142.455 641.782 142.767 641.69C143.083 641.594 143.411 641.52 143.751 641.468C144.095 641.416 144.435 641.37 144.771 641.33C145.111 641.29 145.425 641.24 145.713 641.18L145.809 641.978C145.589 642.022 145.329 642.062 145.029 642.098C144.729 642.134 144.415 642.178 144.087 642.23C143.759 642.278 143.445 642.344 143.145 642.428C142.845 642.512 142.589 642.622 142.377 642.758C142.053 642.954 141.803 643.25 141.627 643.646C141.455 644.042 141.349 644.496 141.309 645.008C141.557 644.62 141.885 644.328 142.293 644.132C142.705 643.936 143.151 643.838 143.631 643.838C144.215 643.838 144.717 643.972 145.137 644.24C145.561 644.508 145.887 644.88 146.115 645.356C146.343 645.832 146.457 646.378 146.457 646.994C146.457 647.638 146.331 648.2 146.079 648.68C145.831 649.16 145.477 649.532 145.017 649.796C144.557 650.056 144.011 650.186 143.379 650.186ZM143.445 649.34C144.125 649.34 144.641 649.128 144.993 648.704C145.349 648.28 145.527 647.716 145.527 647.012C145.527 646.292 145.343 645.724 144.975 645.308C144.611 644.892 144.097 644.684 143.433 644.684C142.769 644.684 142.259 644.892 141.903 645.308C141.547 645.724 141.369 646.292 141.369 647.012C141.369 647.732 141.547 648.3 141.903 648.716C142.259 649.132 142.773 649.34 143.445 649.34ZM148.377 650V649.226C148.617 649.27 148.799 649.26 148.923 649.196C149.051 649.128 149.145 649.016 149.205 648.86C149.265 648.7 149.315 648.502 149.355 648.266C149.419 647.874 149.477 647.442 149.529 646.97C149.581 646.498 149.627 645.978 149.667 645.41C149.711 644.838 149.755 644.208 149.799 643.52H154.203V650H153.327V644.366H150.615C150.587 644.79 150.555 645.212 150.519 645.632C150.483 646.052 150.445 646.456 150.405 646.844C150.369 647.228 150.329 647.582 150.285 647.906C150.241 648.23 150.195 648.51 150.147 648.746C150.075 649.102 149.979 649.386 149.859 649.598C149.743 649.81 149.569 649.95 149.337 650.018C149.105 650.086 148.785 650.08 148.377 650ZM162.227 643.52V650H161.369V644.954L157.817 650H157.073V643.52H157.931V648.524L161.489 643.52H162.227ZM165.105 650L165.111 643.52H165.999V646.64L168.891 643.52H170.067L167.031 646.76L170.463 650H169.179L165.999 646.88V650H165.105ZM174.118 650.18C173.63 650.18 173.22 650.092 172.888 649.916C172.56 649.74 172.314 649.506 172.15 649.214C171.986 648.922 171.904 648.604 171.904 648.26C171.904 647.908 171.974 647.608 172.114 647.36C172.258 647.108 172.452 646.902 172.696 646.742C172.944 646.582 173.23 646.46 173.554 646.376C173.882 646.296 174.244 646.226 174.64 646.166C175.04 646.102 175.43 646.048 175.81 646.004C176.194 645.956 176.53 645.91 176.818 645.866L176.506 646.058C176.518 645.418 176.394 644.944 176.134 644.636C175.874 644.328 175.422 644.174 174.778 644.174C174.334 644.174 173.958 644.274 173.65 644.474C173.346 644.674 173.132 644.99 173.008 645.422L172.15 645.17C172.298 644.59 172.596 644.14 173.044 643.82C173.492 643.5 174.074 643.34 174.79 643.34C175.382 643.34 175.884 643.452 176.296 643.676C176.712 643.896 177.006 644.216 177.178 644.636C177.258 644.824 177.31 645.034 177.334 645.266C177.358 645.498 177.37 645.734 177.37 645.974V650H176.584V648.374L176.812 648.47C176.592 649.026 176.25 649.45 175.786 649.742C175.322 650.034 174.766 650.18 174.118 650.18ZM174.22 649.418C174.632 649.418 174.992 649.344 175.3 649.196C175.608 649.048 175.856 648.846 176.044 648.59C176.232 648.33 176.354 648.038 176.41 647.714C176.458 647.506 176.484 647.278 176.488 647.03C176.492 646.778 176.494 646.59 176.494 646.466L176.83 646.64C176.53 646.68 176.204 646.72 175.852 646.76C175.504 646.8 175.16 646.846 174.82 646.898C174.484 646.95 174.18 647.012 173.908 647.084C173.724 647.136 173.546 647.21 173.374 647.306C173.202 647.398 173.06 647.522 172.948 647.678C172.84 647.834 172.786 648.028 172.786 648.26C172.786 648.448 172.832 648.63 172.924 648.806C173.02 648.982 173.172 649.128 173.38 649.244C173.592 649.36 173.872 649.418 174.22 649.418ZM185.7 651.122V650H180.126V643.52H181.008V649.154H184.398V643.52H185.28V649.184H186.582V651.122H185.7ZM193.886 643.52V650H193.028V644.954L189.476 650H188.732V643.52H189.59V648.524L193.148 643.52H193.886ZM201.918 643.52V650H201.06V644.954L197.508 650H196.764V643.52H197.622V648.524L201.18 643.52H201.918Z" fill="#707070"/>
<path d="M531 642.5L536 647.5L541 642.5" stroke="#707070" stroke-linecap="round" stroke-linejoin="round"/>
<path d="M25.232 687.196H21.968V691H20.96V682.624H21.968V686.32H25.232V682.624H26.24V691H25.232V687.196ZM34.3353 691C33.9593 691 33.6913 690.904 33.5313 690.712C33.3713 690.52 33.2713 690.28 33.2313 689.992H33.1713C33.0353 690.352 32.8153 690.636 32.5113 690.844C32.2153 691.044 31.8153 691.144 31.3113 691.144C30.6633 691.144 30.1473 690.976 29.7633 690.64C29.3793 690.304 29.1873 689.844 29.1873 689.26C29.1873 688.684 29.3953 688.24 29.8113 687.928C30.2353 687.616 30.9153 687.46 31.8513 687.46H33.1713V686.848C33.1713 686.392 33.0433 686.052 32.7873 685.828C32.5313 685.596 32.1673 685.48 31.6953 685.48C31.2793 685.48 30.9393 685.564 30.6753 685.732C30.4113 685.892 30.1993 686.112 30.0393 686.392L29.3913 685.912C29.4713 685.752 29.5793 685.596 29.7153 685.444C29.8513 685.292 30.0193 685.16 30.2193 685.048C30.4193 684.928 30.6473 684.836 30.9033 684.772C31.1593 684.7 31.4433 684.664 31.7553 684.664C32.4833 684.664 33.0593 684.848 33.4833 685.216C33.9153 685.584 34.1313 686.096 34.1313 686.752V690.16H34.9953V691H34.3353ZM31.4793 690.34C31.7273 690.34 31.9513 690.312 32.1513 690.256C32.3593 690.192 32.5393 690.112 32.6913 690.016C32.8433 689.912 32.9593 689.792 33.0393 689.656C33.1273 689.512 33.1713 689.36 33.1713 689.2V688.18H31.8513C31.2753 688.18 30.8553 688.26 30.5913 688.42C30.3273 688.58 30.1953 688.812 30.1953 689.116V689.368C30.1953 689.688 30.3073 689.932 30.5313 690.1C30.7633 690.26 31.0793 690.34 31.4793 690.34ZM41.7106 688.156H41.6506C41.4266 688.404 41.1706 688.592 40.8826 688.72C40.6026 688.84 40.2426 688.9 39.8026 688.9C39.1306 688.9 38.6186 688.744 38.2666 688.432C37.9226 688.112 37.7506 687.632 37.7506 686.992V684.808H38.7106V686.908C38.7106 687.292 38.8186 687.576 39.0346 687.76C39.2506 687.944 39.6026 688.036 40.0906 688.036C40.5706 688.036 40.9586 687.976 41.2546 687.856C41.5586 687.728 41.7106 687.536 41.7106 687.28V684.808H42.6706V691H41.7106V688.156ZM51.1259 691C50.7499 691 50.4819 690.904 50.3219 690.712C50.1619 690.52 50.0619 690.28 50.0219 689.992H49.9619C49.8259 690.352 49.6059 690.636 49.3019 690.844C49.0059 691.044 48.6059 691.144 48.1019 691.144C47.4539 691.144 46.9379 690.976 46.5539 690.64C46.1699 690.304 45.9779 689.844 45.9779 689.26C45.9779 688.684 46.1859 688.24 46.6019 687.928C47.0259 687.616 47.7059 687.46 48.6419 687.46H49.9619V686.848C49.9619 686.392 49.8339 686.052 49.5779 685.828C49.3219 685.596 48.9579 685.48 48.4859 685.48C48.0699 685.48 47.7299 685.564 47.4659 685.732C47.2019 685.892 46.9899 686.112 46.8299 686.392L46.1819 685.912C46.2619 685.752 46.3699 685.596 46.5059 685.444C46.6419 685.292 46.8099 685.16 47.0099 685.048C47.2099 684.928 47.4379 684.836 47.6939 684.772C47.9499 684.7 48.2339 684.664 48.5459 684.664C49.2739 684.664 49.8499 684.848 50.2739 685.216C50.7059 685.584 50.9219 686.096 50.9219 686.752V690.16H51.7859V691H51.1259ZM48.2699 690.34C48.5179 690.34 48.7419 690.312 48.9419 690.256C49.1499 690.192 49.3299 690.112 49.4819 690.016C49.6339 689.912 49.7499 689.792 49.8299 689.656C49.9179 689.512 49.9619 689.36 49.9619 689.2V688.18H48.6419C48.0659 688.18 47.6459 688.26 47.3819 688.42C47.1179 688.58 46.9859 688.812 46.9859 689.116V689.368C46.9859 689.688 47.0979 689.932 47.3219 690.1C47.5539 690.26 47.8699 690.34 48.2699 690.34ZM53.8932 690.184H54.6612C54.7812 690.032 54.8852 689.852 54.9732 689.644C55.0692 689.436 55.1452 689.188 55.2012 688.9C55.2652 688.612 55.3132 688.28 55.3452 687.904C55.3772 687.52 55.3932 687.076 55.3932 686.572V684.808H59.5092V691H58.5492V685.624H56.3292V686.596C56.3292 687.716 56.2452 688.596 56.0772 689.236C55.9172 689.868 55.7012 690.32 55.4292 690.592C55.2772 690.744 55.1092 690.852 54.9252 690.916C54.7412 690.972 54.5212 691 54.2652 691H53.8932V690.184ZM63.3086 684.808H64.2686V687.052H66.1886C66.8126 687.052 67.3086 687.228 67.6766 687.58C68.0446 687.932 68.2286 688.416 68.2286 689.032C68.2286 689.656 68.0486 690.14 67.6886 690.484C67.3286 690.828 66.8326 691 66.2006 691H63.3086V684.808ZM66.0566 690.184C66.4166 690.184 66.6966 690.112 66.8966 689.968C67.1046 689.824 67.2086 689.592 67.2086 689.272V688.768C67.2086 688.448 67.1046 688.22 66.8966 688.084C66.6966 687.94 66.4166 687.868 66.0566 687.868H64.2686V690.184H66.0566ZM71.5119 684.808H72.4719V687.4H75.4719V684.808H76.4319V691H75.4719V688.216H72.4719V691H71.5119V684.808ZM84.7072 691C84.3312 691 84.0632 690.904 83.9032 690.712C83.7432 690.52 83.6432 690.28 83.6032 689.992H83.5432C83.4072 690.352 83.1872 690.636 82.8832 690.844C82.5872 691.044 82.1872 691.144 81.6832 691.144C81.0352 691.144 80.5192 690.976 80.1352 690.64C79.7512 690.304 79.5592 689.844 79.5592 689.26C79.5592 688.684 79.7672 688.24 80.1832 687.928C80.6072 687.616 81.2872 687.46 82.2232 687.46H83.5432V686.848C83.5432 686.392 83.4152 686.052 83.1592 685.828C82.9032 685.596 82.5392 685.48 82.0672 685.48C81.6512 685.48 81.3112 685.564 81.0472 685.732C80.7832 685.892 80.5712 686.112 80.4112 686.392L79.7632 685.912C79.8432 685.752 79.9512 685.596 80.0872 685.444C80.2232 685.292 80.3912 685.16 80.5912 685.048C80.7912 684.928 81.0192 684.836 81.2752 684.772C81.5312 684.7 81.8152 684.664 82.1272 684.664C82.8552 684.664 83.4312 684.848 83.8552 685.216C84.2872 685.584 84.5032 686.096 84.5032 686.752V690.16H85.3672V691H84.7072ZM81.8512 690.34C82.0992 690.34 82.3232 690.312 82.5232 690.256C82.7312 690.192 82.9112 690.112 83.0632 690.016C83.2152 689.912 83.3312 689.792 83.4112 689.656C83.4992 689.512 83.5432 689.36 83.5432 689.2V688.18H82.2232C81.6472 688.18 81.2272 688.26 80.9632 688.42C80.6992 688.58 80.5672 688.812 80.5672 689.116V689.368C80.5672 689.688 80.6792 689.932 80.9032 690.1C81.1352 690.26 81.4512 690.34 81.8512 690.34ZM87.9785 690.184H88.6745L89.2145 689.164C89.3105 688.98 89.4145 688.84 89.5265 688.744C89.6385 688.648 89.7745 688.588 89.9345 688.564V688.516C89.4305 688.492 89.0185 688.332 88.6985 688.036C88.3865 687.732 88.2305 687.292 88.2305 686.716C88.2305 686.124 88.4105 685.66 88.7705 685.324C89.1305 684.98 89.6265 684.808 90.2585 684.808H93.0425V691H92.0825V688.612H90.5825L89.7305 690.208C89.5865 690.472 89.4305 690.672 89.2625 690.808C89.1025 690.936 88.8945 691 88.6385 691H87.9785V690.184ZM92.0825 685.624H90.4025C90.0425 685.624 89.7585 685.696 89.5505 685.84C89.3505 685.984 89.2505 686.216 89.2505 686.536V686.908C89.2505 687.228 89.3505 687.46 89.5505 687.604C89.7585 687.748 90.0425 687.82 90.4025 687.82H92.0825V685.624ZM109.917 691H104.961V684.808H105.921V690.184H108.813V684.808H109.773V690.184H110.793V692.68H109.917V691ZM113.488 684.808H114.448V687.964L114.352 689.548H114.4L117.508 684.808H118.408V691H117.448V687.844L117.544 686.26H117.496L114.388 691H113.488V684.808ZM123.072 690.34C123.336 690.34 123.54 690.264 123.684 690.112C123.828 689.96 123.9 689.732 123.9 689.428V686.38C123.9 686.076 123.828 685.848 123.684 685.696C123.54 685.544 123.336 685.468 123.072 685.468C122.928 685.468 122.8 685.496 122.688 685.552C122.576 685.608 122.484 685.708 122.412 685.852C122.34 685.996 122.284 686.192 122.244 686.44C122.204 686.68 122.184 686.988 122.184 687.364V688.444C122.184 688.82 122.204 689.132 122.244 689.38C122.284 689.62 122.34 689.812 122.412 689.956C122.484 690.1 122.576 690.2 122.688 690.256C122.8 690.312 122.928 690.34 123.072 690.34ZM123.9 690.364H123.864C123.728 690.644 123.568 690.844 123.384 690.964C123.208 691.084 123.004 691.144 122.772 691.144C122.532 691.144 122.316 691.096 122.124 691C121.94 690.896 121.784 690.72 121.656 690.472C121.528 690.224 121.432 689.892 121.368 689.476C121.304 689.06 121.272 688.536 121.272 687.904C121.272 687.272 121.304 686.748 121.368 686.332C121.432 685.916 121.528 685.584 121.656 685.336C121.784 685.088 121.94 684.916 122.124 684.82C122.316 684.716 122.532 684.664 122.772 684.664C123.004 684.664 123.208 684.724 123.384 684.844C123.568 684.964 123.728 685.164 123.864 685.444H123.9V682.48H124.788V685.444H124.824C124.96 685.164 125.116 684.964 125.292 684.844C125.476 684.724 125.684 684.664 125.916 684.664C126.156 684.664 126.368 684.716 126.552 684.82C126.744 684.916 126.904 685.088 127.032 685.336C127.16 685.584 127.256 685.916 127.32 686.332C127.384 686.748 127.416 687.272 127.416 687.904C127.416 688.536 127.384 689.06 127.32 689.476C127.256 689.892 127.16 690.224 127.032 690.472C126.904 690.72 126.744 690.896 126.552 691C126.368 691.096 126.156 691.144 125.916 691.144C125.684 691.144 125.476 691.084 125.292 690.964C125.116 690.844 124.96 690.644 124.824 690.364H124.788V693.4H123.9V690.364ZM125.616 690.34C125.76 690.34 125.888 690.312 126 690.256C126.112 690.2 126.204 690.1 126.276 689.956C126.348 689.812 126.404 689.62 126.444 689.38C126.484 689.132 126.504 688.82 126.504 688.444V687.364C126.504 686.988 126.484 686.68 126.444 686.44C126.404 686.192 126.348 685.996 126.276 685.852C126.204 685.708 126.112 685.608 126 685.552C125.888 685.496 125.76 685.468 125.616 685.468C125.352 685.468 125.148 685.544 125.004 685.696C124.86 685.848 124.788 686.076 124.788 686.38V689.428C124.788 689.732 124.86 689.96 125.004 690.112C125.148 690.264 125.352 690.34 125.616 690.34ZM130.279 684.808H131.239V685.816H131.287C131.687 685.048 132.323 684.664 133.195 684.664C133.955 684.664 134.547 684.948 134.971 685.516C135.403 686.084 135.619 686.88 135.619 687.904C135.619 688.928 135.403 689.724 134.971 690.292C134.547 690.86 133.955 691.144 133.195 691.144C132.323 691.144 131.687 690.76 131.287 689.992H131.239V693.4H130.279V684.808ZM132.823 690.292C133.383 690.292 133.815 690.124 134.119 689.788C134.431 689.444 134.587 688.992 134.587 688.432V687.376C134.587 686.816 134.431 686.368 134.119 686.032C133.815 685.688 133.383 685.516 132.823 685.516C132.607 685.516 132.403 685.544 132.211 685.6C132.019 685.656 131.851 685.74 131.707 685.852C131.563 685.956 131.447 686.088 131.359 686.248C131.279 686.4 131.239 686.58 131.239 686.788V689.02C131.239 689.228 131.279 689.412 131.359 689.572C131.447 689.724 131.563 689.856 131.707 689.968C131.851 690.072 132.019 690.152 132.211 690.208C132.403 690.264 132.607 690.292 132.823 690.292ZM143.474 691C143.098 691 142.83 690.904 142.67 690.712C142.51 690.52 142.41 690.28 142.37 689.992H142.31C142.174 690.352 141.954 690.636 141.65 690.844C141.354 691.044 140.954 691.144 140.45 691.144C139.802 691.144 139.286 690.976 138.902 690.64C138.518 690.304 138.326 689.844 138.326 689.26C138.326 688.684 138.534 688.24 138.95 687.928C139.374 687.616 140.054 687.46 140.99 687.46H142.31V686.848C142.31 686.392 142.182 686.052 141.926 685.828C141.67 685.596 141.306 685.48 140.834 685.48C140.418 685.48 140.078 685.564 139.814 685.732C139.55 685.892 139.338 686.112 139.178 686.392L138.53 685.912C138.61 685.752 138.718 685.596 138.854 685.444C138.99 685.292 139.158 685.16 139.358 685.048C139.558 684.928 139.786 684.836 140.042 684.772C140.298 684.7 140.582 684.664 140.894 684.664C141.622 684.664 142.198 684.848 142.622 685.216C143.054 685.584 143.27 686.096 143.27 686.752V690.16H144.134V691H143.474ZM140.618 690.34C140.866 690.34 141.09 690.312 141.29 690.256C141.498 690.192 141.678 690.112 141.83 690.016C141.982 689.912 142.098 689.792 142.178 689.656C142.266 689.512 142.31 689.36 142.31 689.2V688.18H140.99C140.414 688.18 139.994 688.26 139.73 688.42C139.466 688.58 139.334 688.812 139.334 689.116V689.368C139.334 689.688 139.446 689.932 139.67 690.1C139.902 690.26 140.218 690.34 140.618 690.34ZM155.465 684.808H156.425V687.4H159.425V684.808H160.385V691H159.425V688.216H156.425V691H155.465V684.808ZM168.324 684.808H169.284L166.212 692.356C166.14 692.532 166.06 692.684 165.972 692.812C165.884 692.948 165.78 693.056 165.66 693.136C165.54 693.224 165.396 693.288 165.228 693.328C165.06 693.376 164.86 693.4 164.628 693.4H163.716V692.584H165.156L165.852 690.88L163.356 684.808H164.34L165.384 687.4L166.308 689.752H166.356L167.28 687.4L168.324 684.808ZM171.98 684.808H173.3L174.728 687.964H174.8L176.228 684.808H177.452V691H176.528V687.124L176.564 686.02H176.492L174.716 689.944L172.94 686.02H172.868L172.904 687.124V691H171.98V684.808ZM183.219 691.144C182.771 691.144 182.367 691.068 182.007 690.916C181.655 690.764 181.351 690.548 181.095 690.268C180.847 689.98 180.655 689.64 180.519 689.248C180.383 688.848 180.315 688.404 180.315 687.916C180.315 687.42 180.383 686.972 180.519 686.572C180.663 686.172 180.859 685.832 181.107 685.552C181.355 685.264 181.651 685.044 181.995 684.892C182.347 684.74 182.735 684.664 183.159 684.664C183.575 684.664 183.951 684.74 184.287 684.892C184.631 685.044 184.923 685.256 185.163 685.528C185.403 685.792 185.587 686.108 185.715 686.476C185.843 686.844 185.907 687.248 185.907 687.688V688.144H181.323V688.432C181.323 688.704 181.367 688.956 181.455 689.188C181.543 689.42 181.667 689.62 181.827 689.788C181.995 689.956 182.195 690.088 182.427 690.184C182.667 690.272 182.931 690.316 183.219 690.316C183.635 690.316 183.995 690.22 184.299 690.028C184.603 689.836 184.835 689.572 184.995 689.236L185.703 689.716C185.519 690.132 185.211 690.476 184.779 690.748C184.355 691.012 183.835 691.144 183.219 691.144ZM183.159 685.456C182.895 685.456 182.651 685.504 182.427 685.6C182.203 685.696 182.007 685.828 181.839 685.996C181.679 686.164 181.551 686.364 181.455 686.596C181.367 686.82 181.323 687.068 181.323 687.34V687.424H184.875V687.292C184.875 687.02 184.831 686.772 184.743 686.548C184.663 686.324 184.547 686.132 184.395 685.972C184.251 685.804 184.071 685.676 183.855 685.588C183.647 685.5 183.415 685.456 183.159 685.456ZM189.046 684.808H190.006V685.816H190.054C190.454 685.048 191.09 684.664 191.962 684.664C192.722 684.664 193.314 684.948 193.738 685.516C194.17 686.084 194.386 686.88 194.386 687.904C194.386 688.928 194.17 689.724 193.738 690.292C193.314 690.86 192.722 691.144 191.962 691.144C191.09 691.144 190.454 690.76 190.054 689.992H190.006V693.4H189.046V684.808ZM191.59 690.292C192.15 690.292 192.582 690.124 192.886 689.788C193.198 689.444 193.354 688.992 193.354 688.432V687.376C193.354 686.816 193.198 686.368 192.886 686.032C192.582 685.688 192.15 685.516 191.59 685.516C191.374 685.516 191.17 685.544 190.978 685.6C190.786 685.656 190.618 685.74 190.474 685.852C190.33 685.956 190.214 686.088 190.126 686.248C190.046 686.4 190.006 686.58 190.006 686.788V689.02C190.006 689.228 190.046 689.412 190.126 689.572C190.214 689.724 190.33 689.856 190.474 689.968C190.618 690.072 190.786 690.152 190.978 690.208C191.17 690.264 191.374 690.292 191.59 690.292ZM202.242 691C201.866 691 201.598 690.904 201.438 690.712C201.278 690.52 201.178 690.28 201.138 689.992H201.078C200.942 690.352 200.722 690.636 200.418 690.844C200.122 691.044 199.722 691.144 199.218 691.144C198.57 691.144 198.054 690.976 197.67 690.64C197.286 690.304 197.094 689.844 197.094 689.26C197.094 688.684 197.302 688.24 197.718 687.928C198.142 687.616 198.822 687.46 199.758 687.46H201.078V686.848C201.078 686.392 200.95 686.052 200.694 685.828C200.438 685.596 200.074 685.48 199.602 685.48C199.186 685.48 198.846 685.564 198.582 685.732C198.318 685.892 198.106 686.112 197.946 686.392L197.298 685.912C197.378 685.752 197.486 685.596 197.622 685.444C197.758 685.292 197.926 685.16 198.126 685.048C198.326 684.928 198.554 684.836 198.81 684.772C199.066 684.7 199.35 684.664 199.662 684.664C200.39 684.664 200.966 684.848 201.39 685.216C201.822 685.584 202.038 686.096 202.038 686.752V690.16H202.902V691H202.242ZM199.386 690.34C199.634 690.34 199.858 690.312 200.058 690.256C200.266 690.192 200.446 690.112 200.598 690.016C200.75 689.912 200.866 689.792 200.946 689.656C201.034 689.512 201.078 689.36 201.078 689.2V688.18H199.758C199.182 688.18 198.762 688.26 198.498 688.42C198.234 688.58 198.102 688.812 198.102 689.116V689.368C198.102 689.688 198.214 689.932 198.438 690.1C198.67 690.26 198.986 690.34 199.386 690.34ZM210.661 691H205.705V684.808H206.665V690.184H209.557V684.808H210.517V690.184H211.537V692.68H210.661V691ZM214.232 684.808H215.192V687.964L215.096 689.548H215.144L218.252 684.808H219.152V691H218.192V687.844L218.288 686.26H218.24L215.132 691H214.232V684.808ZM222.628 684.808H223.588V687.964L223.492 689.548H223.54L226.648 684.808H227.548V691H226.588V687.844L226.684 686.26H226.636L223.528 691H222.628V684.808ZM233.483 691.108C233.155 691.108 232.923 691.04 232.787 690.904C232.659 690.768 232.595 690.596 232.595 690.388V690.172C232.595 689.964 232.659 689.792 232.787 689.656C232.923 689.52 233.155 689.452 233.483 689.452C233.811 689.452 234.039 689.52 234.167 689.656C234.303 689.792 234.371 689.964 234.371 690.172V690.388C234.371 690.596 234.303 690.768 234.167 690.904C234.039 691.04 233.811 691.108 233.483 691.108ZM233.483 686.356C233.155 686.356 232.923 686.288 232.787 686.152C232.659 686.016 232.595 685.844 232.595 685.636V685.42C232.595 685.212 232.659 685.04 232.787 684.904C232.923 684.768 233.155 684.7 233.483 684.7C233.811 684.7 234.039 684.768 234.167 684.904C234.303 685.04 234.371 685.212 234.371 685.42V685.636C234.371 685.844 234.303 686.016 234.167 686.152C234.039 686.288 233.811 686.356 233.483 686.356Z" fill="#B4B4B4"/>
<rect x="20" y="702" width="531" height="42" rx="10" fill="#262626" fill-opacity="0.2"/>
<rect x="20.5" y="702.5" width="530" height="41" rx="9.5" stroke="url(#paint17_linear_5194_3492)" stroke-opacity="0.3"/>
<path d="M46.19 728V726.978H48.99V719.096H48.892L46.428 721.392L45.742 720.65L48.332 718.228H50.166V726.978H52.742V728H46.19Z" fill="#707070"/>
<rect x="546" y="723" width="16" height="16" rx="5" transform="rotate(-180 546 723)" fill="url(#paint18_linear_5194_3492)"/>
<path d="M540.5 716.25L538 713.75L535.5 716.25" stroke="#707070" stroke-linecap="round" stroke-linejoin="round"/>
<rect x="530" y="723" width="16" height="16" rx="5" fill="url(#paint19_linear_5194_3492)"/>
<path d="M535.5 729.75L538 732.25L540.5 729.75" stroke="#707070" stroke-linecap="round" stroke-linejoin="round"/>
<path d="M24.104 764.5V772H23.096V764.5H20.3V763.624H26.9V764.5H24.104ZM32.1033 772.144C31.6553 772.144 31.2513 772.068 30.8913 771.916C30.5393 771.764 30.2353 771.548 29.9793 771.268C29.7313 770.98 29.5393 770.64 29.4033 770.248C29.2673 769.848 29.1993 769.404 29.1993 768.916C29.1993 768.42 29.2673 767.972 29.4033 767.572C29.5473 767.172 29.7433 766.832 29.9913 766.552C30.2393 766.264 30.5353 766.044 30.8793 765.892C31.2313 765.74 31.6193 765.664 32.0433 765.664C32.4593 765.664 32.8353 765.74 33.1713 765.892C33.5153 766.044 33.8073 766.256 34.0473 766.528C34.2873 766.792 34.4713 767.108 34.5993 767.476C34.7273 767.844 34.7913 768.248 34.7913 768.688V769.144H30.2073V769.432C30.2073 769.704 30.2513 769.956 30.3393 770.188C30.4273 770.42 30.5513 770.62 30.7113 770.788C30.8793 770.956 31.0793 771.088 31.3113 771.184C31.5513 771.272 31.8153 771.316 32.1033 771.316C32.5193 771.316 32.8793 771.22 33.1833 771.028C33.4873 770.836 33.7193 770.572 33.8793 770.236L34.5873 770.716C34.4033 771.132 34.0953 771.476 33.6633 771.748C33.2393 772.012 32.7193 772.144 32.1033 772.144ZM32.0433 766.456C31.7793 766.456 31.5353 766.504 31.3113 766.6C31.0873 766.696 30.8913 766.828 30.7233 766.996C30.5633 767.164 30.4353 767.364 30.3393 767.596C30.2513 767.82 30.2073 768.068 30.2073 768.34V768.424H33.7593V768.292C33.7593 768.02 33.7153 767.772 33.6273 767.548C33.5473 767.324 33.4313 767.132 33.2793 766.972C33.1353 766.804 32.9553 766.676 32.7393 766.588C32.5313 766.5 32.2993 766.456 32.0433 766.456ZM38.0746 765.808H39.0346V768.4H40.3546L42.0226 765.808H43.0186L41.5066 768.16C41.3706 768.368 41.2506 768.516 41.1466 768.604C41.0426 768.684 40.9186 768.744 40.7746 768.784V768.832C40.9346 768.856 41.0706 768.912 41.1826 769C41.2946 769.08 41.4106 769.224 41.5306 769.432L42.5386 771.184H43.2346V772H42.5386C42.3306 772 42.1506 771.944 41.9986 771.832C41.8466 771.72 41.6946 771.536 41.5426 771.28L40.3546 769.216H39.0346V772H38.0746V765.808ZM49.0019 772.144C48.5539 772.144 48.1539 772.068 47.8019 771.916C47.4579 771.756 47.1659 771.536 46.9259 771.256C46.6859 770.976 46.5019 770.636 46.3739 770.236C46.2539 769.836 46.1939 769.392 46.1939 768.904C46.1939 768.416 46.2579 767.972 46.3859 767.572C46.5139 767.172 46.6979 766.832 46.9379 766.552C47.1779 766.264 47.4699 766.044 47.8139 765.892C48.1579 765.74 48.5499 765.664 48.9899 765.664C49.5899 765.664 50.0779 765.796 50.4539 766.06C50.8299 766.324 51.1059 766.668 51.2819 767.092L50.5139 767.5C50.4019 767.18 50.2139 766.932 49.9499 766.756C49.6939 766.58 49.3739 766.492 48.9899 766.492C48.7099 766.492 48.4579 766.54 48.2339 766.636C48.0179 766.724 47.8339 766.852 47.6819 767.02C47.5299 767.188 47.4139 767.388 47.3339 767.62C47.2619 767.852 47.2259 768.104 47.2259 768.376V769.432C47.2259 769.704 47.2619 769.956 47.3339 770.188C47.4139 770.42 47.5299 770.62 47.6819 770.788C47.8339 770.956 48.0219 771.088 48.2459 771.184C48.4699 771.272 48.7259 771.316 49.0139 771.316C49.4299 771.316 49.7739 771.22 50.0459 771.028C50.3179 770.836 50.5339 770.572 50.6939 770.236L51.3779 770.704C51.1939 771.12 50.9059 771.464 50.5139 771.736C50.1299 772.008 49.6259 772.144 49.0019 772.144ZM56.7012 766.624H54.4212V765.808H59.9412V766.624H57.6612V772H56.7012V766.624ZM71.5359 765.808H76.4079V772H75.4479V766.624H72.4959V772H71.5359V765.808ZM82.4752 772.144C82.0272 772.144 81.6232 772.068 81.2632 771.916C80.9112 771.764 80.6072 771.548 80.3512 771.268C80.1032 770.98 79.9112 770.64 79.7752 770.248C79.6392 769.848 79.5712 769.404 79.5712 768.916C79.5712 768.42 79.6392 767.972 79.7752 767.572C79.9192 767.172 80.1152 766.832 80.3632 766.552C80.6112 766.264 80.9072 766.044 81.2512 765.892C81.6032 765.74 81.9912 765.664 82.4152 765.664C82.8312 765.664 83.2072 765.74 83.5432 765.892C83.8872 766.044 84.1792 766.256 84.4192 766.528C84.6592 766.792 84.8432 767.108 84.9712 767.476C85.0992 767.844 85.1632 768.248 85.1632 768.688V769.144H80.5792V769.432C80.5792 769.704 80.6232 769.956 80.7112 770.188C80.7992 770.42 80.9232 770.62 81.0832 770.788C81.2512 770.956 81.4512 771.088 81.6832 771.184C81.9232 771.272 82.1872 771.316 82.4752 771.316C82.8912 771.316 83.2512 771.22 83.5552 771.028C83.8592 770.836 84.0912 770.572 84.2512 770.236L84.9592 770.716C84.7752 771.132 84.4672 771.476 84.0352 771.748C83.6112 772.012 83.0912 772.144 82.4752 772.144ZM82.4152 766.456C82.1512 766.456 81.9072 766.504 81.6832 766.6C81.4592 766.696 81.2632 766.828 81.0952 766.996C80.9352 767.164 80.8072 767.364 80.7112 767.596C80.6232 767.82 80.5792 768.068 80.5792 768.34V768.424H84.1312V768.292C84.1312 768.02 84.0872 767.772 83.9992 767.548C83.9192 767.324 83.8032 767.132 83.6512 766.972C83.5072 766.804 83.3272 766.676 83.1112 766.588C82.9032 766.5 82.6712 766.456 82.4152 766.456ZM88.3025 765.808H89.2625V766.816H89.3105C89.7105 766.048 90.3465 765.664 91.2185 765.664C91.9785 765.664 92.5705 765.948 92.9945 766.516C93.4265 767.084 93.6425 767.88 93.6425 768.904C93.6425 769.928 93.4265 770.724 92.9945 771.292C92.5705 771.86 91.9785 772.144 91.2185 772.144C90.3465 772.144 89.7105 771.76 89.3105 770.992H89.2625V774.4H88.3025V765.808ZM90.8465 771.292C91.4065 771.292 91.8385 771.124 92.1425 770.788C92.4545 770.444 92.6105 769.992 92.6105 769.432V768.376C92.6105 767.816 92.4545 767.368 92.1425 767.032C91.8385 766.688 91.4065 766.516 90.8465 766.516C90.6305 766.516 90.4265 766.544 90.2345 766.6C90.0425 766.656 89.8745 766.74 89.7305 766.852C89.5865 766.956 89.4705 767.088 89.3825 767.248C89.3025 767.4 89.2625 767.58 89.2625 767.788V770.02C89.2625 770.228 89.3025 770.412 89.3825 770.572C89.4705 770.724 89.5865 770.856 89.7305 770.968C89.8745 771.072 90.0425 771.152 90.2345 771.208C90.4265 771.264 90.6305 771.292 90.8465 771.292ZM99.2658 772.144C98.8178 772.144 98.4138 772.068 98.0538 771.916C97.7018 771.764 97.3978 771.548 97.1418 771.268C96.8938 770.98 96.7018 770.64 96.5658 770.248C96.4298 769.848 96.3618 769.404 96.3618 768.916C96.3618 768.42 96.4298 767.972 96.5658 767.572C96.7098 767.172 96.9058 766.832 97.1538 766.552C97.4018 766.264 97.6978 766.044 98.0418 765.892C98.3938 765.74 98.7818 765.664 99.2058 765.664C99.6218 765.664 99.9978 765.74 100.334 765.892C100.678 766.044 100.97 766.256 101.21 766.528C101.45 766.792 101.634 767.108 101.762 767.476C101.89 767.844 101.954 768.248 101.954 768.688V769.144H97.3698V769.432C97.3698 769.704 97.4138 769.956 97.5018 770.188C97.5898 770.42 97.7138 770.62 97.8738 770.788C98.0418 770.956 98.2418 771.088 98.4738 771.184C98.7138 771.272 98.9778 771.316 99.2658 771.316C99.6818 771.316 100.042 771.22 100.346 771.028C100.65 770.836 100.882 770.572 101.042 770.236L101.75 770.716C101.566 771.132 101.258 771.476 100.826 771.748C100.402 772.012 99.8818 772.144 99.2658 772.144ZM99.2058 766.456C98.9418 766.456 98.6978 766.504 98.4738 766.6C98.2498 766.696 98.0538 766.828 97.8858 766.996C97.7258 767.164 97.5978 767.364 97.5018 767.596C97.4138 767.82 97.3698 768.068 97.3698 768.34V768.424H100.922V768.292C100.922 768.02 100.878 767.772 100.79 767.548C100.71 767.324 100.594 767.132 100.442 766.972C100.298 766.804 100.118 766.676 99.9018 766.588C99.6938 766.5 99.4618 766.456 99.2058 766.456ZM104.217 771.184H104.913C105.169 770.776 105.369 770.296 105.513 769.744C105.665 769.184 105.741 768.528 105.741 767.776V765.808H109.737V771.184H110.757V773.68H109.881V772H105.093V773.68H104.217V771.184ZM108.777 771.184V766.624H106.677V767.824C106.677 768.568 106.617 769.208 106.497 769.744C106.377 770.272 106.197 770.752 105.957 771.184H108.777ZM121.884 765.808H122.844V768.4H125.844V765.808H126.804V772H125.844V769.216H122.844V772H121.884V765.808ZM132.739 772.144C132.307 772.144 131.915 772.068 131.563 771.916C131.219 771.764 130.923 771.548 130.675 771.268C130.435 770.98 130.251 770.64 130.123 770.248C129.995 769.848 129.931 769.4 129.931 768.904C129.931 768.416 129.995 767.972 130.123 767.572C130.251 767.172 130.435 766.832 130.675 766.552C130.923 766.264 131.219 766.044 131.563 765.892C131.915 765.74 132.307 765.664 132.739 765.664C133.171 765.664 133.559 765.74 133.903 765.892C134.255 766.044 134.551 766.264 134.791 766.552C135.039 766.832 135.227 767.172 135.355 767.572C135.483 767.972 135.547 768.416 135.547 768.904C135.547 769.4 135.483 769.848 135.355 770.248C135.227 770.64 135.039 770.98 134.791 771.268C134.551 771.548 134.255 771.764 133.903 771.916C133.559 772.068 133.171 772.144 132.739 772.144ZM132.739 771.316C133.275 771.316 133.707 771.156 134.035 770.836C134.363 770.516 134.527 770.02 134.527 769.348V768.46C134.527 767.788 134.363 767.292 134.035 766.972C133.707 766.652 133.275 766.492 132.739 766.492C132.203 766.492 131.771 766.652 131.443 766.972C131.115 767.292 130.951 767.788 130.951 768.46V769.348C130.951 770.02 131.115 770.516 131.443 770.836C131.771 771.156 132.203 771.316 132.739 771.316ZM138.398 765.808H139.718L141.146 768.964H141.218L142.646 765.808H143.87V772H142.946V768.124L142.982 767.02H142.91L141.134 770.944L139.358 767.02H139.286L139.322 768.124V772H138.398V765.808ZM149.638 772.144C149.19 772.144 148.786 772.068 148.426 771.916C148.074 771.764 147.77 771.548 147.514 771.268C147.266 770.98 147.074 770.64 146.938 770.248C146.802 769.848 146.734 769.404 146.734 768.916C146.734 768.42 146.802 767.972 146.938 767.572C147.082 767.172 147.278 766.832 147.526 766.552C147.774 766.264 148.07 766.044 148.414 765.892C148.766 765.74 149.154 765.664 149.578 765.664C149.994 765.664 150.37 765.74 150.706 765.892C151.05 766.044 151.342 766.256 151.582 766.528C151.822 766.792 152.006 767.108 152.134 767.476C152.262 767.844 152.326 768.248 152.326 768.688V769.144H147.742V769.432C147.742 769.704 147.786 769.956 147.874 770.188C147.962 770.42 148.086 770.62 148.246 770.788C148.414 770.956 148.614 771.088 148.846 771.184C149.086 771.272 149.35 771.316 149.638 771.316C150.054 771.316 150.414 771.22 150.718 771.028C151.022 770.836 151.254 770.572 151.414 770.236L152.122 770.716C151.938 771.132 151.63 771.476 151.198 771.748C150.774 772.012 150.254 772.144 149.638 772.144ZM149.578 766.456C149.314 766.456 149.07 766.504 148.846 766.6C148.622 766.696 148.426 766.828 148.258 766.996C148.098 767.164 147.97 767.364 147.874 767.596C147.786 767.82 147.742 768.068 147.742 768.34V768.424H151.294V768.292C151.294 768.02 151.25 767.772 151.162 767.548C151.082 767.324 150.966 767.132 150.814 766.972C150.67 766.804 150.49 766.676 150.274 766.588C150.066 766.5 149.834 766.456 149.578 766.456ZM155.465 765.808H156.425V766.816H156.473C156.873 766.048 157.509 765.664 158.381 765.664C159.141 765.664 159.733 765.948 160.157 766.516C160.589 767.084 160.805 767.88 160.805 768.904C160.805 769.928 160.589 770.724 160.157 771.292C159.733 771.86 159.141 772.144 158.381 772.144C157.509 772.144 156.873 771.76 156.473 770.992H156.425V774.4H155.465V765.808ZM158.009 771.292C158.569 771.292 159.001 771.124 159.305 770.788C159.617 770.444 159.773 769.992 159.773 769.432V768.376C159.773 767.816 159.617 767.368 159.305 767.032C159.001 766.688 158.569 766.516 158.009 766.516C157.793 766.516 157.589 766.544 157.397 766.6C157.205 766.656 157.037 766.74 156.893 766.852C156.749 766.956 156.633 767.088 156.545 767.248C156.465 767.4 156.425 767.58 156.425 767.788V770.02C156.425 770.228 156.465 770.412 156.545 770.572C156.633 770.724 156.749 770.856 156.893 770.968C157.037 771.072 157.205 771.152 157.397 771.208C157.589 771.264 157.793 771.292 158.009 771.292ZM166.32 772.144C165.888 772.144 165.496 772.068 165.144 771.916C164.8 771.764 164.504 771.548 164.256 771.268C164.016 770.98 163.832 770.64 163.704 770.248C163.576 769.848 163.512 769.4 163.512 768.904C163.512 768.416 163.576 767.972 163.704 767.572C163.832 767.172 164.016 766.832 164.256 766.552C164.504 766.264 164.8 766.044 165.144 765.892C165.496 765.74 165.888 765.664 166.32 765.664C166.752 765.664 167.14 765.74 167.484 765.892C167.836 766.044 168.132 766.264 168.372 766.552C168.62 766.832 168.808 767.172 168.936 767.572C169.064 767.972 169.128 768.416 169.128 768.904C169.128 769.4 169.064 769.848 168.936 770.248C168.808 770.64 168.62 770.98 168.372 771.268C168.132 771.548 167.836 771.764 167.484 771.916C167.14 772.068 166.752 772.144 166.32 772.144ZM166.32 771.316C166.856 771.316 167.288 771.156 167.616 770.836C167.944 770.516 168.108 770.02 168.108 769.348V768.46C168.108 767.788 167.944 767.292 167.616 766.972C167.288 766.652 166.856 766.492 166.32 766.492C165.784 766.492 165.352 766.652 165.024 766.972C164.696 767.292 164.532 767.788 164.532 768.46V769.348C164.532 770.02 164.696 770.516 165.024 770.836C165.352 771.156 165.784 771.316 166.32 771.316ZM171.98 765.808H173.3L174.728 768.964H174.8L176.228 765.808H177.452V772H176.528V768.124L176.564 767.02H176.492L174.716 770.944L172.94 767.02H172.868L172.904 768.124V772H171.98V765.808ZM183.111 772.108C182.783 772.108 182.551 772.04 182.415 771.904C182.287 771.768 182.223 771.596 182.223 771.388V771.172C182.223 770.964 182.287 770.792 182.415 770.656C182.551 770.52 182.783 770.452 183.111 770.452C183.439 770.452 183.667 770.52 183.795 770.656C183.931 770.792 183.999 770.964 183.999 771.172V771.388C183.999 771.596 183.931 771.768 183.795 771.904C183.667 772.04 183.439 772.108 183.111 772.108ZM183.111 767.356C182.783 767.356 182.551 767.288 182.415 767.152C182.287 767.016 182.223 766.844 182.223 766.636V766.42C182.223 766.212 182.287 766.04 182.415 765.904C182.551 765.768 182.783 765.7 183.111 765.7C183.439 765.7 183.667 765.768 183.795 765.904C183.931 766.04 183.999 766.212 183.999 766.42V766.636C183.999 766.844 183.931 767.016 183.795 767.152C183.667 767.288 183.439 767.356 183.111 767.356Z" fill="#B4B4B4"/>
<rect x="20" y="783" width="531" height="36" rx="10" fill="#262626" fill-opacity="0.2"/>
<rect x="20.5" y="783.5" width="530" height="35" rx="9.5" stroke="url(#paint20_linear_5194_3492)" stroke-opacity="0.3"/>
<path d="M37.374 806H36.486V798.914L31.728 806H30.84V797.36H31.728V804.44L36.486 797.36H37.374V806ZM40.2488 806V799.52H41.1308V802.334H44.7848V799.52H45.6668V806H44.7848V803.18H41.1308V806H40.2488ZM51.2327 806.18C50.5807 806.18 50.0287 806.034 49.5767 805.742C49.1247 805.45 48.7807 805.048 48.5447 804.536C48.3127 804.02 48.1927 803.428 48.1847 802.76C48.1927 802.08 48.3167 801.484 48.5567 800.972C48.7967 800.456 49.1427 800.056 49.5947 799.772C50.0467 799.484 50.5947 799.34 51.2387 799.34C51.8947 799.34 52.4647 799.5 52.9487 799.82C53.4367 800.14 53.7707 800.578 53.9507 801.134L53.0867 801.41C52.9347 801.022 52.6927 800.722 52.3607 800.51C52.0327 800.294 51.6567 800.186 51.2327 800.186C50.7567 800.186 50.3627 800.296 50.0507 800.516C49.7387 800.732 49.5067 801.034 49.3547 801.422C49.2027 801.81 49.1247 802.256 49.1207 802.76C49.1287 803.536 49.3087 804.16 49.6607 804.632C50.0127 805.1 50.5367 805.334 51.2327 805.334C51.6727 805.334 52.0467 805.234 52.3547 805.034C52.6667 804.83 52.9027 804.534 53.0627 804.146L53.9507 804.41C53.7107 804.986 53.3587 805.426 52.8947 805.73C52.4307 806.03 51.8767 806.18 51.2327 806.18ZM57.9832 806V800.336H55.6852V799.52H61.1632V800.336H58.8652V806H57.9832ZM67.1035 806V799.52H72.2575V806H71.3755V800.366H67.9855V806H67.1035ZM77.8476 806.18C77.2036 806.18 76.6536 806.034 76.1976 805.742C75.7416 805.45 75.3916 805.046 75.1476 804.53C74.9036 804.014 74.7816 803.422 74.7816 802.754C74.7816 802.074 74.9056 801.478 75.1536 800.966C75.4016 800.454 75.7536 800.056 76.2096 799.772C76.6696 799.484 77.2156 799.34 77.8476 799.34C78.4956 799.34 79.0476 799.486 79.5036 799.778C79.9636 800.066 80.3136 800.468 80.5536 800.984C80.7976 801.496 80.9196 802.086 80.9196 802.754C80.9196 803.434 80.7976 804.032 80.5536 804.548C80.3096 805.06 79.9576 805.46 79.4976 805.748C79.0376 806.036 78.4876 806.18 77.8476 806.18ZM77.8476 805.334C78.5676 805.334 79.1036 805.096 79.4556 804.62C79.8076 804.14 79.9836 803.518 79.9836 802.754C79.9836 801.97 79.8056 801.346 79.4496 800.882C79.0976 800.418 78.5636 800.186 77.8476 800.186C77.3636 800.186 76.9636 800.296 76.6476 800.516C76.3356 800.732 76.1016 801.034 75.9456 801.422C75.7936 801.806 75.7176 802.25 75.7176 802.754C75.7176 803.534 75.8976 804.16 76.2576 804.632C76.6176 805.1 77.1476 805.334 77.8476 805.334ZM87.0395 806V799.52H92.1935V806H91.3115V800.366H87.9215V806H87.0395ZM97.7835 806.18C97.1395 806.18 96.5895 806.034 96.1335 805.742C95.6775 805.45 95.3275 805.046 95.0835 804.53C94.8395 804.014 94.7175 803.422 94.7175 802.754C94.7175 802.074 94.8415 801.478 95.0895 800.966C95.3375 800.454 95.6895 800.056 96.1455 799.772C96.6055 799.484 97.1515 799.34 97.7835 799.34C98.4315 799.34 98.9835 799.486 99.4395 799.778C99.8995 800.066 100.25 800.468 100.49 800.984C100.734 801.496 100.856 802.086 100.856 802.754C100.856 803.434 100.734 804.032 100.49 804.548C100.246 805.06 99.8935 805.46 99.4335 805.748C98.9735 806.036 98.4235 806.18 97.7835 806.18ZM97.7835 805.334C98.5035 805.334 99.0395 805.096 99.3915 804.62C99.7435 804.14 99.9195 803.518 99.9195 802.754C99.9195 801.97 99.7415 801.346 99.3855 800.882C99.0335 800.418 98.4995 800.186 97.7835 800.186C97.2995 800.186 96.8995 800.296 96.5835 800.516C96.2715 800.732 96.0375 801.034 95.8815 801.422C95.7295 801.806 95.6535 802.25 95.6535 802.754C95.6535 803.534 95.8335 804.16 96.1935 804.632C96.5535 805.1 97.0835 805.334 97.7835 805.334ZM106.289 806.18C105.693 806.18 105.189 806.03 104.777 805.73C104.365 805.426 104.053 805.016 103.841 804.5C103.629 803.98 103.523 803.398 103.523 802.754C103.523 802.098 103.629 801.514 103.841 801.002C104.057 800.486 104.373 800.08 104.789 799.784C105.205 799.488 105.717 799.34 106.325 799.34C106.917 799.34 107.425 799.49 107.849 799.79C108.273 800.09 108.597 800.498 108.821 801.014C109.049 801.53 109.163 802.11 109.163 802.754C109.163 803.402 109.049 803.984 108.821 804.5C108.593 805.016 108.265 805.426 107.837 805.73C107.409 806.03 106.893 806.18 106.289 806.18ZM103.373 808.88V799.52H104.165V804.398H104.261V808.88H103.373ZM106.199 805.358C106.651 805.358 107.027 805.244 107.327 805.016C107.627 804.788 107.851 804.478 107.999 804.086C108.151 803.69 108.227 803.246 108.227 802.754C108.227 802.266 108.153 801.826 108.005 801.434C107.857 801.042 107.631 800.732 107.327 800.504C107.027 800.276 106.645 800.162 106.181 800.162C105.729 800.162 105.353 800.272 105.053 800.492C104.757 800.712 104.535 801.018 104.387 801.41C104.239 801.798 104.165 802.246 104.165 802.754C104.165 803.254 104.239 803.702 104.387 804.098C104.535 804.49 104.759 804.798 105.059 805.022C105.359 805.246 105.739 805.358 106.199 805.358ZM115.743 806V803.558H114.231C114.055 803.558 113.873 803.552 113.685 803.54C113.501 803.524 113.329 803.502 113.169 803.474C112.713 803.386 112.325 803.186 112.005 802.874C111.689 802.558 111.531 802.122 111.531 801.566C111.531 801.022 111.679 800.586 111.975 800.258C112.271 799.926 112.629 799.71 113.049 799.61C113.241 799.566 113.435 799.54 113.631 799.532C113.831 799.524 114.003 799.52 114.147 799.52H116.625L116.631 806H115.743ZM111.321 806L113.127 803.282H114.105L112.287 806H111.321ZM114.183 802.802H115.743V800.276H114.183C114.087 800.276 113.953 800.28 113.781 800.288C113.609 800.296 113.447 800.322 113.295 800.366C113.163 800.406 113.031 800.476 112.899 800.576C112.771 800.672 112.663 800.802 112.575 800.966C112.487 801.126 112.443 801.322 112.443 801.554C112.443 801.878 112.531 802.138 112.707 802.334C112.887 802.526 113.111 802.658 113.379 802.73C113.523 802.762 113.667 802.782 113.811 802.79C113.955 802.798 114.079 802.802 114.183 802.802ZM119.033 807.44V805.244C119.401 805.244 119.665 805.126 119.825 804.89C119.985 804.65 120.115 804.268 120.215 803.744C120.283 803.404 120.339 803.038 120.383 802.646C120.427 802.254 120.465 801.806 120.497 801.302C120.529 800.794 120.559 800.2 120.587 799.52H124.871V805.244H125.495V807.44H124.643V806H119.879V807.44H119.033ZM120.527 805.244H123.995V800.276H121.403C121.391 800.58 121.373 800.902 121.349 801.242C121.329 801.582 121.303 801.922 121.271 802.262C121.243 802.602 121.209 802.922 121.169 803.222C121.133 803.518 121.089 803.778 121.037 804.002C120.977 804.29 120.911 804.536 120.839 804.74C120.771 804.944 120.667 805.112 120.527 805.244ZM127.891 806L127.897 799.52H128.785V802.64L131.677 799.52H132.853L129.817 802.76L133.249 806H131.965L128.785 802.88V806H127.891ZM135.974 808.88L137.228 805.478L137.246 806.486L134.408 799.52H135.344L137.672 805.346H137.288L139.436 799.52H140.336L136.856 808.88H135.974Z" fill="#707070"/>
<rect x="20.25" y="849.25" width="530.5" height="41.5" rx="20.75" stroke="#434343" stroke-width="0.5"/>
<path d="M196.512 874.256V871.868H194.244V870.8H196.512V868.412H197.688V870.8H199.956V871.868H197.688V874.256H196.512ZM210.447 873.872H211.107C211.267 873.656 211.411 873.404 211.539 873.116C211.667 872.828 211.775 872.488 211.863 872.096C211.959 871.696 212.031 871.244 212.079 870.74C212.127 870.236 212.151 869.66 212.151 869.012V866.624H216.339V873.872H217.239V876.8H216.003V875H211.695V876.8H210.447V873.872ZM215.019 867.752H213.387V869.168C213.387 870.4 213.307 871.392 213.147 872.144C212.995 872.888 212.791 873.464 212.535 873.872H215.019V867.752ZM222.286 875.144C221.758 875.144 221.298 875.048 220.906 874.856C220.522 874.656 220.202 874.372 219.946 874.004C219.698 873.636 219.514 873.184 219.394 872.648C219.274 872.112 219.214 871.5 219.214 870.812C219.214 870.132 219.274 869.524 219.394 868.988C219.514 868.444 219.698 867.988 219.946 867.62C220.202 867.252 220.522 866.972 220.906 866.78C221.298 866.58 221.758 866.48 222.286 866.48C222.814 866.48 223.27 866.58 223.654 866.78C224.046 866.972 224.366 867.252 224.614 867.62C224.87 867.988 225.058 868.444 225.178 868.988C225.298 869.524 225.358 870.132 225.358 870.812C225.358 871.5 225.298 872.112 225.178 872.648C225.058 873.184 224.87 873.636 224.614 874.004C224.366 874.372 224.046 874.656 223.654 874.856C223.27 875.048 222.814 875.144 222.286 875.144ZM222.286 874.028C222.886 874.028 223.31 873.804 223.558 873.356C223.806 872.9 223.93 872.284 223.93 871.508V870.104C223.93 869.336 223.806 868.728 223.558 868.28C223.31 867.824 222.886 867.596 222.286 867.596C221.686 867.596 221.262 867.824 221.014 868.28C220.766 868.728 220.642 869.336 220.642 870.104V871.52C220.642 872.288 220.766 872.9 221.014 873.356C221.262 873.804 221.686 874.028 222.286 874.028ZM228.005 866.624H232.913V867.752H229.349V869.96H231.197C231.965 869.96 232.561 870.18 232.985 870.62C233.417 871.06 233.633 871.68 233.633 872.48C233.633 873.28 233.417 873.9 232.985 874.34C232.561 874.78 231.965 875 231.197 875H228.005V866.624ZM231.041 873.896C231.409 873.896 231.697 873.804 231.905 873.62C232.113 873.428 232.217 873.14 232.217 872.756V872.204C232.217 871.82 232.113 871.536 231.905 871.352C231.697 871.16 231.409 871.064 231.041 871.064H229.349V873.896H231.041ZM241.021 875L240.385 872.768H237.721L237.085 875H235.717L238.165 866.624H240.001L242.449 875H241.021ZM239.101 867.98H239.005L237.973 871.652H240.133L239.101 867.98ZM244.868 866.624H247.76C248.52 866.624 249.108 866.82 249.524 867.212C249.948 867.604 250.16 868.14 250.16 868.82C250.16 869.308 250.04 869.696 249.8 869.984C249.56 870.272 249.236 870.476 248.828 870.596V870.656C249.316 870.768 249.708 870.984 250.004 871.304C250.3 871.616 250.448 872.06 250.448 872.636C250.448 872.98 250.392 873.296 250.28 873.584C250.168 873.872 250.008 874.124 249.8 874.34C249.592 874.548 249.34 874.712 249.044 874.832C248.756 874.944 248.436 875 248.084 875H244.868V866.624ZM247.676 873.968C248.124 873.968 248.468 873.876 248.708 873.692C248.948 873.508 249.068 873.212 249.068 872.804V872.372C249.068 871.964 248.948 871.668 248.708 871.484C248.468 871.3 248.124 871.208 247.676 871.208H246.188V873.968H247.676ZM247.484 870.224C247.908 870.224 248.228 870.144 248.444 869.984C248.668 869.816 248.78 869.54 248.78 869.156V868.724C248.78 868.34 248.668 868.068 248.444 867.908C248.228 867.74 247.908 867.656 247.484 867.656H246.188V870.224H247.484ZM253.095 866.624H254.415V870.368L254.247 872.732H254.331L257.367 866.624H258.639V875H257.319V871.256L257.487 868.892H257.403L254.367 875H253.095V866.624ZM264.934 867.752V875H263.59V867.752H260.962V866.624H267.562V867.752H264.934ZM270.042 866.624H271.386V869.84H273.234C274.002 869.84 274.598 870.064 275.022 870.512C275.454 870.96 275.67 871.596 275.67 872.42C275.67 873.236 275.454 873.872 275.022 874.328C274.598 874.776 274.002 875 273.234 875H270.042V866.624ZM273.078 873.896C273.446 873.896 273.734 873.804 273.942 873.62C274.15 873.428 274.254 873.14 274.254 872.756V872.084C274.254 871.7 274.15 871.416 273.942 871.232C273.734 871.04 273.446 870.944 273.078 870.944H271.386V873.896H273.078ZM286.88 875V866.624H292.124V867.752H288.224V870.188H291.98V871.316H288.224V873.872H292.124V875H286.88ZM300.28 875H294.712V866.624H295.9V873.92H297.04V866.624H298.228V873.92H299.368V866.624H300.556V873.92H301.36V876.8H300.28V875ZM303.671 875V866.624H308.915V867.752H305.015V870.188H308.771V871.316H305.015V873.872H308.915V875H303.671ZM305.087 865.676C304.791 865.676 304.583 865.616 304.463 865.496C304.343 865.376 304.283 865.224 304.283 865.04V864.812C304.283 864.628 304.343 864.476 304.463 864.356C304.583 864.236 304.791 864.176 305.087 864.176C305.383 864.176 305.591 864.236 305.711 864.356C305.831 864.476 305.891 864.628 305.891 864.812V865.04C305.891 865.224 305.831 865.376 305.711 865.496C305.591 865.616 305.383 865.676 305.087 865.676ZM307.487 865.676C307.191 865.676 306.983 865.616 306.863 865.496C306.743 865.376 306.683 865.224 306.683 865.04V864.812C306.683 864.628 306.743 864.476 306.863 864.356C306.983 864.236 307.191 864.176 307.487 864.176C307.783 864.176 307.991 864.236 308.111 864.356C308.231 864.476 308.291 864.628 308.291 864.812V865.04C308.291 865.224 308.231 865.376 308.111 865.496C307.991 865.616 307.783 865.676 307.487 865.676ZM323.27 875.144C322.206 875.144 321.414 874.768 320.894 874.016C320.382 873.264 320.126 872.196 320.126 870.812C320.126 869.428 320.382 868.36 320.894 867.608C321.414 866.856 322.206 866.48 323.27 866.48C323.678 866.48 324.03 866.536 324.326 866.648C324.63 866.752 324.89 866.9 325.106 867.092C325.322 867.276 325.502 867.496 325.646 867.752C325.798 868 325.922 868.268 326.018 868.556L324.806 868.964C324.742 868.772 324.67 868.592 324.59 868.424C324.51 868.256 324.41 868.112 324.29 867.992C324.17 867.872 324.026 867.776 323.858 867.704C323.698 867.632 323.498 867.596 323.258 867.596C322.666 867.596 322.234 867.824 321.962 868.28C321.69 868.728 321.554 869.336 321.554 870.104V871.52C321.554 872.288 321.69 872.9 321.962 873.356C322.234 873.804 322.666 874.028 323.258 874.028C323.498 874.028 323.698 873.992 323.858 873.92C324.026 873.848 324.17 873.752 324.29 873.632C324.41 873.512 324.51 873.368 324.59 873.2C324.67 873.032 324.742 872.852 324.806 872.66L326.018 873.068C325.922 873.356 325.798 873.628 325.646 873.884C325.502 874.132 325.322 874.352 325.106 874.544C324.89 874.728 324.63 874.876 324.326 874.988C324.03 875.092 323.678 875.144 323.27 875.144ZM332.757 871.844H332.697C332.489 871.932 332.253 872 331.989 872.048C331.725 872.096 331.425 872.12 331.089 872.12C330.609 872.12 330.201 872.064 329.865 871.952C329.529 871.832 329.253 871.652 329.037 871.412C328.821 871.164 328.665 870.852 328.569 870.476C328.473 870.1 328.425 869.652 328.425 869.132V866.624H329.769V869.144C329.769 869.496 329.793 869.792 329.841 870.032C329.897 870.264 329.985 870.452 330.105 870.596C330.233 870.74 330.397 870.844 330.597 870.908C330.797 870.964 331.045 870.992 331.341 870.992C331.853 870.992 332.325 870.908 332.757 870.74V866.624H334.101V875H332.757V871.844ZM337.252 875V866.624H342.496V867.752H338.596V870.188H342.352V871.316H338.596V873.872H342.496V875H337.252ZM338.668 865.676C338.372 865.676 338.164 865.616 338.044 865.496C337.924 865.376 337.864 865.224 337.864 865.04V864.812C337.864 864.628 337.924 864.476 338.044 864.356C338.164 864.236 338.372 864.176 338.668 864.176C338.964 864.176 339.172 864.236 339.292 864.356C339.412 864.476 339.472 864.628 339.472 864.812V865.04C339.472 865.224 339.412 865.376 339.292 865.496C339.172 865.616 338.964 865.676 338.668 865.676ZM341.068 865.676C340.772 865.676 340.564 865.616 340.444 865.496C340.324 865.376 340.264 865.224 340.264 865.04V864.812C340.264 864.628 340.324 864.476 340.444 864.356C340.564 864.236 340.772 864.176 341.068 864.176C341.364 864.176 341.572 864.236 341.692 864.356C341.812 864.476 341.872 864.628 341.872 864.812V865.04C341.872 865.224 341.812 865.376 341.692 865.496C341.572 865.616 341.364 865.676 341.068 865.676ZM348.888 867.752V875H347.544V867.752H344.916V866.624H351.516V867.752H348.888ZM357.943 871.844H357.883C357.675 871.932 357.439 872 357.175 872.048C356.911 872.096 356.611 872.12 356.275 872.12C355.795 872.12 355.387 872.064 355.051 871.952C354.715 871.832 354.439 871.652 354.223 871.412C354.007 871.164 353.851 870.852 353.755 870.476C353.659 870.1 353.611 869.652 353.611 869.132V866.624H354.955V869.144C354.955 869.496 354.979 869.792 355.027 870.032C355.083 870.264 355.171 870.452 355.291 870.596C355.419 870.74 355.583 870.844 355.783 870.908C355.983 870.964 356.231 870.992 356.527 870.992C357.039 870.992 357.511 870.908 357.943 870.74V866.624H359.287V875H357.943V871.844ZM362.234 866.624H363.554V870.368L363.386 872.732H363.47L366.506 866.624H367.778V875H366.458V871.256L366.626 868.892H366.542L363.506 875H362.234V866.624ZM370.666 866.624H372.01V870.2H373.306L374.902 866.624H376.282L374.866 869.792C374.73 870.096 374.594 870.312 374.458 870.44C374.33 870.568 374.178 870.648 374.002 870.68V870.752C374.202 870.792 374.362 870.876 374.482 871.004C374.61 871.132 374.742 871.36 374.878 871.688L375.814 873.872H376.546V875H375.73C375.434 875 375.186 874.924 374.986 874.772C374.786 874.62 374.606 874.364 374.446 874.004L373.294 871.328H372.01V875H370.666V866.624Z" fill="#434343"/>
<line x1="566.5" y1="53.5" x2="566.5" y2="890.5" stroke="#212121" stroke-linecap="round" stroke-dasharray="6 6"/>
<g filter="url(#filter3_ii_5194_3492)">
<rect x="581" y="53" width="36" height="18" rx="9" fill="#292929"/>
</g>
<rect x="585.05" y="57.05" width="27.9" height="9.9" rx="4.95" fill="#070709" stroke="url(#paint21_linear_5194_3492)" stroke-width="0.1"/>
<g filter="url(#filter4_i_5194_3492)">
<rect x="586" y="58" width="26" height="8" rx="4" fill="url(#paint22_radial_5194_3492)"/>
<rect x="586" y="58" width="26" height="8" rx="4" fill="url(#paint23_radial_5194_3492)"/>
</g>
<g filter="url(#filter5_i_5194_3492)">
<rect x="583" y="55" width="23" height="14" rx="7" fill="url(#paint24_linear_5194_3492)"/>
<rect x="583" y="55" width="23" height="14" rx="7" fill="url(#paint25_radial_5194_3492)"/>
<path d="M589 56.0996C591.69 56.0996 593.9 58.7237 593.9 62C593.9 65.2763 591.69 67.9004 589 67.9004C586.31 67.9004 584.1 65.2763 584.1 62C584.1 58.7237 586.31 56.0996 589 56.0996Z" fill="url(#paint26_linear_5194_3492)" stroke="url(#paint27_linear_5194_3492)" stroke-width="0.2"/>
<path d="M600 56.0996C602.69 56.0996 604.9 58.7237 604.9 62C604.9 65.2763 602.69 67.9004 600 67.9004C597.31 67.9004 595.1 65.2763 595.1 62C595.1 58.7237 597.31 56.0996 600 56.0996Z" fill="url(#paint28_linear_5194_3492)" stroke="url(#paint29_linear_5194_3492)" stroke-width="0.2"/>
</g>
<path d="M625.438 68.44V66.154C625.774 66.154 626.044 66.07 626.248 65.902C626.452 65.73 626.608 65.502 626.716 65.218C626.824 64.934 626.906 64.616 626.962 64.264C627.018 63.908 627.066 63.548 627.106 63.184C627.162 62.652 627.206 62.138 627.238 61.642C627.274 61.146 627.304 60.632 627.328 60.1C627.356 59.568 627.388 58.986 627.424 58.354L632.752 58.36V66.154H633.37V68.44H632.494V67H626.32V68.44H625.438ZM627.124 66.154H631.87V59.206L628.246 59.2C628.222 59.688 628.198 60.16 628.174 60.616C628.15 61.072 628.122 61.532 628.09 61.996C628.058 62.46 628.016 62.944 627.964 63.448C627.92 63.908 627.868 64.31 627.808 64.654C627.748 64.998 627.664 65.292 627.556 65.536C627.452 65.78 627.308 65.986 627.124 66.154ZM638.594 67.18C637.95 67.18 637.4 67.034 636.944 66.742C636.488 66.45 636.138 66.046 635.894 65.53C635.65 65.014 635.528 64.422 635.528 63.754C635.528 63.074 635.652 62.478 635.9 61.966C636.148 61.454 636.5 61.056 636.956 60.772C637.416 60.484 637.962 60.34 638.594 60.34C639.242 60.34 639.794 60.486 640.25 60.778C640.71 61.066 641.06 61.468 641.3 61.984C641.544 62.496 641.666 63.086 641.666 63.754C641.666 64.434 641.544 65.032 641.3 65.548C641.056 66.06 640.704 66.46 640.244 66.748C639.784 67.036 639.234 67.18 638.594 67.18ZM638.594 66.334C639.314 66.334 639.85 66.096 640.202 65.62C640.554 65.14 640.73 64.518 640.73 63.754C640.73 62.97 640.552 62.346 640.196 61.882C639.844 61.418 639.31 61.186 638.594 61.186C638.11 61.186 637.71 61.296 637.394 61.516C637.082 61.732 636.848 62.034 636.692 62.422C636.54 62.806 636.464 63.25 636.464 63.754C636.464 64.534 636.644 65.16 637.004 65.632C637.364 66.1 637.894 66.334 638.594 66.334ZM646.787 67.186C646.183 67.182 645.665 67.05 645.233 66.79C644.801 66.53 644.465 66.142 644.225 65.626C643.989 65.11 643.861 64.466 643.841 63.694C643.829 63.354 643.837 62.984 643.865 62.584C643.893 62.18 643.937 61.796 643.997 61.432C644.057 61.068 644.129 60.772 644.213 60.544C644.317 60.248 644.465 59.972 644.657 59.716C644.853 59.456 645.079 59.244 645.335 59.08C645.583 58.912 645.863 58.782 646.175 58.69C646.491 58.594 646.819 58.52 647.159 58.468C647.503 58.416 647.843 58.37 648.179 58.33C648.519 58.29 648.833 58.24 649.121 58.18L649.217 58.978C648.997 59.022 648.737 59.062 648.437 59.098C648.137 59.134 647.823 59.178 647.495 59.23C647.167 59.278 646.853 59.344 646.553 59.428C646.253 59.512 645.997 59.622 645.785 59.758C645.461 59.954 645.211 60.25 645.035 60.646C644.863 61.042 644.757 61.496 644.717 62.008C644.965 61.62 645.293 61.328 645.701 61.132C646.113 60.936 646.559 60.838 647.039 60.838C647.623 60.838 648.125 60.972 648.545 61.24C648.969 61.508 649.295 61.88 649.523 62.356C649.751 62.832 649.865 63.378 649.865 63.994C649.865 64.638 649.739 65.2 649.487 65.68C649.239 66.16 648.885 66.532 648.425 66.796C647.965 67.056 647.419 67.186 646.787 67.186ZM646.853 66.34C647.533 66.34 648.049 66.128 648.401 65.704C648.757 65.28 648.935 64.716 648.935 64.012C648.935 63.292 648.751 62.724 648.383 62.308C648.019 61.892 647.505 61.684 646.841 61.684C646.177 61.684 645.667 61.892 645.311 62.308C644.955 62.724 644.777 63.292 644.777 64.012C644.777 64.732 644.955 65.3 645.311 65.716C645.667 66.132 646.181 66.34 646.853 66.34ZM654.239 67.18C653.751 67.18 653.341 67.092 653.009 66.916C652.681 66.74 652.435 66.506 652.271 66.214C652.107 65.922 652.025 65.604 652.025 65.26C652.025 64.908 652.095 64.608 652.235 64.36C652.379 64.108 652.573 63.902 652.817 63.742C653.065 63.582 653.351 63.46 653.675 63.376C654.003 63.296 654.365 63.226 654.761 63.166C655.161 63.102 655.551 63.048 655.931 63.004C656.315 62.956 656.651 62.91 656.939 62.866L656.627 63.058C656.639 62.418 656.515 61.944 656.255 61.636C655.995 61.328 655.543 61.174 654.899 61.174C654.455 61.174 654.079 61.274 653.771 61.474C653.467 61.674 653.253 61.99 653.129 62.422L652.271 62.17C652.419 61.59 652.717 61.14 653.165 60.82C653.613 60.5 654.195 60.34 654.911 60.34C655.503 60.34 656.005 60.452 656.417 60.676C656.833 60.896 657.127 61.216 657.299 61.636C657.379 61.824 657.431 62.034 657.455 62.266C657.479 62.498 657.491 62.734 657.491 62.974V67H656.705V65.374L656.933 65.47C656.713 66.026 656.371 66.45 655.907 66.742C655.443 67.034 654.887 67.18 654.239 67.18ZM654.341 66.418C654.753 66.418 655.113 66.344 655.421 66.196C655.729 66.048 655.977 65.846 656.165 65.59C656.353 65.33 656.475 65.038 656.531 64.714C656.579 64.506 656.605 64.278 656.609 64.03C656.613 63.778 656.615 63.59 656.615 63.466L656.951 63.64C656.651 63.68 656.325 63.72 655.973 63.76C655.625 63.8 655.281 63.846 654.941 63.898C654.605 63.95 654.301 64.012 654.029 64.084C653.845 64.136 653.667 64.21 653.495 64.306C653.323 64.398 653.181 64.522 653.069 64.678C652.961 64.834 652.907 65.028 652.907 65.26C652.907 65.448 652.953 65.63 653.045 65.806C653.141 65.982 653.293 66.128 653.501 66.244C653.713 66.36 653.993 66.418 654.341 66.418ZM660.247 67V60.52H662.917C663.053 60.52 663.217 60.528 663.409 60.544C663.605 60.56 663.787 60.59 663.955 60.634C664.319 60.73 664.611 60.926 664.831 61.222C665.055 61.518 665.167 61.874 665.167 62.29C665.167 62.522 665.131 62.73 665.059 62.914C664.991 63.094 664.893 63.25 664.765 63.382C664.705 63.45 664.639 63.51 664.567 63.562C664.495 63.61 664.425 63.65 664.357 63.682C664.485 63.706 664.623 63.762 664.771 63.85C665.003 63.986 665.179 64.17 665.299 64.402C665.419 64.63 665.479 64.908 665.479 65.236C665.479 65.68 665.373 66.042 665.161 66.322C664.949 66.602 664.665 66.794 664.309 66.898C664.149 66.942 663.975 66.97 663.787 66.982C663.603 66.994 663.429 67 663.265 67H660.247ZM661.135 66.25H663.223C663.307 66.25 663.413 66.244 663.541 66.232C663.669 66.216 663.783 66.196 663.883 66.172C664.119 66.112 664.291 65.992 664.399 65.812C664.511 65.628 664.567 65.428 664.567 65.212C664.567 64.928 664.483 64.696 664.315 64.516C664.151 64.332 663.931 64.22 663.655 64.18C663.563 64.16 663.467 64.148 663.367 64.144C663.267 64.14 663.177 64.138 663.097 64.138H661.135V66.25ZM661.135 63.382H662.947C663.051 63.382 663.167 63.376 663.295 63.364C663.427 63.348 663.541 63.322 663.637 63.286C663.845 63.214 663.997 63.09 664.093 62.914C664.193 62.738 664.243 62.546 664.243 62.338C664.243 62.11 664.189 61.91 664.081 61.738C663.977 61.566 663.819 61.446 663.607 61.378C663.463 61.326 663.307 61.296 663.139 61.288C662.975 61.28 662.871 61.276 662.827 61.276H661.135V63.382ZM673.023 60.52V67H672.165V61.954L668.613 67H667.869V60.52H668.727V65.524L672.285 60.52H673.023ZM677.665 67V61.336H675.367V60.52H680.845V61.336H678.547V67H677.665ZM683.195 67L683.183 60.52H684.071V62.962H685.589C685.777 62.962 685.961 62.966 686.141 62.974C686.325 62.982 686.487 62.998 686.627 63.022C686.947 63.082 687.231 63.188 687.479 63.34C687.731 63.492 687.927 63.702 688.067 63.97C688.211 64.238 688.283 64.574 688.283 64.978C688.283 65.534 688.139 65.972 687.851 66.292C687.567 66.612 687.207 66.82 686.771 66.916C686.607 66.952 686.429 66.976 686.237 66.988C686.045 66.996 685.855 67 685.667 67H683.195ZM684.071 66.244H685.631C685.767 66.244 685.919 66.24 686.087 66.232C686.255 66.224 686.403 66.202 686.531 66.166C686.743 66.106 686.935 65.986 687.107 65.806C687.283 65.622 687.371 65.346 687.371 64.978C687.371 64.614 687.287 64.34 687.119 64.156C686.951 63.968 686.727 63.844 686.447 63.784C686.323 63.756 686.189 63.738 686.045 63.73C685.901 63.722 685.763 63.718 685.631 63.718H684.071V66.244ZM697.108 67.18C696.464 67.18 695.914 67.034 695.458 66.742C695.002 66.45 694.652 66.046 694.408 65.53C694.164 65.014 694.042 64.422 694.042 63.754C694.042 63.074 694.166 62.478 694.414 61.966C694.662 61.454 695.014 61.056 695.47 60.772C695.93 60.484 696.476 60.34 697.108 60.34C697.756 60.34 698.308 60.486 698.764 60.778C699.224 61.066 699.574 61.468 699.814 61.984C700.058 62.496 700.18 63.086 700.18 63.754C700.18 64.434 700.058 65.032 699.814 65.548C699.57 66.06 699.218 66.46 698.758 66.748C698.298 67.036 697.748 67.18 697.108 67.18ZM697.108 66.334C697.828 66.334 698.364 66.096 698.716 65.62C699.068 65.14 699.244 64.518 699.244 63.754C699.244 62.97 699.066 62.346 698.71 61.882C698.358 61.418 697.824 61.186 697.108 61.186C696.624 61.186 696.224 61.296 695.908 61.516C695.596 61.732 695.362 62.034 695.206 62.422C695.054 62.806 694.978 63.25 694.978 63.754C694.978 64.534 695.158 65.16 695.518 65.632C695.878 66.1 696.408 66.334 697.108 66.334ZM702.697 67V60.52H707.851V67H706.969V61.366H703.579V67H702.697ZM715.883 60.52V67H715.025V61.954L711.473 67H710.729V60.52H711.587V65.524L715.145 60.52H715.883ZM721.455 67.18C720.803 67.18 720.251 67.034 719.799 66.742C719.347 66.45 719.003 66.048 718.767 65.536C718.535 65.02 718.415 64.428 718.407 63.76C718.415 63.08 718.539 62.484 718.779 61.972C719.019 61.456 719.365 61.056 719.817 60.772C720.269 60.484 720.817 60.34 721.461 60.34C722.117 60.34 722.687 60.5 723.171 60.82C723.659 61.14 723.993 61.578 724.173 62.134L723.309 62.41C723.157 62.022 722.915 61.722 722.583 61.51C722.255 61.294 721.879 61.186 721.455 61.186C720.979 61.186 720.585 61.296 720.273 61.516C719.961 61.732 719.729 62.034 719.577 62.422C719.425 62.81 719.347 63.256 719.343 63.76C719.351 64.536 719.531 65.16 719.883 65.632C720.235 66.1 720.759 66.334 721.455 66.334C721.895 66.334 722.269 66.234 722.577 66.034C722.889 65.83 723.125 65.534 723.285 65.146L724.173 65.41C723.933 65.986 723.581 66.426 723.117 66.73C722.653 67.03 722.099 67.18 721.455 67.18ZM728.419 67.18C727.931 67.18 727.521 67.092 727.189 66.916C726.861 66.74 726.615 66.506 726.451 66.214C726.287 65.922 726.205 65.604 726.205 65.26C726.205 64.908 726.275 64.608 726.415 64.36C726.559 64.108 726.753 63.902 726.997 63.742C727.245 63.582 727.531 63.46 727.855 63.376C728.183 63.296 728.545 63.226 728.941 63.166C729.341 63.102 729.731 63.048 730.111 63.004C730.495 62.956 730.831 62.91 731.119 62.866L730.807 63.058C730.819 62.418 730.695 61.944 730.435 61.636C730.175 61.328 729.723 61.174 729.079 61.174C728.635 61.174 728.259 61.274 727.951 61.474C727.647 61.674 727.433 61.99 727.309 62.422L726.451 62.17C726.599 61.59 726.897 61.14 727.345 60.82C727.793 60.5 728.375 60.34 729.091 60.34C729.683 60.34 730.185 60.452 730.597 60.676C731.013 60.896 731.307 61.216 731.479 61.636C731.559 61.824 731.611 62.034 731.635 62.266C731.659 62.498 731.671 62.734 731.671 62.974V67H730.885V65.374L731.113 65.47C730.893 66.026 730.551 66.45 730.087 66.742C729.623 67.034 729.067 67.18 728.419 67.18ZM728.521 66.418C728.933 66.418 729.293 66.344 729.601 66.196C729.909 66.048 730.157 65.846 730.345 65.59C730.533 65.33 730.655 65.038 730.711 64.714C730.759 64.506 730.785 64.278 730.789 64.03C730.793 63.778 730.795 63.59 730.795 63.466L731.131 63.64C730.831 63.68 730.505 63.72 730.153 63.76C729.805 63.8 729.461 63.846 729.121 63.898C728.785 63.95 728.481 64.012 728.209 64.084C728.025 64.136 727.847 64.21 727.675 64.306C727.503 64.398 727.361 64.522 727.249 64.678C727.141 64.834 727.087 65.028 727.087 65.26C727.087 65.448 727.133 65.63 727.225 65.806C727.321 65.982 727.473 66.128 727.681 66.244C727.893 66.36 728.173 66.418 728.521 66.418ZM734.427 67V60.52H735.309V63.334H738.963V60.52H739.845V67H738.963V64.18H735.309V67H734.427ZM747.871 60.52V67H747.013V61.954L743.461 67H742.717V60.52H743.575V65.524L747.133 60.52H747.871ZM753.497 67.18C752.865 67.18 752.317 67.04 751.853 66.76C751.393 66.48 751.035 66.086 750.779 65.578C750.523 65.07 750.395 64.474 750.395 63.79C750.395 63.082 750.521 62.47 750.773 61.954C751.025 61.438 751.379 61.04 751.835 60.76C752.295 60.48 752.837 60.34 753.461 60.34C754.101 60.34 754.647 60.488 755.099 60.784C755.551 61.076 755.893 61.496 756.125 62.044C756.357 62.592 756.463 63.246 756.443 64.006H755.543V63.694C755.527 62.854 755.345 62.22 754.997 61.792C754.653 61.364 754.149 61.15 753.485 61.15C752.789 61.15 752.255 61.376 751.883 61.828C751.515 62.28 751.331 62.924 751.331 63.76C751.331 64.576 751.515 65.21 751.883 65.662C752.255 66.11 752.781 66.334 753.461 66.334C753.925 66.334 754.329 66.228 754.673 66.016C755.021 65.8 755.295 65.49 755.495 65.086L756.317 65.404C756.061 65.968 755.683 66.406 755.183 66.718C754.687 67.026 754.125 67.18 753.497 67.18ZM751.019 64.006V63.268H755.969V64.006H751.019Z" fill="#B4B4B4"/>
<rect x="765.5" y="55" width="14" height="14" rx="7" stroke="#707070"/>
<path d="M772.42 64.9049C772.974 64.9534 773.323 64.4307 773.684 64.0971C773.759 64.0809 773.752 64.2012 773.732 64.2467C773.665 64.4085 773.118 65.1769 772.979 65.3133C772.32 65.9665 770.469 66.5357 770.663 65.1283C770.741 64.5622 772.064 61.4017 771.914 61.2663C771.384 61.24 770.914 61.6292 770.549 61.973C770.494 61.5675 771.237 60.9195 771.608 60.7072C772.288 60.3169 773.99 59.9499 773.815 61.1884C773.737 61.7424 772.239 64.7229 772.42 64.9049Z" fill="#707070"/>
<path d="M773 58.0563C774.748 57.6064 774.945 59.9944 773.456 60.1329C772.228 60.2472 771.913 58.3363 773 58.0563Z" fill="#707070"/>
<line x1="581.5" y1="90.5" x2="1111.5" y2="90.5" stroke="#212121" stroke-linecap="round" stroke-dasharray="6 6"/>
<path d="M582.162 115.228H588.238V125H587.062V116.25H583.338V125H582.162V115.228ZM592.055 125V115.228H598.075V116.25H593.231V119.54H597.907V120.562H593.231V123.978H598.075V125H592.055ZM601.849 125V115.228H605.405C606.31 115.228 607.001 115.475 607.477 115.97C607.953 116.465 608.191 117.155 608.191 118.042C608.191 118.929 607.953 119.619 607.477 120.114C607.001 120.609 606.31 120.856 605.405 120.856H603.025V125H601.849ZM603.025 119.834H605.377C605.872 119.834 606.254 119.713 606.525 119.47C606.805 119.218 606.945 118.863 606.945 118.406V117.678C606.945 117.221 606.805 116.871 606.525 116.628C606.254 116.376 605.872 116.25 605.377 116.25H603.025V119.834ZM611.616 115.228H614.934C615.774 115.228 616.432 115.457 616.908 115.914C617.384 116.371 617.622 116.983 617.622 117.748C617.622 118.336 617.477 118.798 617.188 119.134C616.908 119.47 616.544 119.708 616.096 119.848V119.89C616.646 120.021 617.099 120.268 617.454 120.632C617.808 120.987 617.986 121.505 617.986 122.186C617.986 122.578 617.92 122.947 617.79 123.292C617.659 123.637 617.472 123.936 617.23 124.188C616.996 124.44 616.716 124.641 616.39 124.79C616.072 124.93 615.727 125 615.354 125H611.616V115.228ZM615.004 123.978C615.545 123.978 615.97 123.857 616.278 123.614C616.586 123.371 616.74 122.998 616.74 122.494V121.92C616.74 121.425 616.586 121.057 616.278 120.814C615.97 120.562 615.545 120.436 615.004 120.436H612.792V123.978H615.004ZM614.808 119.47C615.302 119.47 615.69 119.363 615.97 119.148C616.25 118.924 616.39 118.588 616.39 118.14V117.594C616.39 117.146 616.25 116.81 615.97 116.586C615.69 116.362 615.302 116.25 614.808 116.25H612.792V119.47H614.808ZM624.378 125.168C623.781 125.168 623.267 125.056 622.838 124.832C622.409 124.599 622.054 124.267 621.774 123.838C621.494 123.409 621.289 122.881 621.158 122.256C621.027 121.631 620.962 120.917 620.962 120.114C620.962 119.321 621.027 118.611 621.158 117.986C621.289 117.351 621.494 116.819 621.774 116.39C622.054 115.961 622.409 115.634 622.838 115.41C623.267 115.177 623.781 115.06 624.378 115.06C624.975 115.06 625.489 115.177 625.918 115.41C626.347 115.634 626.702 115.961 626.982 116.39C627.262 116.819 627.467 117.351 627.598 117.986C627.729 118.611 627.794 119.321 627.794 120.114C627.794 120.917 627.729 121.631 627.598 122.256C627.467 122.881 627.262 123.409 626.982 123.838C626.702 124.267 626.347 124.599 625.918 124.832C625.489 125.056 624.975 125.168 624.378 125.168ZM624.378 124.146C624.77 124.146 625.101 124.071 625.372 123.922C625.643 123.763 625.867 123.544 626.044 123.264C626.221 122.984 626.347 122.648 626.422 122.256C626.506 121.855 626.548 121.407 626.548 120.912V119.316C626.548 118.831 626.506 118.387 626.422 117.986C626.347 117.585 626.221 117.244 626.044 116.964C625.867 116.684 625.643 116.469 625.372 116.32C625.101 116.161 624.77 116.082 624.378 116.082C623.986 116.082 623.655 116.161 623.384 116.32C623.113 116.469 622.889 116.684 622.712 116.964C622.535 117.244 622.404 117.585 622.32 117.986C622.245 118.387 622.208 118.831 622.208 119.316V120.912C622.208 121.407 622.245 121.855 622.32 122.256C622.404 122.648 622.535 122.984 622.712 123.264C622.889 123.544 623.113 123.763 623.384 123.922C623.655 124.071 623.986 124.146 624.378 124.146ZM631.233 125V115.228H637.253V116.25H632.409V119.54H637.085V120.562H632.409V123.978H637.253V125H631.233ZM653.762 125.168C653.164 125.168 652.651 125.056 652.222 124.832C651.792 124.599 651.438 124.267 651.158 123.838C650.878 123.409 650.672 122.881 650.542 122.256C650.411 121.631 650.346 120.917 650.346 120.114C650.346 119.321 650.411 118.611 650.542 117.986C650.672 117.351 650.878 116.819 651.158 116.39C651.438 115.961 651.792 115.634 652.222 115.41C652.651 115.177 653.164 115.06 653.762 115.06C654.359 115.06 654.872 115.177 655.302 115.41C655.731 115.634 656.086 115.961 656.366 116.39C656.646 116.819 656.851 117.351 656.982 117.986C657.112 118.611 657.178 119.321 657.178 120.114C657.178 120.917 657.112 121.631 656.982 122.256C656.851 122.881 656.646 123.409 656.366 123.838C656.086 124.267 655.731 124.599 655.302 124.832C654.872 125.056 654.359 125.168 653.762 125.168ZM653.762 124.146C654.154 124.146 654.485 124.071 654.756 123.922C655.026 123.763 655.25 123.544 655.428 123.264C655.605 122.984 655.731 122.648 655.806 122.256C655.89 121.855 655.932 121.407 655.932 120.912V119.316C655.932 118.831 655.89 118.387 655.806 117.986C655.731 117.585 655.605 117.244 655.428 116.964C655.25 116.684 655.026 116.469 654.756 116.32C654.485 116.161 654.154 116.082 653.762 116.082C653.37 116.082 653.038 116.161 652.768 116.32C652.497 116.469 652.273 116.684 652.096 116.964C651.918 117.244 651.788 117.585 651.704 117.986C651.629 118.387 651.592 118.831 651.592 119.316V120.912C651.592 121.407 651.629 121.855 651.704 122.256C651.788 122.648 651.918 122.984 652.096 123.264C652.273 123.544 652.497 123.763 652.768 123.922C653.038 124.071 653.37 124.146 653.762 124.146ZM660.518 115.228H666.594V125H665.418V116.25H661.694V125H660.518V115.228ZM670.271 115.228H671.447V120.156L671.251 122.984H671.321L675.311 115.228H676.431V125H675.255V120.072L675.451 117.244H675.381L671.391 125H670.271V115.228ZM683.467 125.168C682.273 125.168 681.381 124.734 680.793 123.866C680.215 122.998 679.925 121.747 679.925 120.114C679.925 118.481 680.215 117.23 680.793 116.362C681.381 115.494 682.273 115.06 683.467 115.06C683.915 115.06 684.303 115.121 684.629 115.242C684.956 115.363 685.236 115.527 685.469 115.732C685.703 115.937 685.899 116.171 686.057 116.432C686.216 116.684 686.356 116.941 686.477 117.202L685.469 117.664C685.385 117.449 685.287 117.249 685.175 117.062C685.063 116.866 684.928 116.698 684.769 116.558C684.62 116.409 684.438 116.292 684.223 116.208C684.018 116.124 683.766 116.082 683.467 116.082C682.693 116.082 682.114 116.376 681.731 116.964C681.358 117.552 681.171 118.336 681.171 119.316V120.912C681.171 121.892 681.358 122.676 681.731 123.264C682.114 123.852 682.693 124.146 683.467 124.146C683.766 124.146 684.018 124.104 684.223 124.02C684.438 123.936 684.62 123.824 684.769 123.684C684.928 123.535 685.063 123.367 685.175 123.18C685.287 122.984 685.385 122.779 685.469 122.564L686.477 123.026C686.356 123.297 686.216 123.558 686.057 123.81C685.899 124.062 685.703 124.291 685.469 124.496C685.236 124.701 684.956 124.865 684.629 124.986C684.303 125.107 683.915 125.168 683.467 125.168ZM695.474 125L694.648 122.214H691.218L690.392 125H689.174L692.17 115.228H693.724L696.72 125H695.474ZM692.996 116.474H692.87L691.498 121.192H694.368L692.996 116.474ZM704.638 120.562H700.83V125H699.654V115.228H700.83V119.54H704.638V115.228H705.814V125H704.638V120.562ZM709.449 115.228H710.625V120.156L710.429 122.984H710.499L714.489 115.228H715.609V125H714.433V120.072L714.629 117.244H714.559L710.569 125H709.449V115.228ZM719.383 125V115.228H725.403V116.25H720.559V119.54H725.235V120.562H720.559V123.978H725.403V125H719.383Z" fill="#707070"/>
<path d="M581.168 156.124H581.888C582.248 155.612 582.52 154.956 582.704 154.156C582.888 153.348 582.98 152.324 582.98 151.084V148.624H586.892V156.124H587.912V158.8H586.988V157H582.092V158.8H581.168V156.124ZM585.884 149.5H583.964V151.156C583.964 152.428 583.876 153.464 583.7 154.264C583.532 155.064 583.312 155.684 583.04 156.124H585.884V149.5ZM592.995 157.144C592.563 157.144 592.171 157.068 591.819 156.916C591.475 156.764 591.179 156.548 590.931 156.268C590.691 155.98 590.507 155.64 590.379 155.248C590.251 154.848 590.187 154.4 590.187 153.904C590.187 153.416 590.251 152.972 590.379 152.572C590.507 152.172 590.691 151.832 590.931 151.552C591.179 151.264 591.475 151.044 591.819 150.892C592.171 150.74 592.563 150.664 592.995 150.664C593.427 150.664 593.815 150.74 594.159 150.892C594.511 151.044 594.807 151.264 595.047 151.552C595.295 151.832 595.483 152.172 595.611 152.572C595.739 152.972 595.803 153.416 595.803 153.904C595.803 154.4 595.739 154.848 595.611 155.248C595.483 155.64 595.295 155.98 595.047 156.268C594.807 156.548 594.511 156.764 594.159 156.916C593.815 157.068 593.427 157.144 592.995 157.144ZM592.995 156.316C593.531 156.316 593.963 156.156 594.291 155.836C594.619 155.516 594.783 155.02 594.783 154.348V153.46C594.783 152.788 594.619 152.292 594.291 151.972C593.963 151.652 593.531 151.492 592.995 151.492C592.459 151.492 592.027 151.652 591.699 151.972C591.371 152.292 591.207 152.788 591.207 153.46V154.348C591.207 155.02 591.371 155.516 591.699 155.836C592.027 156.156 592.459 156.316 592.995 156.316ZM601.403 157.144C600.987 157.144 600.607 157.068 600.263 156.916C599.927 156.764 599.635 156.532 599.387 156.22C599.147 155.908 598.959 155.516 598.823 155.044C598.687 154.564 598.619 153.996 598.619 153.34C598.619 152.428 598.679 151.652 598.799 151.012C598.927 150.372 599.119 149.844 599.375 149.428C599.639 149.012 599.971 148.704 600.371 148.504C600.779 148.304 601.263 148.184 601.823 148.144L603.719 148.024V148.972L601.727 149.104C601.383 149.128 601.087 149.192 600.839 149.296C600.599 149.4 600.395 149.568 600.227 149.8C600.067 150.024 599.939 150.32 599.843 150.688C599.747 151.056 599.675 151.516 599.627 152.068H599.687C599.855 151.668 600.091 151.36 600.395 151.144C600.699 150.92 601.079 150.808 601.535 150.808C601.927 150.808 602.287 150.88 602.615 151.024C602.943 151.168 603.223 151.376 603.455 151.648C603.687 151.912 603.867 152.244 603.995 152.644C604.131 153.036 604.199 153.484 604.199 153.988C604.199 154.46 604.131 154.888 603.995 155.272C603.859 155.656 603.667 155.988 603.419 156.268C603.171 156.548 602.875 156.764 602.531 156.916C602.195 157.068 601.819 157.144 601.403 157.144ZM601.403 156.316C601.923 156.316 602.347 156.156 602.675 155.836C603.011 155.508 603.179 155.032 603.179 154.408V153.652C603.179 152.98 603.015 152.476 602.687 152.14C602.367 151.804 601.947 151.636 601.427 151.636C600.819 151.636 600.367 151.784 600.071 152.08C599.783 152.368 599.639 152.74 599.639 153.196V154.408C599.639 155.032 599.799 155.508 600.119 155.836C600.447 156.156 600.875 156.316 601.403 156.316ZM612.126 157C611.75 157 611.482 156.904 611.322 156.712C611.162 156.52 611.062 156.28 611.022 155.992H610.962C610.826 156.352 610.606 156.636 610.302 156.844C610.006 157.044 609.606 157.144 609.102 157.144C608.454 157.144 607.938 156.976 607.554 156.64C607.17 156.304 606.978 155.844 606.978 155.26C606.978 154.684 607.186 154.24 607.602 153.928C608.026 153.616 608.706 153.46 609.642 153.46H610.962V152.848C610.962 152.392 610.834 152.052 610.578 151.828C610.322 151.596 609.958 151.48 609.486 151.48C609.07 151.48 608.73 151.564 608.466 151.732C608.202 151.892 607.99 152.112 607.83 152.392L607.182 151.912C607.262 151.752 607.37 151.596 607.506 151.444C607.642 151.292 607.81 151.16 608.01 151.048C608.21 150.928 608.438 150.836 608.694 150.772C608.95 150.7 609.234 150.664 609.546 150.664C610.274 150.664 610.85 150.848 611.274 151.216C611.706 151.584 611.922 152.096 611.922 152.752V156.16H612.786V157H612.126ZM609.27 156.34C609.518 156.34 609.742 156.312 609.942 156.256C610.15 156.192 610.33 156.112 610.482 156.016C610.634 155.912 610.75 155.792 610.83 155.656C610.918 155.512 610.962 155.36 610.962 155.2V154.18H609.642C609.066 154.18 608.646 154.26 608.382 154.42C608.118 154.58 607.986 154.812 607.986 155.116V155.368C607.986 155.688 608.098 155.932 608.322 156.1C608.554 156.26 608.87 156.34 609.27 156.34ZM615.865 150.808H619.021C619.525 150.808 619.921 150.952 620.209 151.24C620.497 151.52 620.641 151.9 620.641 152.38C620.641 153.156 620.237 153.592 619.429 153.688V153.736C619.909 153.776 620.265 153.928 620.497 154.192C620.737 154.448 620.857 154.768 620.857 155.152C620.857 155.4 620.817 155.636 620.737 155.86C620.657 156.084 620.541 156.28 620.389 156.448C620.237 156.616 620.049 156.752 619.825 156.856C619.601 156.952 619.345 157 619.057 157H615.865V150.808ZM618.817 156.232C619.145 156.232 619.397 156.152 619.573 155.992C619.749 155.832 619.837 155.612 619.837 155.332V155.056C619.837 154.776 619.749 154.56 619.573 154.408C619.405 154.248 619.177 154.168 618.889 154.168H616.825V156.232H618.817ZM618.769 153.412C619.033 153.412 619.241 153.344 619.393 153.208C619.545 153.072 619.621 152.88 619.621 152.632V152.368C619.621 152.12 619.545 151.928 619.393 151.792C619.241 151.648 619.033 151.576 618.769 151.576H616.825V153.412H618.769ZM623.289 156.184H624.057C624.177 156.032 624.281 155.852 624.369 155.644C624.465 155.436 624.541 155.188 624.597 154.9C624.661 154.612 624.709 154.28 624.741 153.904C624.773 153.52 624.789 153.076 624.789 152.572V150.808H628.905V157H627.945V151.624H625.725V152.596C625.725 153.716 625.641 154.596 625.473 155.236C625.313 155.868 625.097 156.32 624.825 156.592C624.673 156.744 624.505 156.852 624.321 156.916C624.137 156.972 623.917 157 623.661 157H623.289V156.184ZM632.188 156.184H632.884L633.424 155.164C633.52 154.98 633.624 154.84 633.736 154.744C633.848 154.648 633.984 154.588 634.144 154.564V154.516C633.64 154.492 633.228 154.332 632.908 154.036C632.596 153.732 632.44 153.292 632.44 152.716C632.44 152.124 632.62 151.66 632.98 151.324C633.34 150.98 633.836 150.808 634.468 150.808H637.252V157H636.292V154.612H634.792L633.94 156.208C633.796 156.472 633.64 156.672 633.472 156.808C633.312 156.936 633.104 157 632.848 157H632.188V156.184ZM636.292 151.624H634.612C634.252 151.624 633.968 151.696 633.76 151.84C633.56 151.984 633.46 152.216 633.46 152.536V152.908C633.46 153.228 633.56 153.46 633.76 153.604C633.968 153.748 634.252 153.82 634.612 153.82H636.292V151.624ZM642.887 151.624H640.607V150.808H646.127V151.624H643.847V157H642.887V151.624ZM649.494 150.808H650.454V153.052H652.374C652.998 153.052 653.494 153.228 653.862 153.58C654.23 153.932 654.414 154.416 654.414 155.032C654.414 155.656 654.234 156.14 653.874 156.484C653.514 156.828 653.018 157 652.386 157H649.494V150.808ZM652.242 156.184C652.602 156.184 652.882 156.112 653.082 155.968C653.29 155.824 653.394 155.592 653.394 155.272V154.768C653.394 154.448 653.29 154.22 653.082 154.084C652.882 153.94 652.602 153.868 652.242 153.868H650.454V156.184H652.242ZM666.237 150.808H669.393C669.897 150.808 670.293 150.952 670.581 151.24C670.869 151.52 671.013 151.9 671.013 152.38C671.013 153.156 670.609 153.592 669.801 153.688V153.736C670.281 153.776 670.637 153.928 670.869 154.192C671.109 154.448 671.229 154.768 671.229 155.152C671.229 155.4 671.189 155.636 671.109 155.86C671.029 156.084 670.913 156.28 670.761 156.448C670.609 156.616 670.421 156.752 670.197 156.856C669.973 156.952 669.717 157 669.429 157H666.237V150.808ZM669.189 156.232C669.517 156.232 669.769 156.152 669.945 155.992C670.121 155.832 670.209 155.612 670.209 155.332V155.056C670.209 154.776 670.121 154.56 669.945 154.408C669.777 154.248 669.549 154.168 669.261 154.168H667.197V156.232H669.189ZM669.141 153.412C669.405 153.412 669.613 153.344 669.765 153.208C669.917 153.072 669.993 152.88 669.993 152.632V152.368C669.993 152.12 669.917 151.928 669.765 151.792C669.613 151.648 669.405 151.576 669.141 151.576H667.197V153.412H669.141ZM676.948 157.108C676.62 157.108 676.388 157.04 676.252 156.904C676.124 156.768 676.06 156.596 676.06 156.388V156.172C676.06 155.964 676.124 155.792 676.252 155.656C676.388 155.52 676.62 155.452 676.948 155.452C677.276 155.452 677.504 155.52 677.632 155.656C677.768 155.792 677.836 155.964 677.836 156.172V156.388C677.836 156.596 677.768 156.768 677.632 156.904C677.504 157.04 677.276 157.108 676.948 157.108ZM676.948 152.356C676.62 152.356 676.388 152.288 676.252 152.152C676.124 152.016 676.06 151.844 676.06 151.636V151.42C676.06 151.212 676.124 151.04 676.252 150.904C676.388 150.768 676.62 150.7 676.948 150.7C677.276 150.7 677.504 150.768 677.632 150.904C677.768 151.04 677.836 151.212 677.836 151.42V151.636C677.836 151.844 677.768 152.016 677.632 152.152C677.504 152.288 677.276 152.356 676.948 152.356Z" fill="#B4B4B4"/>
<rect x="581" y="168" width="255.5" height="36" rx="10" fill="#262626" fill-opacity="0.2"/>
<rect x="581.5" y="168.5" width="254.5" height="35" rx="9.5" stroke="url(#paint30_linear_5194_3492)" stroke-opacity="0.3"/>
<path d="M595.338 191.18C594.478 191.18 593.752 190.99 593.16 190.61C592.568 190.226 592.12 189.696 591.816 189.02C591.512 188.344 591.36 187.564 591.36 186.68C591.36 185.796 591.512 185.016 591.816 184.34C592.12 183.664 592.568 183.136 593.16 182.756C593.752 182.372 594.478 182.18 595.338 182.18C596.202 182.18 596.928 182.372 597.516 182.756C598.108 183.136 598.556 183.664 598.86 184.34C599.168 185.016 599.322 185.796 599.322 186.68C599.322 187.564 599.168 188.344 598.86 189.02C598.556 189.696 598.108 190.226 597.516 190.61C596.928 190.99 596.202 191.18 595.338 191.18ZM595.338 190.334C596.014 190.334 596.578 190.18 597.03 189.872C597.482 189.564 597.82 189.136 598.044 188.588C598.272 188.036 598.386 187.4 598.386 186.68C598.386 185.96 598.272 185.326 598.044 184.778C597.82 184.23 597.482 183.802 597.03 183.494C596.578 183.186 596.014 183.03 595.338 183.026C594.662 183.026 594.1 183.18 593.652 183.488C593.204 183.796 592.866 184.226 592.638 184.778C592.414 185.326 592.3 185.96 592.296 186.68C592.292 187.4 592.402 188.034 592.626 188.582C592.854 189.126 593.194 189.554 593.646 189.866C594.098 190.174 594.662 190.33 595.338 190.334ZM601.718 191V184.52H606.872V191H605.99V185.366H602.6V191H601.718ZM614.904 184.52V191H614.046V185.954L610.494 191H609.75V184.52H610.608V189.524L614.166 184.52H614.904ZM620.476 191.18C619.824 191.18 619.272 191.034 618.82 190.742C618.368 190.45 618.024 190.048 617.788 189.536C617.556 189.02 617.436 188.428 617.428 187.76C617.436 187.08 617.56 186.484 617.8 185.972C618.04 185.456 618.386 185.056 618.838 184.772C619.29 184.484 619.838 184.34 620.482 184.34C621.138 184.34 621.708 184.5 622.192 184.82C622.68 185.14 623.014 185.578 623.194 186.134L622.33 186.41C622.178 186.022 621.936 185.722 621.604 185.51C621.276 185.294 620.9 185.186 620.476 185.186C620 185.186 619.606 185.296 619.294 185.516C618.982 185.732 618.75 186.034 618.598 186.422C618.446 186.81 618.368 187.256 618.364 187.76C618.372 188.536 618.552 189.16 618.904 189.632C619.256 190.1 619.78 190.334 620.476 190.334C620.916 190.334 621.29 190.234 621.598 190.034C621.91 189.83 622.146 189.534 622.306 189.146L623.194 189.41C622.954 189.986 622.602 190.426 622.138 190.73C621.674 191.03 621.12 191.18 620.476 191.18ZM627.439 191.18C626.951 191.18 626.541 191.092 626.209 190.916C625.881 190.74 625.635 190.506 625.471 190.214C625.307 189.922 625.225 189.604 625.225 189.26C625.225 188.908 625.295 188.608 625.435 188.36C625.579 188.108 625.773 187.902 626.017 187.742C626.265 187.582 626.551 187.46 626.875 187.376C627.203 187.296 627.565 187.226 627.961 187.166C628.361 187.102 628.751 187.048 629.131 187.004C629.515 186.956 629.851 186.91 630.139 186.866L629.827 187.058C629.839 186.418 629.715 185.944 629.455 185.636C629.195 185.328 628.743 185.174 628.099 185.174C627.655 185.174 627.279 185.274 626.971 185.474C626.667 185.674 626.453 185.99 626.329 186.422L625.471 186.17C625.619 185.59 625.917 185.14 626.365 184.82C626.813 184.5 627.395 184.34 628.111 184.34C628.703 184.34 629.205 184.452 629.617 184.676C630.033 184.896 630.327 185.216 630.499 185.636C630.579 185.824 630.631 186.034 630.655 186.266C630.679 186.498 630.691 186.734 630.691 186.974V191H629.905V189.374L630.133 189.47C629.913 190.026 629.571 190.45 629.107 190.742C628.643 191.034 628.087 191.18 627.439 191.18ZM627.541 190.418C627.953 190.418 628.313 190.344 628.621 190.196C628.929 190.048 629.177 189.846 629.365 189.59C629.553 189.33 629.675 189.038 629.731 188.714C629.779 188.506 629.805 188.278 629.809 188.03C629.813 187.778 629.815 187.59 629.815 187.466L630.151 187.64C629.851 187.68 629.525 187.72 629.173 187.76C628.825 187.8 628.481 187.846 628.141 187.898C627.805 187.95 627.501 188.012 627.229 188.084C627.045 188.136 626.867 188.21 626.695 188.306C626.523 188.398 626.381 188.522 626.269 188.678C626.161 188.834 626.107 189.028 626.107 189.26C626.107 189.448 626.153 189.63 626.245 189.806C626.341 189.982 626.493 190.128 626.701 190.244C626.913 190.36 627.193 190.418 627.541 190.418ZM633.447 191V184.52H634.329V187.334H637.983V184.52H638.865V191H637.983V188.18H634.329V191H633.447ZM646.891 184.52V191H646.033V185.954L642.481 191H641.737V184.52H642.595V189.524L646.153 184.52H646.891ZM652.517 191.18C651.885 191.18 651.337 191.04 650.873 190.76C650.413 190.48 650.055 190.086 649.799 189.578C649.543 189.07 649.415 188.474 649.415 187.79C649.415 187.082 649.541 186.47 649.793 185.954C650.045 185.438 650.399 185.04 650.855 184.76C651.315 184.48 651.857 184.34 652.481 184.34C653.121 184.34 653.667 184.488 654.119 184.784C654.571 185.076 654.913 185.496 655.145 186.044C655.377 186.592 655.483 187.246 655.463 188.006H654.563V187.694C654.547 186.854 654.365 186.22 654.017 185.792C653.673 185.364 653.169 185.15 652.505 185.15C651.809 185.15 651.275 185.376 650.903 185.828C650.535 186.28 650.351 186.924 650.351 187.76C650.351 188.576 650.535 189.21 650.903 189.662C651.275 190.11 651.801 190.334 652.481 190.334C652.945 190.334 653.349 190.228 653.693 190.016C654.041 189.8 654.315 189.49 654.515 189.086L655.337 189.404C655.081 189.968 654.703 190.406 654.203 190.718C653.707 191.026 653.145 191.18 652.517 191.18ZM650.039 188.006V187.268H654.989V188.006H650.039Z" fill="#707070"/>
<path d="M816.5 183.5L821.5 188.5L826.5 183.5" stroke="#707070" stroke-linecap="round" stroke-linejoin="round"/>
<path d="M857.46 148.624H858.468V152.32H859.944L861.72 148.624H862.788L861.192 151.936C861.056 152.216 860.928 152.412 860.808 152.524C860.688 152.628 860.556 152.692 860.412 152.716V152.776C860.588 152.816 860.736 152.9 860.856 153.028C860.976 153.148 861.108 153.372 861.252 153.7L862.332 156.124H863.112V157H862.356C862.116 157 861.904 156.932 861.72 156.796C861.536 156.652 861.376 156.424 861.24 156.112L859.944 153.184H858.468V157H857.46V148.624ZM870.499 150.808H871.459L868.387 158.356C868.315 158.532 868.235 158.684 868.147 158.812C868.059 158.948 867.955 159.056 867.835 159.136C867.715 159.224 867.571 159.288 867.403 159.328C867.235 159.376 867.035 159.4 866.803 159.4H865.891V158.584H867.331L868.027 156.88L865.531 150.808H866.515L867.559 153.4L868.483 155.752H868.531L869.455 153.4L870.499 150.808ZM873.555 156.184H874.251C874.507 155.776 874.707 155.296 874.851 154.744C875.003 154.184 875.079 153.528 875.079 152.776V150.808H879.075V156.184H880.095V158.68H879.219V157H874.431V158.68H873.555V156.184ZM878.115 156.184V151.624H876.015V152.824C876.015 153.568 875.955 154.208 875.835 154.744C875.715 155.272 875.535 155.752 875.295 156.184H878.115ZM887.626 157C887.25 157 886.982 156.904 886.822 156.712C886.662 156.52 886.562 156.28 886.522 155.992H886.462C886.326 156.352 886.106 156.636 885.802 156.844C885.506 157.044 885.106 157.144 884.602 157.144C883.954 157.144 883.438 156.976 883.054 156.64C882.67 156.304 882.478 155.844 882.478 155.26C882.478 154.684 882.686 154.24 883.102 153.928C883.526 153.616 884.206 153.46 885.142 153.46H886.462V152.848C886.462 152.392 886.334 152.052 886.078 151.828C885.822 151.596 885.458 151.48 884.986 151.48C884.57 151.48 884.23 151.564 883.966 151.732C883.702 151.892 883.49 152.112 883.33 152.392L882.682 151.912C882.762 151.752 882.87 151.596 883.006 151.444C883.142 151.292 883.31 151.16 883.51 151.048C883.71 150.928 883.938 150.836 884.194 150.772C884.45 150.7 884.734 150.664 885.046 150.664C885.774 150.664 886.35 150.848 886.774 151.216C887.206 151.584 887.422 152.096 887.422 152.752V156.16H888.286V157H887.626ZM884.77 156.34C885.018 156.34 885.242 156.312 885.442 156.256C885.65 156.192 885.83 156.112 885.982 156.016C886.134 155.912 886.25 155.792 886.33 155.656C886.418 155.512 886.462 155.36 886.462 155.2V154.18H885.142C884.566 154.18 884.146 154.26 883.882 154.42C883.618 154.58 883.486 154.812 883.486 155.116V155.368C883.486 155.688 883.598 155.932 883.822 156.1C884.054 156.26 884.37 156.34 884.77 156.34ZM898.741 156.184H899.437C899.693 155.776 899.893 155.296 900.037 154.744C900.189 154.184 900.265 153.528 900.265 152.776V150.808H904.261V156.184H905.281V158.68H904.405V157H899.617V158.68H898.741V156.184ZM903.301 156.184V151.624H901.201V152.824C901.201 153.568 901.141 154.208 901.021 154.744C900.901 155.272 900.721 155.752 900.481 156.184H903.301ZM910.472 157.144C910.04 157.144 909.648 157.068 909.296 156.916C908.952 156.764 908.656 156.548 908.408 156.268C908.168 155.98 907.984 155.64 907.856 155.248C907.728 154.848 907.664 154.4 907.664 153.904C907.664 153.416 907.728 152.972 907.856 152.572C907.984 152.172 908.168 151.832 908.408 151.552C908.656 151.264 908.952 151.044 909.296 150.892C909.648 150.74 910.04 150.664 910.472 150.664C910.904 150.664 911.292 150.74 911.636 150.892C911.988 151.044 912.284 151.264 912.524 151.552C912.772 151.832 912.96 152.172 913.088 152.572C913.216 152.972 913.28 153.416 913.28 153.904C913.28 154.4 913.216 154.848 913.088 155.248C912.96 155.64 912.772 155.98 912.524 156.268C912.284 156.548 911.988 156.764 911.636 156.916C911.292 157.068 910.904 157.144 910.472 157.144ZM910.472 156.316C911.008 156.316 911.44 156.156 911.768 155.836C912.096 155.516 912.26 155.02 912.26 154.348V153.46C912.26 152.788 912.096 152.292 911.768 151.972C911.44 151.652 911.008 151.492 910.472 151.492C909.936 151.492 909.504 151.652 909.176 151.972C908.848 152.292 908.684 152.788 908.684 153.46V154.348C908.684 155.02 908.848 155.516 909.176 155.836C909.504 156.156 909.936 156.316 910.472 156.316ZM918.879 157.144C918.463 157.144 918.083 157.068 917.739 156.916C917.403 156.764 917.111 156.532 916.863 156.22C916.623 155.908 916.435 155.516 916.299 155.044C916.163 154.564 916.095 153.996 916.095 153.34C916.095 152.428 916.155 151.652 916.275 151.012C916.403 150.372 916.595 149.844 916.851 149.428C917.115 149.012 917.447 148.704 917.847 148.504C918.255 148.304 918.739 148.184 919.299 148.144L921.195 148.024V148.972L919.203 149.104C918.859 149.128 918.563 149.192 918.315 149.296C918.075 149.4 917.871 149.568 917.703 149.8C917.543 150.024 917.415 150.32 917.319 150.688C917.223 151.056 917.151 151.516 917.103 152.068H917.163C917.331 151.668 917.567 151.36 917.871 151.144C918.175 150.92 918.555 150.808 919.011 150.808C919.403 150.808 919.763 150.88 920.091 151.024C920.419 151.168 920.699 151.376 920.931 151.648C921.163 151.912 921.343 152.244 921.471 152.644C921.607 153.036 921.675 153.484 921.675 153.988C921.675 154.46 921.607 154.888 921.471 155.272C921.335 155.656 921.143 155.988 920.895 156.268C920.647 156.548 920.351 156.764 920.007 156.916C919.671 157.068 919.295 157.144 918.879 157.144ZM918.879 156.316C919.399 156.316 919.823 156.156 920.151 155.836C920.487 155.508 920.655 155.032 920.655 154.408V153.652C920.655 152.98 920.491 152.476 920.163 152.14C919.843 151.804 919.423 151.636 918.903 151.636C918.295 151.636 917.843 151.784 917.547 152.08C917.259 152.368 917.115 152.74 917.115 153.196V154.408C917.115 155.032 917.275 155.508 917.595 155.836C917.923 156.156 918.351 156.316 918.879 156.316ZM929.602 157C929.226 157 928.958 156.904 928.798 156.712C928.638 156.52 928.538 156.28 928.498 155.992H928.438C928.302 156.352 928.082 156.636 927.778 156.844C927.482 157.044 927.082 157.144 926.578 157.144C925.93 157.144 925.414 156.976 925.03 156.64C924.646 156.304 924.454 155.844 924.454 155.26C924.454 154.684 924.662 154.24 925.078 153.928C925.502 153.616 926.182 153.46 927.118 153.46H928.438V152.848C928.438 152.392 928.31 152.052 928.054 151.828C927.798 151.596 927.434 151.48 926.962 151.48C926.546 151.48 926.206 151.564 925.942 151.732C925.678 151.892 925.466 152.112 925.306 152.392L924.658 151.912C924.738 151.752 924.846 151.596 924.982 151.444C925.118 151.292 925.286 151.16 925.486 151.048C925.686 150.928 925.914 150.836 926.17 150.772C926.426 150.7 926.71 150.664 927.022 150.664C927.75 150.664 928.326 150.848 928.75 151.216C929.182 151.584 929.398 152.096 929.398 152.752V156.16H930.262V157H929.602ZM926.746 156.34C926.994 156.34 927.218 156.312 927.418 156.256C927.626 156.192 927.806 156.112 927.958 156.016C928.11 155.912 928.226 155.792 928.306 155.656C928.394 155.512 928.438 155.36 928.438 155.2V154.18H927.118C926.542 154.18 926.122 154.26 925.858 154.42C925.594 154.58 925.462 154.812 925.462 155.116V155.368C925.462 155.688 925.574 155.932 925.798 156.1C926.03 156.26 926.346 156.34 926.746 156.34ZM933.342 150.808H936.498C937.002 150.808 937.398 150.952 937.686 151.24C937.974 151.52 938.118 151.9 938.118 152.38C938.118 153.156 937.714 153.592 936.906 153.688V153.736C937.386 153.776 937.742 153.928 937.974 154.192C938.214 154.448 938.334 154.768 938.334 155.152C938.334 155.4 938.294 155.636 938.214 155.86C938.134 156.084 938.018 156.28 937.866 156.448C937.714 156.616 937.526 156.752 937.302 156.856C937.078 156.952 936.822 157 936.534 157H933.342V150.808ZM936.294 156.232C936.622 156.232 936.874 156.152 937.05 155.992C937.226 155.832 937.314 155.612 937.314 155.332V155.056C937.314 154.776 937.226 154.56 937.05 154.408C936.882 154.248 936.654 154.168 936.366 154.168H934.302V156.232H936.294ZM936.246 153.412C936.51 153.412 936.718 153.344 936.87 153.208C937.022 153.072 937.098 152.88 937.098 152.632V152.368C937.098 152.12 937.022 151.928 936.87 151.792C936.718 151.648 936.51 151.576 936.246 151.576H934.302V153.412H936.246ZM940.765 156.184H941.533C941.653 156.032 941.757 155.852 941.845 155.644C941.941 155.436 942.017 155.188 942.073 154.9C942.137 154.612 942.185 154.28 942.217 153.904C942.249 153.52 942.265 153.076 942.265 152.572V150.808H946.381V157H945.421V151.624H943.201V152.596C943.201 153.716 943.117 154.596 942.949 155.236C942.789 155.868 942.573 156.32 942.301 156.592C942.149 156.744 941.981 156.852 941.797 156.916C941.613 156.972 941.393 157 941.137 157H940.765V156.184ZM949.664 156.184H950.36L950.9 155.164C950.996 154.98 951.1 154.84 951.212 154.744C951.324 154.648 951.46 154.588 951.62 154.564V154.516C951.116 154.492 950.704 154.332 950.384 154.036C950.072 153.732 949.916 153.292 949.916 152.716C949.916 152.124 950.096 151.66 950.456 151.324C950.816 150.98 951.312 150.808 951.944 150.808H954.728V157H953.768V154.612H952.268L951.416 156.208C951.272 156.472 951.116 156.672 950.948 156.808C950.788 156.936 950.58 157 950.324 157H949.664V156.184ZM953.768 151.624H952.088C951.728 151.624 951.444 151.696 951.236 151.84C951.036 151.984 950.936 152.216 950.936 152.536V152.908C950.936 153.228 951.036 153.46 951.236 153.604C951.444 153.748 951.728 153.82 952.088 153.82H953.768V151.624ZM960.364 151.624H958.084V150.808H963.604V151.624H961.324V157H960.364V151.624ZM966.971 150.808H967.931V153.052H969.851C970.475 153.052 970.971 153.228 971.339 153.58C971.707 153.932 971.891 154.416 971.891 155.032C971.891 155.656 971.711 156.14 971.351 156.484C970.991 156.828 970.495 157 969.863 157H966.971V150.808ZM969.719 156.184C970.079 156.184 970.359 156.112 970.559 155.968C970.767 155.824 970.871 155.592 970.871 155.272V154.768C970.871 154.448 970.767 154.22 970.559 154.084C970.359 153.94 970.079 153.868 969.719 153.868H967.931V156.184H969.719ZM976.902 154.42V152.536C977.59 152.504 978.13 152.356 978.522 152.092C978.914 151.82 979.11 151.412 979.11 150.868V150.7C979.11 150.252 978.974 149.916 978.702 149.692C978.438 149.468 978.074 149.356 977.61 149.356C977.13 149.356 976.746 149.488 976.458 149.752C976.17 150.016 975.97 150.352 975.858 150.76L974.958 150.424C975.038 150.16 975.15 149.912 975.294 149.68C975.438 149.44 975.618 149.232 975.834 149.056C976.058 148.88 976.318 148.74 976.614 148.636C976.918 148.532 977.262 148.48 977.646 148.48C978.03 148.48 978.374 148.536 978.678 148.648C978.99 148.752 979.254 148.904 979.47 149.104C979.686 149.296 979.854 149.532 979.974 149.812C980.094 150.092 980.154 150.404 980.154 150.748C980.154 151.124 980.086 151.456 979.95 151.744C979.814 152.024 979.638 152.264 979.422 152.464C979.206 152.664 978.958 152.828 978.678 152.956C978.406 153.076 978.13 153.16 977.85 153.208V154.42H976.902ZM977.418 157.108C977.09 157.108 976.858 157.04 976.722 156.904C976.594 156.768 976.53 156.596 976.53 156.388V156.172C976.53 155.964 976.594 155.792 976.722 155.656C976.858 155.52 977.09 155.452 977.418 155.452C977.746 155.452 977.974 155.52 978.102 155.656C978.238 155.792 978.306 155.964 978.306 156.172V156.388C978.306 156.596 978.238 156.768 978.102 156.904C977.974 157.04 977.746 157.108 977.418 157.108Z" fill="#B4B4B4"/>
<rect x="856.5" y="180" width="12" height="12" rx="6" fill="#707070" fill-opacity="0.3"/>
<path d="M877.34 191V182.36H878.222V186.254H882.998V182.36H883.874V191H882.998V187.1H878.222V191H877.34ZM888.609 191.18C888.121 191.18 887.711 191.092 887.379 190.916C887.051 190.74 886.805 190.506 886.641 190.214C886.477 189.922 886.395 189.604 886.395 189.26C886.395 188.908 886.465 188.608 886.605 188.36C886.749 188.108 886.943 187.902 887.187 187.742C887.435 187.582 887.721 187.46 888.045 187.376C888.373 187.296 888.735 187.226 889.131 187.166C889.531 187.102 889.921 187.048 890.301 187.004C890.685 186.956 891.021 186.91 891.309 186.866L890.997 187.058C891.009 186.418 890.885 185.944 890.625 185.636C890.365 185.328 889.913 185.174 889.269 185.174C888.825 185.174 888.449 185.274 888.141 185.474C887.837 185.674 887.623 185.99 887.499 186.422L886.641 186.17C886.789 185.59 887.087 185.14 887.535 184.82C887.983 184.5 888.565 184.34 889.281 184.34C889.873 184.34 890.375 184.452 890.787 184.676C891.203 184.896 891.497 185.216 891.669 185.636C891.749 185.824 891.801 186.034 891.825 186.266C891.849 186.498 891.861 186.734 891.861 186.974V191H891.075V189.374L891.303 189.47C891.083 190.026 890.741 190.45 890.277 190.742C889.813 191.034 889.257 191.18 888.609 191.18ZM888.711 190.418C889.123 190.418 889.483 190.344 889.791 190.196C890.099 190.048 890.347 189.846 890.535 189.59C890.723 189.33 890.845 189.038 890.901 188.714C890.949 188.506 890.975 188.278 890.979 188.03C890.983 187.778 890.985 187.59 890.985 187.466L891.321 187.64C891.021 187.68 890.695 187.72 890.343 187.76C889.995 187.8 889.651 187.846 889.311 187.898C888.975 187.95 888.671 188.012 888.399 188.084C888.215 188.136 888.037 188.21 887.865 188.306C887.693 188.398 887.551 188.522 887.439 188.678C887.331 188.834 887.277 189.028 887.277 189.26C887.277 189.448 887.323 189.63 887.415 189.806C887.511 189.982 887.663 190.128 887.871 190.244C888.083 190.36 888.363 190.418 888.711 190.418ZM898.589 191V188.588C898.373 188.696 898.107 188.79 897.791 188.87C897.475 188.95 897.135 188.99 896.771 188.99C896.115 188.99 895.583 188.844 895.175 188.552C894.767 188.26 894.501 187.838 894.377 187.286C894.337 187.122 894.309 186.948 894.293 186.764C894.281 186.58 894.273 186.414 894.269 186.266C894.265 186.118 894.263 186.012 894.263 185.948V184.52H895.151V185.948C895.151 186.08 895.155 186.23 895.163 186.398C895.171 186.566 895.189 186.73 895.217 186.89C895.297 187.326 895.477 187.656 895.757 187.88C896.041 188.104 896.439 188.216 896.951 188.216C897.271 188.216 897.573 188.176 897.857 188.096C898.145 188.012 898.389 187.9 898.589 187.76V184.52H899.471V191H898.589ZM904.204 191.18C903.716 191.18 903.306 191.092 902.974 190.916C902.646 190.74 902.4 190.506 902.236 190.214C902.072 189.922 901.99 189.604 901.99 189.26C901.99 188.908 902.06 188.608 902.2 188.36C902.344 188.108 902.538 187.902 902.782 187.742C903.03 187.582 903.316 187.46 903.64 187.376C903.968 187.296 904.33 187.226 904.726 187.166C905.126 187.102 905.516 187.048 905.896 187.004C906.28 186.956 906.616 186.91 906.904 186.866L906.592 187.058C906.604 186.418 906.48 185.944 906.22 185.636C905.96 185.328 905.508 185.174 904.864 185.174C904.42 185.174 904.044 185.274 903.736 185.474C903.432 185.674 903.218 185.99 903.094 186.422L902.236 186.17C902.384 185.59 902.682 185.14 903.13 184.82C903.578 184.5 904.16 184.34 904.876 184.34C905.468 184.34 905.97 184.452 906.382 184.676C906.798 184.896 907.092 185.216 907.264 185.636C907.344 185.824 907.396 186.034 907.42 186.266C907.444 186.498 907.456 186.734 907.456 186.974V191H906.67V189.374L906.898 189.47C906.678 190.026 906.336 190.45 905.872 190.742C905.408 191.034 904.852 191.18 904.204 191.18ZM904.306 190.418C904.718 190.418 905.078 190.344 905.386 190.196C905.694 190.048 905.942 189.846 906.13 189.59C906.318 189.33 906.44 189.038 906.496 188.714C906.544 188.506 906.57 188.278 906.574 188.03C906.578 187.778 906.58 187.59 906.58 187.466L906.916 187.64C906.616 187.68 906.29 187.72 905.938 187.76C905.59 187.8 905.246 187.846 904.906 187.898C904.57 187.95 904.266 188.012 903.994 188.084C903.81 188.136 903.632 188.21 903.46 188.306C903.288 188.398 903.146 188.522 903.034 188.678C902.926 188.834 902.872 189.028 902.872 189.26C902.872 189.448 902.918 189.63 903.01 189.806C903.106 189.982 903.258 190.128 903.466 190.244C903.678 190.36 903.958 190.418 904.306 190.418ZM909.618 191V190.226C909.858 190.27 910.04 190.26 910.164 190.196C910.292 190.128 910.386 190.016 910.446 189.86C910.506 189.7 910.556 189.502 910.596 189.266C910.66 188.874 910.718 188.442 910.77 187.97C910.822 187.498 910.868 186.978 910.908 186.41C910.952 185.838 910.996 185.208 911.04 184.52H915.444V191H914.568V185.366H911.856C911.828 185.79 911.796 186.212 911.76 186.632C911.724 187.052 911.686 187.456 911.646 187.844C911.61 188.228 911.57 188.582 911.526 188.906C911.482 189.23 911.436 189.51 911.388 189.746C911.316 190.102 911.22 190.386 911.1 190.598C910.984 190.81 910.81 190.95 910.578 191.018C910.346 191.086 910.026 191.08 909.618 191ZM921.026 191.18C920.382 191.18 919.832 191.034 919.376 190.742C918.92 190.45 918.57 190.046 918.326 189.53C918.082 189.014 917.96 188.422 917.96 187.754C917.96 187.074 918.084 186.478 918.332 185.966C918.58 185.454 918.932 185.056 919.388 184.772C919.848 184.484 920.394 184.34 921.026 184.34C921.674 184.34 922.226 184.486 922.682 184.778C923.142 185.066 923.492 185.468 923.732 185.984C923.976 186.496 924.098 187.086 924.098 187.754C924.098 188.434 923.976 189.032 923.732 189.548C923.488 190.06 923.136 190.46 922.676 190.748C922.216 191.036 921.666 191.18 921.026 191.18ZM921.026 190.334C921.746 190.334 922.282 190.096 922.634 189.62C922.986 189.14 923.162 188.518 923.162 187.754C923.162 186.97 922.984 186.346 922.628 185.882C922.276 185.418 921.742 185.186 921.026 185.186C920.542 185.186 920.142 185.296 919.826 185.516C919.514 185.732 919.28 186.034 919.124 186.422C918.972 186.806 918.896 187.25 918.896 187.754C918.896 188.534 919.076 189.16 919.436 189.632C919.796 190.1 920.326 190.334 921.026 190.334ZM932.912 191.18C932.26 191.18 931.708 191.034 931.256 190.742C930.804 190.45 930.46 190.048 930.224 189.536C929.992 189.02 929.872 188.428 929.864 187.76C929.872 187.08 929.996 186.484 930.236 185.972C930.476 185.456 930.822 185.056 931.274 184.772C931.726 184.484 932.274 184.34 932.918 184.34C933.574 184.34 934.144 184.5 934.628 184.82C935.116 185.14 935.45 185.578 935.63 186.134L934.766 186.41C934.614 186.022 934.372 185.722 934.04 185.51C933.712 185.294 933.336 185.186 932.912 185.186C932.436 185.186 932.042 185.296 931.73 185.516C931.418 185.732 931.186 186.034 931.034 186.422C930.882 186.81 930.804 187.256 930.8 187.76C930.808 188.536 930.988 189.16 931.34 189.632C931.692 190.1 932.216 190.334 932.912 190.334C933.352 190.334 933.726 190.234 934.034 190.034C934.346 189.83 934.582 189.534 934.742 189.146L935.63 189.41C935.39 189.986 935.038 190.426 934.574 190.73C934.11 191.03 933.556 191.18 932.912 191.18ZM938.063 191V184.52H943.217V191H942.335V185.366H938.945V191H938.063ZM951.249 184.52V191H950.391V185.954L946.839 191H946.095V184.52H946.953V189.524L950.511 184.52H951.249ZM956.821 191.18C956.169 191.18 955.617 191.034 955.165 190.742C954.713 190.45 954.369 190.048 954.133 189.536C953.901 189.02 953.781 188.428 953.773 187.76C953.781 187.08 953.905 186.484 954.145 185.972C954.385 185.456 954.731 185.056 955.183 184.772C955.635 184.484 956.183 184.34 956.827 184.34C957.483 184.34 958.053 184.5 958.537 184.82C959.025 185.14 959.359 185.578 959.539 186.134L958.675 186.41C958.523 186.022 958.281 185.722 957.949 185.51C957.621 185.294 957.245 185.186 956.821 185.186C956.345 185.186 955.951 185.296 955.639 185.516C955.327 185.732 955.095 186.034 954.943 186.422C954.791 186.81 954.713 187.256 954.709 187.76C954.717 188.536 954.897 189.16 955.249 189.632C955.601 190.1 956.125 190.334 956.821 190.334C957.261 190.334 957.635 190.234 957.943 190.034C958.255 189.83 958.491 189.534 958.651 189.146L959.539 189.41C959.299 189.986 958.947 190.426 958.483 190.73C958.019 191.03 957.465 191.18 956.821 191.18ZM961.971 191L961.977 184.52H962.865V187.64L965.757 184.52H966.933L963.897 187.76L967.329 191H966.045L962.865 187.88V191H961.971ZM970.985 191.18C970.497 191.18 970.087 191.092 969.755 190.916C969.427 190.74 969.181 190.506 969.017 190.214C968.853 189.922 968.771 189.604 968.771 189.26C968.771 188.908 968.841 188.608 968.981 188.36C969.125 188.108 969.319 187.902 969.563 187.742C969.811 187.582 970.097 187.46 970.421 187.376C970.749 187.296 971.111 187.226 971.507 187.166C971.907 187.102 972.297 187.048 972.677 187.004C973.061 186.956 973.397 186.91 973.685 186.866L973.373 187.058C973.385 186.418 973.261 185.944 973.001 185.636C972.741 185.328 972.289 185.174 971.645 185.174C971.201 185.174 970.825 185.274 970.517 185.474C970.213 185.674 969.999 185.99 969.875 186.422L969.017 186.17C969.165 185.59 969.463 185.14 969.911 184.82C970.359 184.5 970.941 184.34 971.657 184.34C972.249 184.34 972.751 184.452 973.163 184.676C973.579 184.896 973.873 185.216 974.045 185.636C974.125 185.824 974.177 186.034 974.201 186.266C974.225 186.498 974.237 186.734 974.237 186.974V191H973.451V189.374L973.679 189.47C973.459 190.026 973.117 190.45 972.653 190.742C972.189 191.034 971.633 191.18 970.985 191.18ZM971.087 190.418C971.499 190.418 971.859 190.344 972.167 190.196C972.475 190.048 972.723 189.846 972.911 189.59C973.099 189.33 973.221 189.038 973.277 188.714C973.325 188.506 973.351 188.278 973.355 188.03C973.359 187.778 973.361 187.59 973.361 187.466L973.697 187.64C973.397 187.68 973.071 187.72 972.719 187.76C972.371 187.8 972.027 187.846 971.687 187.898C971.351 187.95 971.047 188.012 970.775 188.084C970.591 188.136 970.413 188.21 970.241 188.306C970.069 188.398 969.927 188.522 969.815 188.678C969.707 188.834 969.653 189.028 969.653 189.26C969.653 189.448 969.699 189.63 969.791 189.806C969.887 189.982 970.039 190.128 970.247 190.244C970.459 190.36 970.739 190.418 971.087 190.418Z" fill="#B4B4B4"/>
<rect x="1001" y="180" width="12" height="12" rx="6" fill="#707070" fill-opacity="0.3"/>
<path d="M1021.84 191V182.36H1022.72V186.44L1026.66 182.36H1027.79L1023.77 186.53L1028.12 191H1026.97L1022.72 186.68V191H1021.84ZM1032.39 191.18C1031.75 191.18 1031.2 191.034 1030.74 190.742C1030.28 190.45 1029.93 190.046 1029.69 189.53C1029.45 189.014 1029.32 188.422 1029.32 187.754C1029.32 187.074 1029.45 186.478 1029.7 185.966C1029.94 185.454 1030.3 185.056 1030.75 184.772C1031.21 184.484 1031.76 184.34 1032.39 184.34C1033.04 184.34 1033.59 184.486 1034.05 184.778C1034.51 185.066 1034.86 185.468 1035.1 185.984C1035.34 186.496 1035.46 187.086 1035.46 187.754C1035.46 188.434 1035.34 189.032 1035.1 189.548C1034.85 190.06 1034.5 190.46 1034.04 190.748C1033.58 191.036 1033.03 191.18 1032.39 191.18ZM1032.39 190.334C1033.11 190.334 1033.65 190.096 1034 189.62C1034.35 189.14 1034.53 188.518 1034.53 187.754C1034.53 186.97 1034.35 186.346 1033.99 185.882C1033.64 185.418 1033.11 185.186 1032.39 185.186C1031.91 185.186 1031.51 185.296 1031.19 185.516C1030.88 185.732 1030.64 186.034 1030.49 186.422C1030.34 186.806 1030.26 187.25 1030.26 187.754C1030.26 188.534 1030.44 189.16 1030.8 189.632C1031.16 190.1 1031.69 190.334 1032.39 190.334ZM1037.98 191V184.52H1038.86V187.334H1042.52V184.52H1043.4V191H1042.52V188.18H1038.86V191H1037.98ZM1049.02 191.18C1048.39 191.18 1047.84 191.04 1047.37 190.76C1046.91 190.48 1046.56 190.086 1046.3 189.578C1046.04 189.07 1045.92 188.474 1045.92 187.79C1045.92 187.082 1046.04 186.47 1046.29 185.954C1046.55 185.438 1046.9 185.04 1047.36 184.76C1047.82 184.48 1048.36 184.34 1048.98 184.34C1049.62 184.34 1050.17 184.488 1050.62 184.784C1051.07 185.076 1051.41 185.496 1051.65 186.044C1051.88 186.592 1051.98 187.246 1051.96 188.006H1051.06V187.694C1051.05 186.854 1050.87 186.22 1050.52 185.792C1050.17 185.364 1049.67 185.15 1049.01 185.15C1048.31 185.15 1047.78 185.376 1047.4 185.828C1047.04 186.28 1046.85 186.924 1046.85 187.76C1046.85 188.576 1047.04 189.21 1047.4 189.662C1047.78 190.11 1048.3 190.334 1048.98 190.334C1049.45 190.334 1049.85 190.228 1050.19 190.016C1050.54 189.8 1050.82 189.49 1051.02 189.086L1051.84 189.404C1051.58 189.968 1051.2 190.406 1050.7 190.718C1050.21 191.026 1049.65 191.18 1049.02 191.18ZM1046.54 188.006V187.268H1051.49V188.006H1046.54ZM1060.06 192.122V191H1054.49V184.52H1055.37V190.154H1058.76V184.52H1059.64V190.184H1060.95V192.122H1060.06ZM1069.39 191.18C1068.74 191.18 1068.19 191.034 1067.74 190.742C1067.28 190.45 1066.94 190.048 1066.7 189.536C1066.47 189.02 1066.35 188.428 1066.34 187.76C1066.35 187.08 1066.48 186.484 1066.72 185.972C1066.96 185.456 1067.3 185.056 1067.75 184.772C1068.21 184.484 1068.75 184.34 1069.4 184.34C1070.05 184.34 1070.62 184.5 1071.11 184.82C1071.6 185.14 1071.93 185.578 1072.11 186.134L1071.25 186.41C1071.09 186.022 1070.85 185.722 1070.52 185.51C1070.19 185.294 1069.82 185.186 1069.39 185.186C1068.92 185.186 1068.52 185.296 1068.21 185.516C1067.9 185.732 1067.67 186.034 1067.51 186.422C1067.36 186.81 1067.28 187.256 1067.28 187.76C1067.29 188.536 1067.47 189.16 1067.82 189.632C1068.17 190.1 1068.7 190.334 1069.39 190.334C1069.83 190.334 1070.21 190.234 1070.51 190.034C1070.83 189.83 1071.06 189.534 1071.22 189.146L1072.11 189.41C1071.87 189.986 1071.52 190.426 1071.05 190.73C1070.59 191.03 1070.04 191.18 1069.39 191.18ZM1074.54 191V184.52H1079.7V191H1078.81V185.366H1075.42V191H1074.54ZM1087.73 184.52V191H1086.87V185.954L1083.32 191H1082.57V184.52H1083.43V189.524L1086.99 184.52H1087.73ZM1093.3 191.18C1092.65 191.18 1092.1 191.034 1091.64 190.742C1091.19 190.45 1090.85 190.048 1090.61 189.536C1090.38 189.02 1090.26 188.428 1090.25 187.76C1090.26 187.08 1090.38 186.484 1090.62 185.972C1090.86 185.456 1091.21 185.056 1091.66 184.772C1092.11 184.484 1092.66 184.34 1093.31 184.34C1093.96 184.34 1094.53 184.5 1095.02 184.82C1095.5 185.14 1095.84 185.578 1096.02 186.134L1095.15 186.41C1095 186.022 1094.76 185.722 1094.43 185.51C1094.1 185.294 1093.72 185.186 1093.3 185.186C1092.82 185.186 1092.43 185.296 1092.12 185.516C1091.81 185.732 1091.57 186.034 1091.42 186.422C1091.27 186.81 1091.19 187.256 1091.19 187.76C1091.2 188.536 1091.38 189.16 1091.73 189.632C1092.08 190.1 1092.6 190.334 1093.3 190.334C1093.74 190.334 1094.11 190.234 1094.42 190.034C1094.73 189.83 1094.97 189.534 1095.13 189.146L1096.02 189.41C1095.78 189.986 1095.43 190.426 1094.96 190.73C1094.5 191.03 1093.94 191.18 1093.3 191.18ZM1098.45 191L1098.46 184.52H1099.35V187.64L1102.24 184.52H1103.41L1100.38 187.76L1103.81 191H1102.53L1099.35 187.88V191H1098.45ZM1107.46 191.18C1106.98 191.18 1106.57 191.092 1106.23 190.916C1105.91 190.74 1105.66 190.506 1105.5 190.214C1105.33 189.922 1105.25 189.604 1105.25 189.26C1105.25 188.908 1105.32 188.608 1105.46 188.36C1105.6 188.108 1105.8 187.902 1106.04 187.742C1106.29 187.582 1106.58 187.46 1106.9 187.376C1107.23 187.296 1107.59 187.226 1107.99 187.166C1108.39 187.102 1108.78 187.048 1109.16 187.004C1109.54 186.956 1109.88 186.91 1110.16 186.866L1109.85 187.058C1109.86 186.418 1109.74 185.944 1109.48 185.636C1109.22 185.328 1108.77 185.174 1108.12 185.174C1107.68 185.174 1107.3 185.274 1107 185.474C1106.69 185.674 1106.48 185.99 1106.35 186.422L1105.5 186.17C1105.64 185.59 1105.94 185.14 1106.39 184.82C1106.84 184.5 1107.42 184.34 1108.14 184.34C1108.73 184.34 1109.23 184.452 1109.64 184.676C1110.06 184.896 1110.35 185.216 1110.52 185.636C1110.6 185.824 1110.66 186.034 1110.68 186.266C1110.7 186.498 1110.72 186.734 1110.72 186.974V191H1109.93V189.374L1110.16 189.47C1109.94 190.026 1109.6 190.45 1109.13 190.742C1108.67 191.034 1108.11 191.18 1107.46 191.18ZM1107.57 190.418C1107.98 190.418 1108.34 190.344 1108.65 190.196C1108.95 190.048 1109.2 189.846 1109.39 189.59C1109.58 189.33 1109.7 189.038 1109.76 188.714C1109.8 188.506 1109.83 188.278 1109.83 188.03C1109.84 187.778 1109.84 187.59 1109.84 187.466L1110.18 187.64C1109.88 187.68 1109.55 187.72 1109.2 187.76C1108.85 187.8 1108.51 187.846 1108.17 187.898C1107.83 187.95 1107.53 188.012 1107.25 188.084C1107.07 188.136 1106.89 188.21 1106.72 188.306C1106.55 188.398 1106.41 188.522 1106.29 188.678C1106.19 188.834 1106.13 189.028 1106.13 189.26C1106.13 189.448 1106.18 189.63 1106.27 189.806C1106.37 189.982 1106.52 190.128 1106.73 190.244C1106.94 190.36 1107.22 190.418 1107.57 190.418Z" fill="#B4B4B4"/>
<path d="M581.168 231.124H581.888C582.248 230.612 582.52 229.956 582.704 229.156C582.888 228.348 582.98 227.324 582.98 226.084V223.624H586.892V231.124H587.912V233.8H586.988V232H582.092V233.8H581.168V231.124ZM585.884 224.5H583.964V226.156C583.964 227.428 583.876 228.464 583.7 229.264C583.532 230.064 583.312 230.684 583.04 231.124H585.884V224.5ZM592.995 232.144C592.563 232.144 592.171 232.068 591.819 231.916C591.475 231.764 591.179 231.548 590.931 231.268C590.691 230.98 590.507 230.64 590.379 230.248C590.251 229.848 590.187 229.4 590.187 228.904C590.187 228.416 590.251 227.972 590.379 227.572C590.507 227.172 590.691 226.832 590.931 226.552C591.179 226.264 591.475 226.044 591.819 225.892C592.171 225.74 592.563 225.664 592.995 225.664C593.427 225.664 593.815 225.74 594.159 225.892C594.511 226.044 594.807 226.264 595.047 226.552C595.295 226.832 595.483 227.172 595.611 227.572C595.739 227.972 595.803 228.416 595.803 228.904C595.803 229.4 595.739 229.848 595.611 230.248C595.483 230.64 595.295 230.98 595.047 231.268C594.807 231.548 594.511 231.764 594.159 231.916C593.815 232.068 593.427 232.144 592.995 232.144ZM592.995 231.316C593.531 231.316 593.963 231.156 594.291 230.836C594.619 230.516 594.783 230.02 594.783 229.348V228.46C594.783 227.788 594.619 227.292 594.291 226.972C593.963 226.652 593.531 226.492 592.995 226.492C592.459 226.492 592.027 226.652 591.699 226.972C591.371 227.292 591.207 227.788 591.207 228.46V229.348C591.207 230.02 591.371 230.516 591.699 230.836C592.027 231.156 592.459 231.316 592.995 231.316ZM598.955 225.808H603.827V232H602.867V226.624H599.915V232H598.955V225.808ZM609.786 232.144C609.354 232.144 608.962 232.068 608.61 231.916C608.266 231.764 607.97 231.548 607.722 231.268C607.482 230.98 607.298 230.64 607.17 230.248C607.042 229.848 606.978 229.4 606.978 228.904C606.978 228.416 607.042 227.972 607.17 227.572C607.298 227.172 607.482 226.832 607.722 226.552C607.97 226.264 608.266 226.044 608.61 225.892C608.962 225.74 609.354 225.664 609.786 225.664C610.218 225.664 610.606 225.74 610.95 225.892C611.302 226.044 611.598 226.264 611.838 226.552C612.086 226.832 612.274 227.172 612.402 227.572C612.53 227.972 612.594 228.416 612.594 228.904C612.594 229.4 612.53 229.848 612.402 230.248C612.274 230.64 612.086 230.98 611.838 231.268C611.598 231.548 611.302 231.764 610.95 231.916C610.606 232.068 610.218 232.144 609.786 232.144ZM609.786 231.316C610.322 231.316 610.754 231.156 611.082 230.836C611.41 230.516 611.574 230.02 611.574 229.348V228.46C611.574 227.788 611.41 227.292 611.082 226.972C610.754 226.652 610.322 226.492 609.786 226.492C609.25 226.492 608.818 226.652 608.49 226.972C608.162 227.292 607.998 227.788 607.998 228.46V229.348C607.998 230.02 608.162 230.516 608.49 230.836C608.818 231.156 609.25 231.316 609.786 231.316ZM614.893 231.184H615.661C615.781 231.032 615.885 230.852 615.973 230.644C616.069 230.436 616.145 230.188 616.201 229.9C616.265 229.612 616.313 229.28 616.345 228.904C616.377 228.52 616.393 228.076 616.393 227.572V225.808H620.509V232H619.549V226.624H617.329V227.596C617.329 228.716 617.245 229.596 617.077 230.236C616.917 230.868 616.701 231.32 616.429 231.592C616.277 231.744 616.109 231.852 615.925 231.916C615.741 231.972 615.521 232 615.265 232H614.893V231.184ZM624.117 225.808H625.077V228.4H628.077V225.808H629.037V232H628.077V229.216H625.077V232H624.117V225.808ZM632.512 225.808H633.472V228.964L633.376 230.548H633.424L636.532 225.808H637.432V232H636.472V228.844L636.568 227.26H636.52L633.412 232H632.512V225.808ZM642.887 226.624H640.607V225.808H646.127V226.624H643.847V232H642.887V226.624ZM651.87 232.144C651.422 232.144 651.018 232.068 650.658 231.916C650.306 231.764 650.002 231.548 649.746 231.268C649.498 230.98 649.306 230.64 649.17 230.248C649.034 229.848 648.966 229.404 648.966 228.916C648.966 228.42 649.034 227.972 649.17 227.572C649.314 227.172 649.51 226.832 649.758 226.552C650.006 226.264 650.302 226.044 650.646 225.892C650.998 225.74 651.386 225.664 651.81 225.664C652.226 225.664 652.602 225.74 652.938 225.892C653.282 226.044 653.574 226.256 653.814 226.528C654.054 226.792 654.238 227.108 654.366 227.476C654.494 227.844 654.558 228.248 654.558 228.688V229.144H649.974V229.432C649.974 229.704 650.018 229.956 650.106 230.188C650.194 230.42 650.318 230.62 650.478 230.788C650.646 230.956 650.846 231.088 651.078 231.184C651.318 231.272 651.582 231.316 651.87 231.316C652.286 231.316 652.646 231.22 652.95 231.028C653.254 230.836 653.486 230.572 653.646 230.236L654.354 230.716C654.17 231.132 653.862 231.476 653.43 231.748C653.006 232.012 652.486 232.144 651.87 232.144ZM651.81 226.456C651.546 226.456 651.302 226.504 651.078 226.6C650.854 226.696 650.658 226.828 650.49 226.996C650.33 227.164 650.202 227.364 650.106 227.596C650.018 227.82 649.974 228.068 649.974 228.34V228.424H653.526V228.292C653.526 228.02 653.482 227.772 653.394 227.548C653.314 227.324 653.198 227.132 653.046 226.972C652.902 226.804 652.722 226.676 652.506 226.588C652.298 226.5 652.066 226.456 651.81 226.456ZM656.87 231.184H657.638C657.758 231.032 657.862 230.852 657.95 230.644C658.046 230.436 658.122 230.188 658.178 229.9C658.242 229.612 658.29 229.28 658.322 228.904C658.354 228.52 658.37 228.076 658.37 227.572V225.808H662.486V232H661.526V226.624H659.306V227.596C659.306 228.716 659.222 229.596 659.054 230.236C658.894 230.868 658.678 231.32 658.406 231.592C658.254 231.744 658.086 231.852 657.902 231.916C657.718 231.972 657.498 232 657.242 232H656.87V231.184ZM666.285 225.808H667.245V228.052H669.165C669.789 228.052 670.285 228.228 670.653 228.58C671.021 228.932 671.205 229.416 671.205 230.032C671.205 230.656 671.025 231.14 670.665 231.484C670.305 231.828 669.809 232 669.177 232H666.285V225.808ZM669.033 231.184C669.393 231.184 669.673 231.112 669.873 230.968C670.081 230.824 670.185 230.592 670.185 230.272V229.768C670.185 229.448 670.081 229.22 669.873 229.084C669.673 228.94 669.393 228.868 669.033 228.868H667.245V231.184H669.033ZM674.488 225.808H675.448V228.4H678.448V225.808H679.408V232H678.448V229.216H675.448V232H674.488V225.808ZM685.344 232.144C684.912 232.144 684.52 232.068 684.168 231.916C683.824 231.764 683.528 231.548 683.28 231.268C683.04 230.98 682.856 230.64 682.728 230.248C682.6 229.848 682.536 229.4 682.536 228.904C682.536 228.416 682.6 227.972 682.728 227.572C682.856 227.172 683.04 226.832 683.28 226.552C683.528 226.264 683.824 226.044 684.168 225.892C684.52 225.74 684.912 225.664 685.344 225.664C685.776 225.664 686.164 225.74 686.508 225.892C686.86 226.044 687.156 226.264 687.396 226.552C687.644 226.832 687.832 227.172 687.96 227.572C688.088 227.972 688.152 228.416 688.152 228.904C688.152 229.4 688.088 229.848 687.96 230.248C687.832 230.64 687.644 230.98 687.396 231.268C687.156 231.548 686.86 231.764 686.508 231.916C686.164 232.068 685.776 232.144 685.344 232.144ZM685.344 231.316C685.88 231.316 686.312 231.156 686.64 230.836C686.968 230.516 687.132 230.02 687.132 229.348V228.46C687.132 227.788 686.968 227.292 686.64 226.972C686.312 226.652 685.88 226.492 685.344 226.492C684.808 226.492 684.376 226.652 684.048 226.972C683.72 227.292 683.556 227.788 683.556 228.46V229.348C683.556 230.02 683.72 230.516 684.048 230.836C684.376 231.156 684.808 231.316 685.344 231.316ZM693.847 232.144C693.399 232.144 692.995 232.068 692.635 231.916C692.283 231.764 691.979 231.548 691.723 231.268C691.475 230.98 691.283 230.64 691.147 230.248C691.011 229.848 690.943 229.404 690.943 228.916C690.943 228.42 691.011 227.972 691.147 227.572C691.291 227.172 691.487 226.832 691.735 226.552C691.983 226.264 692.279 226.044 692.623 225.892C692.975 225.74 693.363 225.664 693.787 225.664C694.203 225.664 694.579 225.74 694.915 225.892C695.259 226.044 695.551 226.256 695.791 226.528C696.031 226.792 696.215 227.108 696.343 227.476C696.471 227.844 696.535 228.248 696.535 228.688V229.144H691.951V229.432C691.951 229.704 691.995 229.956 692.083 230.188C692.171 230.42 692.295 230.62 692.455 230.788C692.623 230.956 692.823 231.088 693.055 231.184C693.295 231.272 693.559 231.316 693.847 231.316C694.263 231.316 694.623 231.22 694.927 231.028C695.231 230.836 695.463 230.572 695.623 230.236L696.331 230.716C696.147 231.132 695.839 231.476 695.407 231.748C694.983 232.012 694.463 232.144 693.847 232.144ZM693.787 226.456C693.523 226.456 693.279 226.504 693.055 226.6C692.831 226.696 692.635 226.828 692.467 226.996C692.307 227.164 692.179 227.364 692.083 227.596C691.995 227.82 691.951 228.068 691.951 228.34V228.424H695.503V228.292C695.503 228.02 695.459 227.772 695.371 227.548C695.291 227.324 695.175 227.132 695.023 226.972C694.879 226.804 694.699 226.676 694.483 226.588C694.275 226.5 694.043 226.456 693.787 226.456ZM710.53 232.144C710.098 232.144 709.706 232.068 709.354 231.916C709.01 231.764 708.714 231.548 708.466 231.268C708.226 230.98 708.042 230.64 707.914 230.248C707.786 229.848 707.722 229.4 707.722 228.904C707.722 228.416 707.786 227.972 707.914 227.572C708.042 227.172 708.226 226.832 708.466 226.552C708.714 226.264 709.01 226.044 709.354 225.892C709.706 225.74 710.098 225.664 710.53 225.664C710.962 225.664 711.35 225.74 711.694 225.892C712.046 226.044 712.342 226.264 712.582 226.552C712.83 226.832 713.018 227.172 713.146 227.572C713.274 227.972 713.338 228.416 713.338 228.904C713.338 229.4 713.274 229.848 713.146 230.248C713.018 230.64 712.83 230.98 712.582 231.268C712.342 231.548 712.046 231.764 711.694 231.916C711.35 232.068 710.962 232.144 710.53 232.144ZM710.53 231.316C711.066 231.316 711.498 231.156 711.826 230.836C712.154 230.516 712.318 230.02 712.318 229.348V228.46C712.318 227.788 712.154 227.292 711.826 226.972C711.498 226.652 711.066 226.492 710.53 226.492C709.994 226.492 709.562 226.652 709.234 226.972C708.906 227.292 708.742 227.788 708.742 228.46V229.348C708.742 230.02 708.906 230.516 709.234 230.836C709.562 231.156 709.994 231.316 710.53 231.316ZM716.489 225.808H721.361V232H720.401V226.624H717.449V232H716.489V225.808ZM724.86 225.808H725.82V228.964L725.724 230.548H725.772L728.88 225.808H729.78V232H728.82V228.844L728.916 227.26H728.868L725.76 232H724.86V225.808ZM735.932 232.144C735.484 232.144 735.084 232.068 734.732 231.916C734.388 231.756 734.096 231.536 733.856 231.256C733.616 230.976 733.432 230.636 733.304 230.236C733.184 229.836 733.124 229.392 733.124 228.904C733.124 228.416 733.188 227.972 733.316 227.572C733.444 227.172 733.628 226.832 733.868 226.552C734.108 226.264 734.4 226.044 734.744 225.892C735.088 225.74 735.48 225.664 735.92 225.664C736.52 225.664 737.008 225.796 737.384 226.06C737.76 226.324 738.036 226.668 738.212 227.092L737.444 227.5C737.332 227.18 737.144 226.932 736.88 226.756C736.624 226.58 736.304 226.492 735.92 226.492C735.64 226.492 735.388 226.54 735.164 226.636C734.948 226.724 734.764 226.852 734.612 227.02C734.46 227.188 734.344 227.388 734.264 227.62C734.192 227.852 734.156 228.104 734.156 228.376V229.432C734.156 229.704 734.192 229.956 734.264 230.188C734.344 230.42 734.46 230.62 734.612 230.788C734.764 230.956 734.952 231.088 735.176 231.184C735.4 231.272 735.656 231.316 735.944 231.316C736.36 231.316 736.704 231.22 736.976 231.028C737.248 230.836 737.464 230.572 737.624 230.236L738.308 230.704C738.124 231.12 737.836 231.464 737.444 231.736C737.06 232.008 736.556 232.144 735.932 232.144ZM746.451 232C746.075 232 745.807 231.904 745.647 231.712C745.487 231.52 745.387 231.28 745.347 230.992H745.287C745.151 231.352 744.931 231.636 744.627 231.844C744.331 232.044 743.931 232.144 743.427 232.144C742.779 232.144 742.263 231.976 741.879 231.64C741.495 231.304 741.303 230.844 741.303 230.26C741.303 229.684 741.511 229.24 741.927 228.928C742.351 228.616 743.031 228.46 743.967 228.46H745.287V227.848C745.287 227.392 745.159 227.052 744.903 226.828C744.647 226.596 744.283 226.48 743.811 226.48C743.395 226.48 743.055 226.564 742.791 226.732C742.527 226.892 742.315 227.112 742.155 227.392L741.507 226.912C741.587 226.752 741.695 226.596 741.831 226.444C741.967 226.292 742.135 226.16 742.335 226.048C742.535 225.928 742.763 225.836 743.019 225.772C743.275 225.7 743.559 225.664 743.871 225.664C744.599 225.664 745.175 225.848 745.599 226.216C746.031 226.584 746.247 227.096 746.247 227.752V231.16H747.111V232H746.451ZM743.595 231.34C743.843 231.34 744.067 231.312 744.267 231.256C744.475 231.192 744.655 231.112 744.807 231.016C744.959 230.912 745.075 230.792 745.155 230.656C745.243 230.512 745.287 230.36 745.287 230.2V229.18H743.967C743.391 229.18 742.971 229.26 742.707 229.42C742.443 229.58 742.311 229.812 742.311 230.116V230.368C742.311 230.688 742.423 230.932 742.647 231.1C742.879 231.26 743.195 231.34 743.595 231.34ZM750.046 225.808H751.006V228.4H754.006V225.808H754.966V232H754.006V229.216H751.006V232H750.046V225.808ZM758.442 225.808H759.402V228.964L759.306 230.548H759.354L762.462 225.808H763.362V232H762.402V228.844L762.498 227.26H762.45L759.342 232H758.442V225.808ZM769.405 232.144C768.957 232.144 768.553 232.068 768.193 231.916C767.841 231.764 767.537 231.548 767.281 231.268C767.033 230.98 766.841 230.64 766.705 230.248C766.569 229.848 766.501 229.404 766.501 228.916C766.501 228.42 766.569 227.972 766.705 227.572C766.849 227.172 767.045 226.832 767.293 226.552C767.541 226.264 767.837 226.044 768.181 225.892C768.533 225.74 768.921 225.664 769.345 225.664C769.761 225.664 770.137 225.74 770.473 225.892C770.817 226.044 771.109 226.256 771.349 226.528C771.589 226.792 771.773 227.108 771.901 227.476C772.029 227.844 772.093 228.248 772.093 228.688V229.144H767.509V229.432C767.509 229.704 767.553 229.956 767.641 230.188C767.729 230.42 767.853 230.62 768.013 230.788C768.181 230.956 768.381 231.088 768.613 231.184C768.853 231.272 769.117 231.316 769.405 231.316C769.821 231.316 770.181 231.22 770.485 231.028C770.789 230.836 771.021 230.572 771.181 230.236L771.889 230.716C771.705 231.132 771.397 231.476 770.965 231.748C770.541 232.012 770.021 232.144 769.405 232.144ZM769.345 226.456C769.081 226.456 768.837 226.504 768.613 226.6C768.389 226.696 768.193 226.828 768.025 226.996C767.865 227.164 767.737 227.364 767.641 227.596C767.553 227.82 767.509 228.068 767.509 228.34V228.424H771.061V228.292C771.061 228.02 771.017 227.772 770.929 227.548C770.849 227.324 770.733 227.132 770.581 226.972C770.437 226.804 770.257 226.676 770.041 226.588C769.833 226.5 769.601 226.456 769.345 226.456ZM777.692 232.108C777.364 232.108 777.132 232.04 776.996 231.904C776.868 231.768 776.804 231.596 776.804 231.388V231.172C776.804 230.964 776.868 230.792 776.996 230.656C777.132 230.52 777.364 230.452 777.692 230.452C778.02 230.452 778.248 230.52 778.376 230.656C778.512 230.792 778.58 230.964 778.58 231.172V231.388C778.58 231.596 778.512 231.768 778.376 231.904C778.248 232.04 778.02 232.108 777.692 232.108ZM777.692 227.356C777.364 227.356 777.132 227.288 776.996 227.152C776.868 227.016 776.804 226.844 776.804 226.636V226.42C776.804 226.212 776.868 226.04 776.996 225.904C777.132 225.768 777.364 225.7 777.692 225.7C778.02 225.7 778.248 225.768 778.376 225.904C778.512 226.04 778.58 226.212 778.58 226.42V226.636C778.58 226.844 778.512 227.016 778.376 227.152C778.248 227.288 778.02 227.356 777.692 227.356Z" fill="#B4B4B4"/>
<rect x="581" y="243" width="531" height="36" rx="10" fill="#262626" fill-opacity="0.2"/>
<rect x="581.5" y="243.5" width="530" height="35" rx="9.5" stroke="url(#paint31_linear_5194_3492)" stroke-opacity="0.3"/>
<path d="M591.84 266V257.36H592.722V261.254H597.498V257.36H598.374V266H597.498V262.1H592.722V266H591.84ZM603.997 266.18C603.365 266.18 602.817 266.04 602.353 265.76C601.893 265.48 601.535 265.086 601.279 264.578C601.023 264.07 600.895 263.474 600.895 262.79C600.895 262.082 601.021 261.47 601.273 260.954C601.525 260.438 601.879 260.04 602.335 259.76C602.795 259.48 603.337 259.34 603.961 259.34C604.601 259.34 605.147 259.488 605.599 259.784C606.051 260.076 606.393 260.496 606.625 261.044C606.857 261.592 606.963 262.246 606.943 263.006H606.043V262.694C606.027 261.854 605.845 261.22 605.497 260.792C605.153 260.364 604.649 260.15 603.985 260.15C603.289 260.15 602.755 260.376 602.383 260.828C602.015 261.28 601.831 261.924 601.831 262.76C601.831 263.576 602.015 264.21 602.383 264.662C602.755 265.11 603.281 265.334 603.961 265.334C604.425 265.334 604.829 265.228 605.173 265.016C605.521 264.8 605.795 264.49 605.995 264.086L606.817 264.404C606.561 264.968 606.183 265.406 605.683 265.718C605.187 266.026 604.625 266.18 603.997 266.18ZM601.519 263.006V262.268H606.469V263.006H601.519ZM612.18 266.18C611.536 266.18 610.986 266.034 610.53 265.742C610.074 265.45 609.724 265.046 609.48 264.53C609.236 264.014 609.114 263.422 609.114 262.754C609.114 262.074 609.238 261.478 609.486 260.966C609.734 260.454 610.086 260.056 610.542 259.772C611.002 259.484 611.548 259.34 612.18 259.34C612.828 259.34 613.38 259.486 613.836 259.778C614.296 260.066 614.646 260.468 614.886 260.984C615.13 261.496 615.252 262.086 615.252 262.754C615.252 263.434 615.13 264.032 614.886 264.548C614.642 265.06 614.29 265.46 613.83 265.748C613.37 266.036 612.82 266.18 612.18 266.18ZM612.18 265.334C612.9 265.334 613.436 265.096 613.788 264.62C614.14 264.14 614.316 263.518 614.316 262.754C614.316 261.97 614.138 261.346 613.782 260.882C613.43 260.418 612.896 260.186 612.18 260.186C611.696 260.186 611.296 260.296 610.98 260.516C610.668 260.732 610.434 261.034 610.278 261.422C610.126 261.806 610.05 262.25 610.05 262.754C610.05 263.534 610.23 264.16 610.59 264.632C610.95 265.1 611.48 265.334 612.18 265.334ZM620.374 266.186C619.77 266.182 619.252 266.05 618.82 265.79C618.388 265.53 618.052 265.142 617.812 264.626C617.576 264.11 617.448 263.466 617.428 262.694C617.416 262.354 617.424 261.984 617.452 261.584C617.48 261.18 617.524 260.796 617.584 260.432C617.644 260.068 617.716 259.772 617.8 259.544C617.904 259.248 618.052 258.972 618.244 258.716C618.44 258.456 618.666 258.244 618.922 258.08C619.17 257.912 619.45 257.782 619.762 257.69C620.078 257.594 620.406 257.52 620.746 257.468C621.09 257.416 621.43 257.37 621.766 257.33C622.106 257.29 622.42 257.24 622.708 257.18L622.804 257.978C622.584 258.022 622.324 258.062 622.024 258.098C621.724 258.134 621.41 258.178 621.082 258.23C620.754 258.278 620.44 258.344 620.14 258.428C619.84 258.512 619.584 258.622 619.372 258.758C619.048 258.954 618.798 259.25 618.622 259.646C618.45 260.042 618.344 260.496 618.304 261.008C618.552 260.62 618.88 260.328 619.288 260.132C619.7 259.936 620.146 259.838 620.626 259.838C621.21 259.838 621.712 259.972 622.132 260.24C622.556 260.508 622.882 260.88 623.11 261.356C623.338 261.832 623.452 262.378 623.452 262.994C623.452 263.638 623.326 264.2 623.074 264.68C622.826 265.16 622.472 265.532 622.012 265.796C621.552 266.056 621.006 266.186 620.374 266.186ZM620.44 265.34C621.12 265.34 621.636 265.128 621.988 264.704C622.344 264.28 622.522 263.716 622.522 263.012C622.522 262.292 622.338 261.724 621.97 261.308C621.606 260.892 621.092 260.684 620.428 260.684C619.764 260.684 619.254 260.892 618.898 261.308C618.542 261.724 618.364 262.292 618.364 263.012C618.364 263.732 618.542 264.3 618.898 264.716C619.254 265.132 619.768 265.34 620.44 265.34ZM630.034 266V263.558H628.522C628.346 263.558 628.164 263.552 627.976 263.54C627.792 263.524 627.62 263.502 627.46 263.474C627.004 263.386 626.616 263.186 626.296 262.874C625.98 262.558 625.822 262.122 625.822 261.566C625.822 261.022 625.97 260.586 626.266 260.258C626.562 259.926 626.92 259.71 627.34 259.61C627.532 259.566 627.726 259.54 627.922 259.532C628.122 259.524 628.294 259.52 628.438 259.52H630.916L630.922 266H630.034ZM625.612 266L627.418 263.282H628.396L626.578 266H625.612ZM628.474 262.802H630.034V260.276H628.474C628.378 260.276 628.244 260.28 628.072 260.288C627.9 260.296 627.738 260.322 627.586 260.366C627.454 260.406 627.322 260.476 627.19 260.576C627.062 260.672 626.954 260.802 626.866 260.966C626.778 261.126 626.734 261.322 626.734 261.554C626.734 261.878 626.822 262.138 626.998 262.334C627.178 262.526 627.402 262.658 627.67 262.73C627.814 262.762 627.958 262.782 628.102 262.79C628.246 262.798 628.37 262.802 628.474 262.802ZM636.139 266.18C635.487 266.18 634.917 266.038 634.429 265.754C633.945 265.466 633.563 265.068 633.283 264.56L633.991 264.11C634.227 264.51 634.521 264.814 634.873 265.022C635.225 265.23 635.629 265.334 636.085 265.334C636.561 265.334 636.943 265.224 637.231 265.004C637.519 264.784 637.663 264.482 637.663 264.098C637.663 263.834 637.601 263.624 637.477 263.468C637.357 263.312 637.173 263.2 636.925 263.132C636.681 263.064 636.375 263.03 636.007 263.03H635.239V262.274H635.995C636.443 262.274 636.803 262.194 637.075 262.034C637.351 261.87 637.489 261.614 637.489 261.266C637.489 260.898 637.351 260.626 637.075 260.45C636.803 260.27 636.477 260.18 636.097 260.18C635.713 260.18 635.349 260.26 635.005 260.42C634.665 260.576 634.379 260.778 634.147 261.026L633.583 260.432C633.907 260.076 634.285 259.806 634.717 259.622C635.153 259.434 635.635 259.34 636.163 259.34C636.579 259.34 636.955 259.414 637.291 259.562C637.631 259.706 637.899 259.918 638.095 260.198C638.295 260.478 638.395 260.814 638.395 261.206C638.395 261.574 638.305 261.892 638.125 262.16C637.949 262.428 637.699 262.65 637.375 262.826L637.327 262.496C637.607 262.548 637.839 262.66 638.023 262.832C638.207 263.004 638.343 263.21 638.431 263.45C638.519 263.69 638.563 263.934 638.563 264.182C638.563 264.594 638.455 264.95 638.239 265.25C638.027 265.546 637.737 265.776 637.369 265.94C637.005 266.1 636.595 266.18 636.139 266.18ZM642.941 266.18C642.453 266.18 642.043 266.092 641.711 265.916C641.383 265.74 641.137 265.506 640.973 265.214C640.809 264.922 640.727 264.604 640.727 264.26C640.727 263.908 640.797 263.608 640.937 263.36C641.081 263.108 641.275 262.902 641.519 262.742C641.767 262.582 642.053 262.46 642.377 262.376C642.705 262.296 643.067 262.226 643.463 262.166C643.863 262.102 644.253 262.048 644.633 262.004C645.017 261.956 645.353 261.91 645.641 261.866L645.329 262.058C645.341 261.418 645.217 260.944 644.957 260.636C644.697 260.328 644.245 260.174 643.601 260.174C643.157 260.174 642.781 260.274 642.473 260.474C642.169 260.674 641.955 260.99 641.831 261.422L640.973 261.17C641.121 260.59 641.419 260.14 641.867 259.82C642.315 259.5 642.897 259.34 643.613 259.34C644.205 259.34 644.707 259.452 645.119 259.676C645.535 259.896 645.829 260.216 646.001 260.636C646.081 260.824 646.133 261.034 646.157 261.266C646.181 261.498 646.193 261.734 646.193 261.974V266H645.407V264.374L645.635 264.47C645.415 265.026 645.073 265.45 644.609 265.742C644.145 266.034 643.589 266.18 642.941 266.18ZM643.043 265.418C643.455 265.418 643.815 265.344 644.123 265.196C644.431 265.048 644.679 264.846 644.867 264.59C645.055 264.33 645.177 264.038 645.233 263.714C645.281 263.506 645.307 263.278 645.311 263.03C645.315 262.778 645.317 262.59 645.317 262.466L645.653 262.64C645.353 262.68 645.027 262.72 644.675 262.76C644.327 262.8 643.983 262.846 643.643 262.898C643.307 262.95 643.003 263.012 642.731 263.084C642.547 263.136 642.369 263.21 642.197 263.306C642.025 263.398 641.883 263.522 641.771 263.678C641.663 263.834 641.609 264.028 641.609 264.26C641.609 264.448 641.655 264.63 641.747 264.806C641.843 264.982 641.995 265.128 642.203 265.244C642.415 265.36 642.695 265.418 643.043 265.418ZM650.713 266V260.336H648.415V259.52H653.893V260.336H651.595V266H650.713ZM658.979 266.18C658.347 266.18 657.799 266.04 657.335 265.76C656.875 265.48 656.517 265.086 656.261 264.578C656.005 264.07 655.877 263.474 655.877 262.79C655.877 262.082 656.003 261.47 656.255 260.954C656.507 260.438 656.861 260.04 657.317 259.76C657.777 259.48 658.319 259.34 658.943 259.34C659.583 259.34 660.129 259.488 660.581 259.784C661.033 260.076 661.375 260.496 661.607 261.044C661.839 261.592 661.945 262.246 661.925 263.006H661.025V262.694C661.009 261.854 660.827 261.22 660.479 260.792C660.135 260.364 659.631 260.15 658.967 260.15C658.271 260.15 657.737 260.376 657.365 260.828C656.997 261.28 656.813 261.924 656.813 262.76C656.813 263.576 656.997 264.21 657.365 264.662C657.737 265.11 658.263 265.334 658.943 265.334C659.407 265.334 659.811 265.228 660.155 265.016C660.503 264.8 660.777 264.49 660.977 264.086L661.799 264.404C661.543 264.968 661.165 265.406 660.665 265.718C660.169 266.026 659.607 266.18 658.979 266.18ZM656.501 263.006V262.268H661.451V263.006H656.501ZM663.856 266V265.226C664.096 265.27 664.278 265.26 664.402 265.196C664.53 265.128 664.624 265.016 664.684 264.86C664.744 264.7 664.794 264.502 664.834 264.266C664.898 263.874 664.956 263.442 665.008 262.97C665.06 262.498 665.106 261.978 665.146 261.41C665.19 260.838 665.234 260.208 665.278 259.52H669.682V266H668.806V260.366H666.094C666.066 260.79 666.034 261.212 665.998 261.632C665.962 262.052 665.924 262.456 665.884 262.844C665.848 263.228 665.808 263.582 665.764 263.906C665.72 264.23 665.674 264.51 665.626 264.746C665.554 265.102 665.458 265.386 665.338 265.598C665.222 265.81 665.048 265.95 664.816 266.018C664.584 266.086 664.264 266.08 663.856 266ZM672.565 266L672.553 259.52H673.441V261.962H674.959C675.147 261.962 675.331 261.966 675.511 261.974C675.695 261.982 675.857 261.998 675.997 262.022C676.317 262.082 676.601 262.188 676.849 262.34C677.101 262.492 677.297 262.702 677.437 262.97C677.581 263.238 677.653 263.574 677.653 263.978C677.653 264.534 677.509 264.972 677.221 265.292C676.937 265.612 676.577 265.82 676.141 265.916C675.977 265.952 675.799 265.976 675.607 265.988C675.415 265.996 675.225 266 675.037 266H672.565ZM673.441 265.244H675.001C675.137 265.244 675.289 265.24 675.457 265.232C675.625 265.224 675.773 265.202 675.901 265.166C676.113 265.106 676.305 264.986 676.477 264.806C676.653 264.622 676.741 264.346 676.741 263.978C676.741 263.614 676.657 263.34 676.489 263.156C676.321 262.968 676.097 262.844 675.817 262.784C675.693 262.756 675.559 262.738 675.415 262.73C675.271 262.722 675.133 262.718 675.001 262.718H673.441V265.244ZM679.987 266V259.52H680.869V262.334H684.523V259.52H685.405V266H684.523V263.18H680.869V266H679.987ZM688.289 266L688.277 259.52H689.165V261.962H690.293C690.481 261.962 690.665 261.966 690.845 261.974C691.025 261.982 691.187 261.998 691.331 262.022C691.651 262.086 691.935 262.194 692.183 262.346C692.431 262.498 692.627 262.708 692.771 262.976C692.915 263.24 692.987 263.574 692.987 263.978C692.987 264.534 692.843 264.972 692.555 265.292C692.267 265.612 691.905 265.82 691.469 265.916C691.305 265.952 691.127 265.976 690.935 265.988C690.743 265.996 690.555 266 690.371 266H688.289ZM689.165 265.244H690.335C690.467 265.244 690.617 265.24 690.785 265.232C690.953 265.224 691.101 265.202 691.229 265.166C691.445 265.106 691.639 264.986 691.811 264.806C691.987 264.622 692.075 264.346 692.075 263.978C692.075 263.614 691.991 263.34 691.823 263.156C691.655 262.968 691.431 262.844 691.151 262.784C691.023 262.756 690.887 262.738 690.743 262.73C690.603 262.722 690.467 262.718 690.335 262.718H689.165V265.244ZM693.761 266V259.52H694.643V266H693.761ZM700.21 258.752C699.926 258.752 699.666 258.682 699.43 258.542C699.194 258.402 699.006 258.216 698.866 257.984C698.73 257.748 698.662 257.488 698.662 257.204H699.394C699.394 257.428 699.474 257.62 699.634 257.78C699.794 257.94 699.986 258.02 700.21 258.02C700.438 258.02 700.63 257.94 700.786 257.78C700.946 257.62 701.026 257.428 701.026 257.204H701.758C701.758 257.488 701.688 257.748 701.548 257.984C701.412 258.216 701.226 258.402 700.99 258.542C700.754 258.682 700.494 258.752 700.21 258.752ZM702.67 259.52V266H701.812V260.954L698.26 266H697.516V259.52H698.374V264.524L701.932 259.52H702.67ZM710.914 266V260.336H708.616V259.52H714.094V260.336H711.796V266H710.914ZM719.18 266.18C718.548 266.18 718 266.04 717.536 265.76C717.076 265.48 716.718 265.086 716.462 264.578C716.206 264.07 716.078 263.474 716.078 262.79C716.078 262.082 716.204 261.47 716.456 260.954C716.708 260.438 717.062 260.04 717.518 259.76C717.978 259.48 718.52 259.34 719.144 259.34C719.784 259.34 720.33 259.488 720.782 259.784C721.234 260.076 721.576 260.496 721.808 261.044C722.04 261.592 722.146 262.246 722.126 263.006H721.226V262.694C721.21 261.854 721.028 261.22 720.68 260.792C720.336 260.364 719.832 260.15 719.168 260.15C718.472 260.15 717.938 260.376 717.566 260.828C717.198 261.28 717.014 261.924 717.014 262.76C717.014 263.576 717.198 264.21 717.566 264.662C717.938 265.11 718.464 265.334 719.144 265.334C719.608 265.334 720.012 265.228 720.356 265.016C720.704 264.8 720.978 264.49 721.178 264.086L722 264.404C721.744 264.968 721.366 265.406 720.866 265.718C720.37 266.026 719.808 266.18 719.18 266.18ZM716.702 263.006V262.268H721.652V263.006H716.702ZM724.652 266L724.658 259.52H725.546V262.64L728.438 259.52H729.614L726.578 262.76L730.01 266H728.726L725.546 262.88V266H724.652ZM734.382 266.18C733.73 266.18 733.178 266.034 732.726 265.742C732.274 265.45 731.93 265.048 731.694 264.536C731.462 264.02 731.342 263.428 731.334 262.76C731.342 262.08 731.466 261.484 731.706 260.972C731.946 260.456 732.292 260.056 732.744 259.772C733.196 259.484 733.744 259.34 734.388 259.34C735.044 259.34 735.614 259.5 736.098 259.82C736.586 260.14 736.92 260.578 737.1 261.134L736.236 261.41C736.084 261.022 735.842 260.722 735.51 260.51C735.182 260.294 734.806 260.186 734.382 260.186C733.906 260.186 733.512 260.296 733.2 260.516C732.888 260.732 732.656 261.034 732.504 261.422C732.352 261.81 732.274 262.256 732.27 262.76C732.278 263.536 732.458 264.16 732.81 264.632C733.162 265.1 733.686 265.334 734.382 265.334C734.822 265.334 735.196 265.234 735.504 265.034C735.816 264.83 736.052 264.534 736.212 264.146L737.1 264.41C736.86 264.986 736.508 265.426 736.044 265.73C735.58 266.03 735.026 266.18 734.382 266.18ZM741.132 266V260.336H738.834V259.52H744.312V260.336H742.014V266H741.132ZM749.779 267.44V265.244C750.147 265.244 750.411 265.126 750.571 264.89C750.731 264.65 750.861 264.268 750.961 263.744C751.029 263.404 751.085 263.038 751.129 262.646C751.173 262.254 751.211 261.806 751.243 261.302C751.275 260.794 751.305 260.2 751.333 259.52H755.617V265.244H756.241V267.44H755.389V266H750.625V267.44H749.779ZM751.273 265.244H754.741V260.276H752.149C752.137 260.58 752.119 260.902 752.095 261.242C752.075 261.582 752.049 261.922 752.017 262.262C751.989 262.602 751.955 262.922 751.915 263.222C751.879 263.518 751.835 263.778 751.783 264.002C751.723 264.29 751.657 264.536 751.585 264.74C751.517 264.944 751.413 265.112 751.273 265.244ZM758.042 266V265.226C758.282 265.27 758.464 265.26 758.588 265.196C758.716 265.128 758.81 265.016 758.87 264.86C758.93 264.7 758.98 264.502 759.02 264.266C759.084 263.874 759.142 263.442 759.194 262.97C759.246 262.498 759.292 261.978 759.332 261.41C759.376 260.838 759.42 260.208 759.464 259.52H763.868V266H762.992V260.366H760.28C760.252 260.79 760.22 261.212 760.184 261.632C760.148 262.052 760.11 262.456 760.07 262.844C760.034 263.228 759.994 263.582 759.95 263.906C759.906 264.23 759.86 264.51 759.812 264.746C759.74 265.102 759.644 265.386 759.524 265.598C759.408 265.81 759.234 265.95 759.002 266.018C758.77 266.086 758.45 266.08 758.042 266ZM770.807 266V263.558H769.295C769.119 263.558 768.937 263.552 768.749 263.54C768.565 263.524 768.393 263.502 768.233 263.474C767.777 263.386 767.389 263.186 767.069 262.874C766.753 262.558 766.595 262.122 766.595 261.566C766.595 261.022 766.743 260.586 767.039 260.258C767.335 259.926 767.693 259.71 768.113 259.61C768.305 259.566 768.499 259.54 768.695 259.532C768.895 259.524 769.067 259.52 769.211 259.52H771.689L771.695 266H770.807ZM766.385 266L768.191 263.282H769.169L767.351 266H766.385ZM769.247 262.802H770.807V260.276H769.247C769.151 260.276 769.017 260.28 768.845 260.288C768.673 260.296 768.511 260.322 768.359 260.366C768.227 260.406 768.095 260.476 767.963 260.576C767.835 260.672 767.727 260.802 767.639 260.966C767.551 261.126 767.507 261.322 767.507 261.554C767.507 261.878 767.595 262.138 767.771 262.334C767.951 262.526 768.175 262.658 768.443 262.73C768.587 262.762 768.731 262.782 768.875 262.79C769.019 262.798 769.143 262.802 769.247 262.802ZM778.174 266V259.52H780.844C780.98 259.52 781.144 259.528 781.336 259.544C781.532 259.56 781.714 259.59 781.882 259.634C782.246 259.73 782.538 259.926 782.758 260.222C782.982 260.518 783.094 260.874 783.094 261.29C783.094 261.522 783.058 261.73 782.986 261.914C782.918 262.094 782.82 262.25 782.692 262.382C782.632 262.45 782.566 262.51 782.494 262.562C782.422 262.61 782.352 262.65 782.284 262.682C782.412 262.706 782.55 262.762 782.698 262.85C782.93 262.986 783.106 263.17 783.226 263.402C783.346 263.63 783.406 263.908 783.406 264.236C783.406 264.68 783.3 265.042 783.088 265.322C782.876 265.602 782.592 265.794 782.236 265.898C782.076 265.942 781.902 265.97 781.714 265.982C781.53 265.994 781.356 266 781.192 266H778.174ZM779.062 265.25H781.15C781.234 265.25 781.34 265.244 781.468 265.232C781.596 265.216 781.71 265.196 781.81 265.172C782.046 265.112 782.218 264.992 782.326 264.812C782.438 264.628 782.494 264.428 782.494 264.212C782.494 263.928 782.41 263.696 782.242 263.516C782.078 263.332 781.858 263.22 781.582 263.18C781.49 263.16 781.394 263.148 781.294 263.144C781.194 263.14 781.104 263.138 781.024 263.138H779.062V265.25ZM779.062 262.382H780.874C780.978 262.382 781.094 262.376 781.222 262.364C781.354 262.348 781.468 262.322 781.564 262.286C781.772 262.214 781.924 262.09 782.02 261.914C782.12 261.738 782.17 261.546 782.17 261.338C782.17 261.11 782.116 260.91 782.008 260.738C781.904 260.566 781.746 260.446 781.534 260.378C781.39 260.326 781.234 260.296 781.066 260.288C780.902 260.28 780.798 260.276 780.754 260.276H779.062V262.382ZM785.808 266L785.796 259.52H786.684V261.962H787.812C788 261.962 788.184 261.966 788.364 261.974C788.544 261.982 788.706 261.998 788.85 262.022C789.17 262.086 789.454 262.194 789.702 262.346C789.95 262.498 790.146 262.708 790.29 262.976C790.434 263.24 790.506 263.574 790.506 263.978C790.506 264.534 790.362 264.972 790.074 265.292C789.786 265.612 789.424 265.82 788.988 265.916C788.824 265.952 788.646 265.976 788.454 265.988C788.262 265.996 788.074 266 787.89 266H785.808ZM786.684 265.244H787.854C787.986 265.244 788.136 265.24 788.304 265.232C788.472 265.224 788.62 265.202 788.748 265.166C788.964 265.106 789.158 264.986 789.33 264.806C789.506 264.622 789.594 264.346 789.594 263.978C789.594 263.614 789.51 263.34 789.342 263.156C789.174 262.968 788.95 262.844 788.67 262.784C788.542 262.756 788.406 262.738 788.262 262.73C788.122 262.722 787.986 262.718 787.854 262.718H786.684V265.244ZM791.28 266V259.52H792.162V266H791.28ZM797.639 266.186C797.035 266.182 796.517 266.05 796.085 265.79C795.653 265.53 795.317 265.142 795.077 264.626C794.841 264.11 794.713 263.466 794.693 262.694C794.681 262.354 794.689 261.984 794.717 261.584C794.745 261.18 794.789 260.796 794.849 260.432C794.909 260.068 794.981 259.772 795.065 259.544C795.169 259.248 795.317 258.972 795.509 258.716C795.705 258.456 795.931 258.244 796.187 258.08C796.435 257.912 796.715 257.782 797.027 257.69C797.343 257.594 797.671 257.52 798.011 257.468C798.355 257.416 798.695 257.37 799.031 257.33C799.371 257.29 799.685 257.24 799.973 257.18L800.069 257.978C799.849 258.022 799.589 258.062 799.289 258.098C798.989 258.134 798.675 258.178 798.347 258.23C798.019 258.278 797.705 258.344 797.405 258.428C797.105 258.512 796.849 258.622 796.637 258.758C796.313 258.954 796.063 259.25 795.887 259.646C795.715 260.042 795.609 260.496 795.569 261.008C795.817 260.62 796.145 260.328 796.553 260.132C796.965 259.936 797.411 259.838 797.891 259.838C798.475 259.838 798.977 259.972 799.397 260.24C799.821 260.508 800.147 260.88 800.375 261.356C800.603 261.832 800.717 262.378 800.717 262.994C800.717 263.638 800.591 264.2 800.339 264.68C800.091 265.16 799.737 265.532 799.277 265.796C798.817 266.056 798.271 266.186 797.639 266.186ZM797.705 265.34C798.385 265.34 798.901 265.128 799.253 264.704C799.609 264.28 799.787 263.716 799.787 263.012C799.787 262.292 799.603 261.724 799.235 261.308C798.871 260.892 798.357 260.684 797.693 260.684C797.029 260.684 796.519 260.892 796.163 261.308C795.807 261.724 795.629 262.292 795.629 263.012C795.629 263.732 795.807 264.3 796.163 264.716C796.519 265.132 797.033 265.34 797.705 265.34ZM806.147 266.18C805.551 266.18 805.047 266.03 804.635 265.73C804.223 265.426 803.911 265.016 803.699 264.5C803.487 263.98 803.381 263.398 803.381 262.754C803.381 262.098 803.487 261.514 803.699 261.002C803.915 260.486 804.231 260.08 804.647 259.784C805.063 259.488 805.575 259.34 806.183 259.34C806.775 259.34 807.283 259.49 807.707 259.79C808.131 260.09 808.455 260.498 808.679 261.014C808.907 261.53 809.021 262.11 809.021 262.754C809.021 263.402 808.907 263.984 808.679 264.5C808.451 265.016 808.123 265.426 807.695 265.73C807.267 266.03 806.751 266.18 806.147 266.18ZM803.231 268.88V259.52H804.023V264.398H804.119V268.88H803.231ZM806.057 265.358C806.509 265.358 806.885 265.244 807.185 265.016C807.485 264.788 807.709 264.478 807.857 264.086C808.009 263.69 808.085 263.246 808.085 262.754C808.085 262.266 808.011 261.826 807.863 261.434C807.715 261.042 807.489 260.732 807.185 260.504C806.885 260.276 806.503 260.162 806.039 260.162C805.587 260.162 805.211 260.272 804.911 260.492C804.615 260.712 804.393 261.018 804.245 261.41C804.097 261.798 804.023 262.246 804.023 262.754C804.023 263.254 804.097 263.702 804.245 264.098C804.393 264.49 804.617 264.798 804.917 265.022C805.217 265.246 805.597 265.358 806.057 265.358ZM813.392 266.18C812.904 266.18 812.494 266.092 812.162 265.916C811.834 265.74 811.588 265.506 811.424 265.214C811.26 264.922 811.178 264.604 811.178 264.26C811.178 263.908 811.248 263.608 811.388 263.36C811.532 263.108 811.726 262.902 811.97 262.742C812.218 262.582 812.504 262.46 812.828 262.376C813.156 262.296 813.518 262.226 813.914 262.166C814.314 262.102 814.704 262.048 815.084 262.004C815.468 261.956 815.804 261.91 816.092 261.866L815.78 262.058C815.792 261.418 815.668 260.944 815.408 260.636C815.148 260.328 814.696 260.174 814.052 260.174C813.608 260.174 813.232 260.274 812.924 260.474C812.62 260.674 812.406 260.99 812.282 261.422L811.424 261.17C811.572 260.59 811.87 260.14 812.318 259.82C812.766 259.5 813.348 259.34 814.064 259.34C814.656 259.34 815.158 259.452 815.57 259.676C815.986 259.896 816.28 260.216 816.452 260.636C816.532 260.824 816.584 261.034 816.608 261.266C816.632 261.498 816.644 261.734 816.644 261.974V266H815.858V264.374L816.086 264.47C815.866 265.026 815.524 265.45 815.06 265.742C814.596 266.034 814.04 266.18 813.392 266.18ZM813.494 265.418C813.906 265.418 814.266 265.344 814.574 265.196C814.882 265.048 815.13 264.846 815.318 264.59C815.506 264.33 815.628 264.038 815.684 263.714C815.732 263.506 815.758 263.278 815.762 263.03C815.766 262.778 815.768 262.59 815.768 262.466L816.104 262.64C815.804 262.68 815.478 262.72 815.126 262.76C814.778 262.8 814.434 262.846 814.094 262.898C813.758 262.95 813.454 263.012 813.182 263.084C812.998 263.136 812.82 263.21 812.648 263.306C812.476 263.398 812.334 263.522 812.222 263.678C812.114 263.834 812.06 264.028 812.06 264.26C812.06 264.448 812.106 264.63 812.198 264.806C812.294 264.982 812.446 265.128 812.654 265.244C812.866 265.36 813.146 265.418 813.494 265.418ZM819.4 266V259.52H820.282V262.334H823.936V259.52H824.818V266H823.936V263.18H820.282V266H819.4ZM827.69 266V259.52H828.572V262.334H832.226V259.52H833.108V266H832.226V263.18H828.572V266H827.69ZM835.992 266L835.98 259.52H836.868V261.962H837.996C838.184 261.962 838.368 261.966 838.548 261.974C838.728 261.982 838.89 261.998 839.034 262.022C839.354 262.086 839.638 262.194 839.886 262.346C840.134 262.498 840.33 262.708 840.474 262.976C840.618 263.24 840.69 263.574 840.69 263.978C840.69 264.534 840.546 264.972 840.258 265.292C839.97 265.612 839.608 265.82 839.172 265.916C839.008 265.952 838.83 265.976 838.638 265.988C838.446 265.996 838.258 266 838.074 266H835.992ZM836.868 265.244H838.038C838.17 265.244 838.32 265.24 838.488 265.232C838.656 265.224 838.804 265.202 838.932 265.166C839.148 265.106 839.342 264.986 839.514 264.806C839.69 264.622 839.778 264.346 839.778 263.978C839.778 263.614 839.694 263.34 839.526 263.156C839.358 262.968 839.134 262.844 838.854 262.784C838.726 262.756 838.59 262.738 838.446 262.73C838.306 262.722 838.17 262.718 838.038 262.718H836.868V265.244ZM841.464 266V259.52H842.346V266H841.464ZM844.505 266L847.037 262.724L844.559 259.52H845.615L847.553 262.046L849.473 259.52H850.529L848.051 262.724L850.589 266H849.527L847.553 263.402L845.567 266H844.505ZM856.35 266V259.52H861.504V266H860.622V260.366H857.232V266H856.35ZM865.312 268.88L866.566 265.478L866.584 266.486L863.746 259.52H864.682L867.01 265.346H866.626L868.774 259.52H869.674L866.194 268.88H865.312ZM874.514 266.186C873.91 266.182 873.392 266.05 872.96 265.79C872.528 265.53 872.192 265.142 871.952 264.626C871.716 264.11 871.588 263.466 871.568 262.694C871.556 262.354 871.564 261.984 871.592 261.584C871.62 261.18 871.664 260.796 871.724 260.432C871.784 260.068 871.856 259.772 871.94 259.544C872.044 259.248 872.192 258.972 872.384 258.716C872.58 258.456 872.806 258.244 873.062 258.08C873.31 257.912 873.59 257.782 873.902 257.69C874.218 257.594 874.546 257.52 874.886 257.468C875.23 257.416 875.57 257.37 875.906 257.33C876.246 257.29 876.56 257.24 876.848 257.18L876.944 257.978C876.724 258.022 876.464 258.062 876.164 258.098C875.864 258.134 875.55 258.178 875.222 258.23C874.894 258.278 874.58 258.344 874.28 258.428C873.98 258.512 873.724 258.622 873.512 258.758C873.188 258.954 872.938 259.25 872.762 259.646C872.59 260.042 872.484 260.496 872.444 261.008C872.692 260.62 873.02 260.328 873.428 260.132C873.84 259.936 874.286 259.838 874.766 259.838C875.35 259.838 875.852 259.972 876.272 260.24C876.696 260.508 877.022 260.88 877.25 261.356C877.478 261.832 877.592 262.378 877.592 262.994C877.592 263.638 877.466 264.2 877.214 264.68C876.966 265.16 876.612 265.532 876.152 265.796C875.692 266.056 875.146 266.186 874.514 266.186ZM874.58 265.34C875.26 265.34 875.776 265.128 876.128 264.704C876.484 264.28 876.662 263.716 876.662 263.012C876.662 262.292 876.478 261.724 876.11 261.308C875.746 260.892 875.232 260.684 874.568 260.684C873.904 260.684 873.394 260.892 873.038 261.308C872.682 261.724 872.504 262.292 872.504 263.012C872.504 263.732 872.682 264.3 873.038 264.716C873.394 265.132 873.908 265.34 874.58 265.34ZM879.512 266V265.226C879.752 265.27 879.934 265.26 880.058 265.196C880.186 265.128 880.28 265.016 880.34 264.86C880.4 264.7 880.45 264.502 880.49 264.266C880.554 263.874 880.612 263.442 880.664 262.97C880.716 262.498 880.762 261.978 880.802 261.41C880.846 260.838 880.89 260.208 880.934 259.52H885.338V266H884.462V260.366H881.75C881.722 260.79 881.69 261.212 881.654 261.632C881.618 262.052 881.58 262.456 881.54 262.844C881.504 263.228 881.464 263.582 881.42 263.906C881.376 264.23 881.33 264.51 881.282 264.746C881.21 265.102 881.114 265.386 880.994 265.598C880.878 265.81 880.704 265.95 880.472 266.018C880.24 266.086 879.92 266.08 879.512 266ZM893.362 259.52V266H892.504V260.954L888.952 266H888.208V259.52H889.066V264.524L892.624 259.52H893.362ZM896.24 266L896.246 259.52H897.134V262.64L900.026 259.52H901.202L898.166 262.76L901.598 266H900.314L897.134 262.88V266H896.24ZM905.253 266.18C904.765 266.18 904.355 266.092 904.023 265.916C903.695 265.74 903.449 265.506 903.285 265.214C903.121 264.922 903.039 264.604 903.039 264.26C903.039 263.908 903.109 263.608 903.249 263.36C903.393 263.108 903.587 262.902 903.831 262.742C904.079 262.582 904.365 262.46 904.689 262.376C905.017 262.296 905.379 262.226 905.775 262.166C906.175 262.102 906.565 262.048 906.945 262.004C907.329 261.956 907.665 261.91 907.953 261.866L907.641 262.058C907.653 261.418 907.529 260.944 907.269 260.636C907.009 260.328 906.557 260.174 905.913 260.174C905.469 260.174 905.093 260.274 904.785 260.474C904.481 260.674 904.267 260.99 904.143 261.422L903.285 261.17C903.433 260.59 903.731 260.14 904.179 259.82C904.627 259.5 905.209 259.34 905.925 259.34C906.517 259.34 907.019 259.452 907.431 259.676C907.847 259.896 908.141 260.216 908.313 260.636C908.393 260.824 908.445 261.034 908.469 261.266C908.493 261.498 908.505 261.734 908.505 261.974V266H907.719V264.374L907.947 264.47C907.727 265.026 907.385 265.45 906.921 265.742C906.457 266.034 905.901 266.18 905.253 266.18ZM905.355 265.418C905.767 265.418 906.127 265.344 906.435 265.196C906.743 265.048 906.991 264.846 907.179 264.59C907.367 264.33 907.489 264.038 907.545 263.714C907.593 263.506 907.619 263.278 907.623 263.03C907.627 262.778 907.629 262.59 907.629 262.466L907.965 262.64C907.665 262.68 907.339 262.72 906.987 262.76C906.639 262.8 906.295 262.846 905.955 262.898C905.619 262.95 905.315 263.012 905.043 263.084C904.859 263.136 904.681 263.21 904.509 263.306C904.337 263.398 904.195 263.522 904.083 263.678C903.975 263.834 903.921 264.028 903.921 264.26C903.921 264.448 903.967 264.63 904.059 264.806C904.155 264.982 904.307 265.128 904.515 265.244C904.727 265.36 905.007 265.418 905.355 265.418ZM916.835 267.122V266H911.261V259.52H912.143V265.154H915.533V259.52H916.415V265.184H917.717V267.122H916.835ZM925.022 259.52V266H924.164V260.954L920.612 266H919.868V259.52H920.726V264.524L924.284 259.52H925.022ZM930.594 258.752C930.31 258.752 930.05 258.682 929.814 258.542C929.578 258.402 929.39 258.216 929.25 257.984C929.114 257.748 929.046 257.488 929.046 257.204H929.778C929.778 257.428 929.858 257.62 930.018 257.78C930.178 257.94 930.37 258.02 930.594 258.02C930.822 258.02 931.014 257.94 931.17 257.78C931.33 257.62 931.41 257.428 931.41 257.204H932.142C932.142 257.488 932.072 257.748 931.932 257.984C931.796 258.216 931.61 258.402 931.374 258.542C931.138 258.682 930.878 258.752 930.594 258.752ZM933.054 259.52V266H932.196V260.954L928.644 266H927.9V259.52H928.758V264.524L932.316 259.52H933.054Z" fill="#707070"/>
<rect x="581.25" y="309.25" width="530.5" height="41.5" rx="20.75" stroke="#434343" stroke-width="0.5"/>
<path d="M753.512 334.256V331.868H751.244V330.8H753.512V328.412H754.688V330.8H756.956V331.868H754.688V334.256H753.512ZM767.447 333.872H768.107C768.267 333.656 768.411 333.404 768.539 333.116C768.667 332.828 768.775 332.488 768.863 332.096C768.959 331.696 769.031 331.244 769.079 330.74C769.127 330.236 769.151 329.66 769.151 329.012V326.624H773.339V333.872H774.239V336.8H773.003V335H768.695V336.8H767.447V333.872ZM772.019 327.752H770.387V329.168C770.387 330.4 770.307 331.392 770.147 332.144C769.995 332.888 769.791 333.464 769.535 333.872H772.019V327.752ZM779.286 335.144C778.758 335.144 778.298 335.048 777.906 334.856C777.522 334.656 777.202 334.372 776.946 334.004C776.698 333.636 776.514 333.184 776.394 332.648C776.274 332.112 776.214 331.5 776.214 330.812C776.214 330.132 776.274 329.524 776.394 328.988C776.514 328.444 776.698 327.988 776.946 327.62C777.202 327.252 777.522 326.972 777.906 326.78C778.298 326.58 778.758 326.48 779.286 326.48C779.814 326.48 780.27 326.58 780.654 326.78C781.046 326.972 781.366 327.252 781.614 327.62C781.87 327.988 782.058 328.444 782.178 328.988C782.298 329.524 782.358 330.132 782.358 330.812C782.358 331.5 782.298 332.112 782.178 332.648C782.058 333.184 781.87 333.636 781.614 334.004C781.366 334.372 781.046 334.656 780.654 334.856C780.27 335.048 779.814 335.144 779.286 335.144ZM779.286 334.028C779.886 334.028 780.31 333.804 780.558 333.356C780.806 332.9 780.93 332.284 780.93 331.508V330.104C780.93 329.336 780.806 328.728 780.558 328.28C780.31 327.824 779.886 327.596 779.286 327.596C778.686 327.596 778.262 327.824 778.014 328.28C777.766 328.728 777.642 329.336 777.642 330.104V331.52C777.642 332.288 777.766 332.9 778.014 333.356C778.262 333.804 778.686 334.028 779.286 334.028ZM785.005 326.624H789.913V327.752H786.349V329.96H788.197C788.965 329.96 789.561 330.18 789.985 330.62C790.417 331.06 790.633 331.68 790.633 332.48C790.633 333.28 790.417 333.9 789.985 334.34C789.561 334.78 788.965 335 788.197 335H785.005V326.624ZM788.041 333.896C788.409 333.896 788.697 333.804 788.905 333.62C789.113 333.428 789.217 333.14 789.217 332.756V332.204C789.217 331.82 789.113 331.536 788.905 331.352C788.697 331.16 788.409 331.064 788.041 331.064H786.349V333.896H788.041ZM798.021 335L797.385 332.768H794.721L794.085 335H792.717L795.165 326.624H797.001L799.449 335H798.021ZM796.101 327.98H796.005L794.973 331.652H797.133L796.101 327.98ZM801.868 326.624H804.76C805.52 326.624 806.108 326.82 806.524 327.212C806.948 327.604 807.16 328.14 807.16 328.82C807.16 329.308 807.04 329.696 806.8 329.984C806.56 330.272 806.236 330.476 805.828 330.596V330.656C806.316 330.768 806.708 330.984 807.004 331.304C807.3 331.616 807.448 332.06 807.448 332.636C807.448 332.98 807.392 333.296 807.28 333.584C807.168 333.872 807.008 334.124 806.8 334.34C806.592 334.548 806.34 334.712 806.044 334.832C805.756 334.944 805.436 335 805.084 335H801.868V326.624ZM804.676 333.968C805.124 333.968 805.468 333.876 805.708 333.692C805.948 333.508 806.068 333.212 806.068 332.804V332.372C806.068 331.964 805.948 331.668 805.708 331.484C805.468 331.3 805.124 331.208 804.676 331.208H803.188V333.968H804.676ZM804.484 330.224C804.908 330.224 805.228 330.144 805.444 329.984C805.668 329.816 805.78 329.54 805.78 329.156V328.724C805.78 328.34 805.668 328.068 805.444 327.908C805.228 327.74 804.908 327.656 804.484 327.656H803.188V330.224H804.484ZM810.095 326.624H811.415V330.368L811.247 332.732H811.331L814.367 326.624H815.639V335H814.319V331.256L814.487 328.892H814.403L811.367 335H810.095V326.624ZM821.934 327.752V335H820.59V327.752H817.962V326.624H824.562V327.752H821.934ZM827.042 326.624H828.386V329.84H830.234C831.002 329.84 831.598 330.064 832.022 330.512C832.454 330.96 832.67 331.596 832.67 332.42C832.67 333.236 832.454 333.872 832.022 334.328C831.598 334.776 831.002 335 830.234 335H827.042V326.624ZM830.078 333.896C830.446 333.896 830.734 333.804 830.942 333.62C831.15 333.428 831.254 333.14 831.254 332.756V332.084C831.254 331.7 831.15 331.416 830.942 331.232C830.734 331.04 830.446 330.944 830.078 330.944H828.386V333.896H830.078ZM843.88 335V326.624H849.124V327.752H845.224V330.188H848.98V331.316H845.224V333.872H849.124V335H843.88ZM857.28 335H851.712V326.624H852.9V333.92H854.04V326.624H855.228V333.92H856.368V326.624H857.556V333.92H858.36V336.8H857.28V335ZM860.671 335V326.624H865.915V327.752H862.015V330.188H865.771V331.316H862.015V333.872H865.915V335H860.671ZM862.087 325.676C861.791 325.676 861.583 325.616 861.463 325.496C861.343 325.376 861.283 325.224 861.283 325.04V324.812C861.283 324.628 861.343 324.476 861.463 324.356C861.583 324.236 861.791 324.176 862.087 324.176C862.383 324.176 862.591 324.236 862.711 324.356C862.831 324.476 862.891 324.628 862.891 324.812V325.04C862.891 325.224 862.831 325.376 862.711 325.496C862.591 325.616 862.383 325.676 862.087 325.676ZM864.487 325.676C864.191 325.676 863.983 325.616 863.863 325.496C863.743 325.376 863.683 325.224 863.683 325.04V324.812C863.683 324.628 863.743 324.476 863.863 324.356C863.983 324.236 864.191 324.176 864.487 324.176C864.783 324.176 864.991 324.236 865.111 324.356C865.231 324.476 865.291 324.628 865.291 324.812V325.04C865.291 325.224 865.231 325.376 865.111 325.496C864.991 325.616 864.783 325.676 864.487 325.676ZM880.03 335.144C879.502 335.144 879.042 335.048 878.65 334.856C878.266 334.656 877.946 334.372 877.69 334.004C877.442 333.636 877.258 333.184 877.138 332.648C877.018 332.112 876.958 331.5 876.958 330.812C876.958 330.132 877.018 329.524 877.138 328.988C877.258 328.444 877.442 327.988 877.69 327.62C877.946 327.252 878.266 326.972 878.65 326.78C879.042 326.58 879.502 326.48 880.03 326.48C880.558 326.48 881.014 326.58 881.398 326.78C881.79 326.972 882.11 327.252 882.358 327.62C882.614 327.988 882.802 328.444 882.922 328.988C883.042 329.524 883.102 330.132 883.102 330.812C883.102 331.5 883.042 332.112 882.922 332.648C882.802 333.184 882.614 333.636 882.358 334.004C882.11 334.372 881.79 334.656 881.398 334.856C881.014 335.048 880.558 335.144 880.03 335.144ZM880.03 334.028C880.63 334.028 881.054 333.804 881.302 333.356C881.55 332.9 881.674 332.284 881.674 331.508V330.104C881.674 329.336 881.55 328.728 881.302 328.28C881.054 327.824 880.63 327.596 880.03 327.596C879.43 327.596 879.006 327.824 878.758 328.28C878.51 328.728 878.386 329.336 878.386 330.104V331.52C878.386 332.288 878.51 332.9 878.758 333.356C879.006 333.804 879.43 334.028 880.03 334.028ZM885.713 326.624H891.137V335H889.793V327.752H887.057V335H885.713V326.624ZM894.048 326.624H895.368V330.368L895.2 332.732H895.284L898.32 326.624H899.592V335H898.272V331.256L898.44 328.892H898.356L895.32 335H894.048V326.624ZM905.456 335.144C904.392 335.144 903.6 334.768 903.08 334.016C902.568 333.264 902.312 332.196 902.312 330.812C902.312 329.428 902.568 328.36 903.08 327.608C903.6 326.856 904.392 326.48 905.456 326.48C905.864 326.48 906.216 326.536 906.512 326.648C906.816 326.752 907.076 326.9 907.292 327.092C907.508 327.276 907.688 327.496 907.832 327.752C907.984 328 908.108 328.268 908.204 328.556L906.992 328.964C906.928 328.772 906.856 328.592 906.776 328.424C906.696 328.256 906.596 328.112 906.476 327.992C906.356 327.872 906.212 327.776 906.044 327.704C905.884 327.632 905.684 327.596 905.444 327.596C904.852 327.596 904.42 327.824 904.148 328.28C903.876 328.728 903.74 329.336 903.74 330.104V331.52C903.74 332.288 903.876 332.9 904.148 333.356C904.42 333.804 904.852 334.028 905.444 334.028C905.684 334.028 905.884 333.992 906.044 333.92C906.212 333.848 906.356 333.752 906.476 333.632C906.596 333.512 906.696 333.368 906.776 333.2C906.856 333.032 906.928 332.852 906.992 332.66L908.204 333.068C908.108 333.356 907.984 333.628 907.832 333.884C907.688 334.132 907.508 334.352 907.292 334.544C907.076 334.728 906.816 334.876 906.512 334.988C906.216 335.092 905.864 335.144 905.456 335.144ZM915.555 335L914.919 332.768H912.255L911.619 335H910.251L912.699 326.624H914.535L916.983 335H915.555ZM913.635 327.98H913.539L912.507 331.652H914.667L913.635 327.98ZM923.398 331.316H920.614V335H919.27V326.624H920.614V330.188H923.398V326.624H924.742V335H923.398V331.316ZM927.63 326.624H928.95V330.368L928.782 332.732H928.866L931.902 326.624H933.174V335H931.854V331.256L932.022 328.892H931.938L928.902 335H927.63V326.624ZM936.229 335V326.624H941.473V327.752H937.573V330.188H941.329V331.316H937.573V333.872H941.473V335H936.229Z" fill="#434343"/>
<rect x="1123" y="15" width="4" height="876" rx="2" fill="#313131" fill-opacity="0.3"/>
<rect x="1123" y="15" width="4" height="770.003" rx="2" fill="#313131"/>
<defs>
<filter id="filter0_ii_5194_3492" x="19.6" y="52.4" width="37" height="19.4" filterUnits="userSpaceOnUse" color-interpolation-filters="sRGB">
<feFlood flood-opacity="0" result="BackgroundImageFix"/>
<feBlend mode="normal" in="SourceGraphic" in2="BackgroundImageFix" result="shape"/>
<feColorMatrix in="SourceAlpha" type="matrix" values="0 0 0 0 0 0 0 0 0 0 0 0 0 0 0 0 0 0 127 0" result="hardAlpha"/>
<feOffset dx="-0.4" dy="-0.6"/>
<feGaussianBlur stdDeviation="0.5"/>
<feComposite in2="hardAlpha" operator="arithmetic" k2="-1" k3="1"/>
<feColorMatrix type="matrix" values="0 0 0 0 0.523438 0 0 0 0 0.523438 0 0 0 0 0.523438 0 0 0 0.8 0"/>
<feBlend mode="normal" in2="shape" result="effect1_innerShadow_5194_3492"/>
<feColorMatrix in="SourceAlpha" type="matrix" values="0 0 0 0 0 0 0 0 0 0 0 0 0 0 0 0 0 0 127 0" result="hardAlpha"/>
<feOffset dx="0.6" dy="0.8"/>
<feGaussianBlur stdDeviation="0.6"/>
<feComposite in2="hardAlpha" operator="arithmetic" k2="-1" k3="1"/>
<feColorMatrix type="matrix" values="0 0 0 0 0.0431373 0 0 0 0 0.0470588 0 0 0 0 0.0627451 0 0 0 1 0"/>
<feBlend mode="normal" in2="effect1_innerShadow_5194_3492" result="effect2_innerShadow_5194_3492"/>
</filter>
<filter id="filter1_i_5194_3492" x="25" y="57.2" width="26" height="8.8" filterUnits="userSpaceOnUse" color-interpolation-filters="sRGB">
<feFlood flood-opacity="0" result="BackgroundImageFix"/>
<feBlend mode="normal" in="SourceGraphic" in2="BackgroundImageFix" result="shape"/>
<feColorMatrix in="SourceAlpha" type="matrix" values="0 0 0 0 0 0 0 0 0 0 0 0 0 0 0 0 0 0 127 0" result="hardAlpha"/>
<feOffset dy="-0.8"/>
<feGaussianBlur stdDeviation="0.4"/>
<feComposite in2="hardAlpha" operator="arithmetic" k2="-1" k3="1"/>
<feColorMatrix type="matrix" values="0 0 0 0 0.0235294 0 0 0 0 0.0196078 0 0 0 0 0.0392157 0 0 0 1 0"/>
<feBlend mode="normal" in2="shape" result="effect1_innerShadow_5194_3492"/>
</filter>
<filter id="filter2_i_5194_3492" x="22" y="55" width="23" height="14.6" filterUnits="userSpaceOnUse" color-interpolation-filters="sRGB">
<feFlood flood-opacity="0" result="BackgroundImageFix"/>
<feBlend mode="normal" in="SourceGraphic" in2="BackgroundImageFix" result="shape"/>
<feColorMatrix in="SourceAlpha" type="matrix" values="0 0 0 0 0 0 0 0 0 0 0 0 0 0 0 0 0 0 127 0" result="hardAlpha"/>
<feOffset dy="0.6"/>
<feGaussianBlur stdDeviation="0.4"/>
<feComposite in2="hardAlpha" operator="arithmetic" k2="-1" k3="1"/>
<feColorMatrix type="matrix" values="0 0 0 0 0.192157 0 0 0 0 0.207843 0 0 0 0 0.254902 0 0 0 0.6 0"/>
<feBlend mode="normal" in2="shape" result="effect1_innerShadow_5194_3492"/>
</filter>
<filter id="filter3_ii_5194_3492" x="580.6" y="52.4" width="37" height="19.4" filterUnits="userSpaceOnUse" color-interpolation-filters="sRGB">
<feFlood flood-opacity="0" result="BackgroundImageFix"/>
<feBlend mode="normal" in="SourceGraphic" in2="BackgroundImageFix" result="shape"/>
<feColorMatrix in="SourceAlpha" type="matrix" values="0 0 0 0 0 0 0 0 0 0 0 0 0 0 0 0 0 0 127 0" result="hardAlpha"/>
<feOffset dx="-0.4" dy="-0.6"/>
<feGaussianBlur stdDeviation="0.5"/>
<feComposite in2="hardAlpha" operator="arithmetic" k2="-1" k3="1"/>
<feColorMatrix type="matrix" values="0 0 0 0 0.523438 0 0 0 0 0.523438 0 0 0 0 0.523438 0 0 0 0.8 0"/>
<feBlend mode="normal" in2="shape" result="effect1_innerShadow_5194_3492"/>
<feColorMatrix in="SourceAlpha" type="matrix" values="0 0 0 0 0 0 0 0 0 0 0 0 0 0 0 0 0 0 127 0" result="hardAlpha"/>
<feOffset dx="0.6" dy="0.8"/>
<feGaussianBlur stdDeviation="0.6"/>
<feComposite in2="hardAlpha" operator="arithmetic" k2="-1" k3="1"/>
<feColorMatrix type="matrix" values="0 0 0 0 0.0431373 0 0 0 0 0.0470588 0 0 0 0 0.0627451 0 0 0 1 0"/>
<feBlend mode="normal" in2="effect1_innerShadow_5194_3492" result="effect2_innerShadow_5194_3492"/>
</filter>
<filter id="filter4_i_5194_3492" x="586" y="57.2" width="26" height="8.8" filterUnits="userSpaceOnUse" color-interpolation-filters="sRGB">
<feFlood flood-opacity="0" result="BackgroundImageFix"/>
<feBlend mode="normal" in="SourceGraphic" in2="BackgroundImageFix" result="shape"/>
<feColorMatrix in="SourceAlpha" type="matrix" values="0 0 0 0 0 0 0 0 0 0 0 0 0 0 0 0 0 0 127 0" result="hardAlpha"/>
<feOffset dy="-0.8"/>
<feGaussianBlur stdDeviation="0.4"/>
<feComposite in2="hardAlpha" operator="arithmetic" k2="-1" k3="1"/>
<feColorMatrix type="matrix" values="0 0 0 0 0.0235294 0 0 0 0 0.0196078 0 0 0 0 0.0392157 0 0 0 1 0"/>
<feBlend mode="normal" in2="shape" result="effect1_innerShadow_5194_3492"/>
</filter>
<filter id="filter5_i_5194_3492" x="583" y="55" width="23" height="14.6" filterUnits="userSpaceOnUse" color-interpolation-filters="sRGB">
<feFlood flood-opacity="0" result="BackgroundImageFix"/>
<feBlend mode="normal" in="SourceGraphic" in2="BackgroundImageFix" result="shape"/>
<feColorMatrix in="SourceAlpha" type="matrix" values="0 0 0 0 0 0 0 0 0 0 0 0 0 0 0 0 0 0 127 0" result="hardAlpha"/>
<feOffset dy="0.6"/>
<feGaussianBlur stdDeviation="0.4"/>
<feComposite in2="hardAlpha" operator="arithmetic" k2="-1" k3="1"/>
<feColorMatrix type="matrix" values="0 0 0 0 0.192157 0 0 0 0 0.207843 0 0 0 0 0.254902 0 0 0 0.6 0"/>
<feBlend mode="normal" in2="shape" result="effect1_innerShadow_5194_3492"/>
</filter>
<linearGradient id="paint0_linear_5194_3492" x1="24" y1="57.6248" x2="52.5812" y2="63.5912" gradientUnits="userSpaceOnUse">
<stop stop-color="#22222A"/>
<stop offset="1" stop-color="#2A2D34"/>
</linearGradient>
<radialGradient id="paint1_radial_5194_3492" cx="0" cy="0" r="1" gradientUnits="userSpaceOnUse" gradientTransform="translate(38 58) rotate(90) scale(8 15.8314)">
<stop offset="0.166446" stop-color="#3B3B3B"/>
<stop offset="0.902612" stop-color="#222222"/>
<stop offset="1" stop-color="#222222"/>
</radialGradient>
<radialGradient id="paint2_radial_5194_3492" cx="0" cy="0" r="1" gradientUnits="userSpaceOnUse" gradientTransform="translate(38 58) rotate(90) scale(5.27273 16.3597)">
<stop stop-color="#6D6D6D"/>
<stop offset="0.643872" stop-color="#6D6D6D" stop-opacity="0.2"/>
<stop offset="1" stop-color="#6D6D6D" stop-opacity="0"/>
</radialGradient>
<linearGradient id="paint3_linear_5194_3492" x1="33.5" y1="55" x2="33.5" y2="69" gradientUnits="userSpaceOnUse">
<stop stop-color="#9A9A9A"/>
<stop offset="1" stop-color="#242424"/>
</linearGradient>
<radialGradient id="paint4_radial_5194_3492" cx="0" cy="0" r="1" gradientTransform="matrix(0.659836 5.39189 -12.6428 1.55809 35.8566 63.6081)" gradientUnits="userSpaceOnUse">
<stop stop-color="#111217"/>
<stop offset="1" stop-color="#111217" stop-opacity="0"/>
</radialGradient>
<linearGradient id="paint5_linear_5194_3492" x1="23" y1="62" x2="33" y2="62" gradientUnits="userSpaceOnUse">
<stop stop-color="#2A2A2A"/>
<stop offset="1" stop-color="#3A3A3A"/>
</linearGradient>
<linearGradient id="paint6_linear_5194_3492" x1="25.0378" y1="68" x2="31.2061" y2="56.1267" gradientUnits="userSpaceOnUse">
<stop offset="0.581682" stop-color="#1A1A1A"/>
<stop offset="1" stop-color="#B2B2B2"/>
</linearGradient>
<linearGradient id="paint7_linear_5194_3492" x1="44" y1="62" x2="34" y2="62" gradientUnits="userSpaceOnUse">
<stop stop-color="#2C2C2C"/>
<stop offset="1" stop-color="#181818"/>
</linearGradient>
<linearGradient id="paint8_linear_5194_3492" x1="35.6885" y1="68" x2="42.5704" y2="56.1504" gradientUnits="userSpaceOnUse">
<stop stop-color="#171717"/>
<stop offset="1" stop-color="#515151"/>
</linearGradient>
<linearGradient id="paint9_linear_5194_3492" x1="66.3856" y1="158.338" x2="83.9404" y2="244.973" gradientUnits="userSpaceOnUse">
<stop stop-color="#707070"/>
<stop offset="0.322613" stop-color="#707070" stop-opacity="0"/>
<stop offset="0.724756" stop-color="#707070" stop-opacity="0"/>
<stop offset="1" stop-color="#707070"/>
</linearGradient>
<linearGradient id="paint10_linear_5194_3492" x1="115.468" y1="233.338" x2="124.262" y2="322.664" gradientUnits="userSpaceOnUse">
<stop stop-color="#707070"/>
<stop offset="0.322613" stop-color="#707070" stop-opacity="0"/>
<stop offset="0.724756" stop-color="#707070" stop-opacity="0"/>
<stop offset="1" stop-color="#707070"/>
</linearGradient>
<linearGradient id="paint11_linear_5194_3492" x1="115.468" y1="306.727" x2="127.397" y2="410.582" gradientUnits="userSpaceOnUse">
<stop stop-color="#707070"/>
<stop offset="0.322613" stop-color="#707070" stop-opacity="0"/>
<stop offset="0.724756" stop-color="#707070" stop-opacity="0"/>
<stop offset="1" stop-color="#707070"/>
</linearGradient>
<linearGradient id="paint12_linear_5194_3492" x1="554" y1="355" x2="554" y2="339" gradientUnits="userSpaceOnUse">
<stop stop-color="#333333"/>
<stop offset="1" stop-color="#191919"/>
</linearGradient>
<linearGradient id="paint13_linear_5194_3492" x1="538" y1="355" x2="538" y2="339" gradientUnits="userSpaceOnUse">
<stop stop-color="#333333"/>
<stop offset="1" stop-color="#191919"/>
</linearGradient>
<linearGradient id="paint14_linear_5194_3492" x1="115.468" y1="389.338" x2="124.262" y2="478.664" gradientUnits="userSpaceOnUse">
<stop stop-color="#707070"/>
<stop offset="0.322613" stop-color="#707070" stop-opacity="0"/>
<stop offset="0.724756" stop-color="#707070" stop-opacity="0"/>
<stop offset="1" stop-color="#707070"/>
</linearGradient>
<linearGradient id="paint15_linear_5194_3492" x1="66.3856" y1="542.338" x2="83.9404" y2="628.973" gradientUnits="userSpaceOnUse">
<stop stop-color="#707070"/>
<stop offset="0.322613" stop-color="#707070" stop-opacity="0"/>
<stop offset="0.724756" stop-color="#707070" stop-opacity="0"/>
<stop offset="1" stop-color="#707070"/>
</linearGradient>
<linearGradient id="paint16_linear_5194_3492" x1="115.468" y1="617.338" x2="124.262" y2="706.664" gradientUnits="userSpaceOnUse">
<stop stop-color="#707070"/>
<stop offset="0.322613" stop-color="#707070" stop-opacity="0"/>
<stop offset="0.724756" stop-color="#707070" stop-opacity="0"/>
<stop offset="1" stop-color="#707070"/>
</linearGradient>
<linearGradient id="paint17_linear_5194_3492" x1="115.468" y1="690.727" x2="127.397" y2="794.582" gradientUnits="userSpaceOnUse">
<stop stop-color="#707070"/>
<stop offset="0.322613" stop-color="#707070" stop-opacity="0"/>
<stop offset="0.724756" stop-color="#707070" stop-opacity="0"/>
<stop offset="1" stop-color="#707070"/>
</linearGradient>
<linearGradient id="paint18_linear_5194_3492" x1="554" y1="739" x2="554" y2="723" gradientUnits="userSpaceOnUse">
<stop stop-color="#333333"/>
<stop offset="1" stop-color="#191919"/>
</linearGradient>
<linearGradient id="paint19_linear_5194_3492" x1="538" y1="739" x2="538" y2="723" gradientUnits="userSpaceOnUse">
<stop stop-color="#333333"/>
<stop offset="1" stop-color="#191919"/>
</linearGradient>
<linearGradient id="paint20_linear_5194_3492" x1="115.468" y1="773.338" x2="124.262" y2="862.664" gradientUnits="userSpaceOnUse">
<stop stop-color="#707070"/>
<stop offset="0.322613" stop-color="#707070" stop-opacity="0"/>
<stop offset="0.724756" stop-color="#707070" stop-opacity="0"/>
<stop offset="1" stop-color="#707070"/>
</linearGradient>
<linearGradient id="paint21_linear_5194_3492" x1="585" y1="57.6248" x2="613.581" y2="63.5912" gradientUnits="userSpaceOnUse">
<stop stop-color="#22222A"/>
<stop offset="1" stop-color="#2A2D34"/>
</linearGradient>
<radialGradient id="paint22_radial_5194_3492" cx="0" cy="0" r="1" gradientUnits="userSpaceOnUse" gradientTransform="translate(599 58) rotate(90) scale(8 15.8314)">
<stop offset="0.166446" stop-color="#3B3B3B"/>
<stop offset="0.902612" stop-color="#222222"/>
<stop offset="1" stop-color="#222222"/>
</radialGradient>
<radialGradient id="paint23_radial_5194_3492" cx="0" cy="0" r="1" gradientUnits="userSpaceOnUse" gradientTransform="translate(599 58) rotate(90) scale(5.27273 16.3597)">
<stop stop-color="#6D6D6D"/>
<stop offset="0.643872" stop-color="#6D6D6D" stop-opacity="0.2"/>
<stop offset="1" stop-color="#6D6D6D" stop-opacity="0"/>
</radialGradient>
<linearGradient id="paint24_linear_5194_3492" x1="594.5" y1="55" x2="594.5" y2="69" gradientUnits="userSpaceOnUse">
<stop stop-color="#9A9A9A"/>
<stop offset="1" stop-color="#242424"/>
</linearGradient>
<radialGradient id="paint25_radial_5194_3492" cx="0" cy="0" r="1" gradientTransform="matrix(0.659836 5.39189 -12.6428 1.55809 596.857 63.6081)" gradientUnits="userSpaceOnUse">
<stop stop-color="#111217"/>
<stop offset="1" stop-color="#111217" stop-opacity="0"/>
</radialGradient>
<linearGradient id="paint26_linear_5194_3492" x1="584" y1="62" x2="594" y2="62" gradientUnits="userSpaceOnUse">
<stop stop-color="#2A2A2A"/>
<stop offset="1" stop-color="#3A3A3A"/>
</linearGradient>
<linearGradient id="paint27_linear_5194_3492" x1="586.038" y1="68" x2="592.206" y2="56.1267" gradientUnits="userSpaceOnUse">
<stop offset="0.581682" stop-color="#1A1A1A"/>
<stop offset="1" stop-color="#B2B2B2"/>
</linearGradient>
<linearGradient id="paint28_linear_5194_3492" x1="605" y1="62" x2="595" y2="62" gradientUnits="userSpaceOnUse">
<stop stop-color="#2C2C2C"/>
<stop offset="1" stop-color="#181818"/>
</linearGradient>
<linearGradient id="paint29_linear_5194_3492" x1="596.689" y1="68" x2="603.57" y2="56.1504" gradientUnits="userSpaceOnUse">
<stop stop-color="#171717"/>
<stop offset="1" stop-color="#515151"/>
</linearGradient>
<linearGradient id="paint30_linear_5194_3492" x1="626.936" y1="158.338" x2="644.649" y2="244.906" gradientUnits="userSpaceOnUse">
<stop stop-color="#707070"/>
<stop offset="0.322613" stop-color="#707070" stop-opacity="0"/>
<stop offset="0.724756" stop-color="#707070" stop-opacity="0"/>
<stop offset="1" stop-color="#707070"/>
</linearGradient>
<linearGradient id="paint31_linear_5194_3492" x1="676.468" y1="233.338" x2="685.262" y2="322.664" gradientUnits="userSpaceOnUse">
<stop stop-color="#707070"/>
<stop offset="0.322613" stop-color="#707070" stop-opacity="0"/>
<stop offset="0.724756" stop-color="#707070" stop-opacity="0"/>
<stop offset="1" stop-color="#707070"/>
</linearGradient>
</defs>
</svg>






/* Revised Block 7 */

box-sizing: border-box;

/* Auto layout */
display: flex;
flex-direction: row;
align-items: flex-start;
padding: 15px 5px 15px 20px;
gap: 11px;

position: relative;
width: 1132px;
height: 906px;
overflow-y: scroll;

background: #161616;
border: 1px solid #212121;
border-radius: 15px;


/* Содержимое */

/* Auto layout */
display: flex;
flex-direction: column;
align-items: flex-start;
padding: 0px;
gap: 20px;

width: 1092px;
height: 876px;
overflow-y: scroll;


/* Inside auto layout */
flex: none;
order: 0;
flex-grow: 1;


/* Общий заголовок */

/* Auto layout */
display: flex;
flex-direction: column;
align-items: flex-start;
padding: 0px;
gap: 20px;

width: 1092px;
height: 18px;


/* Inside auto layout */
flex: none;
order: 0;
align-self: stretch;
flex-grow: 0;


/* Нумерация и описание */

width: 213px;
height: 18px;

font-family: 'IBM Plex Mono';
font-style: normal;
font-weight: 400;
font-size: 14px;
line-height: 18px;
letter-spacing: 0.1em;
text-transform: uppercase;

color: #707070;


/* Inside auto layout */
flex: none;
order: 0;
flex-grow: 0;


/* Ну мерация и описание */

/* Auto layout */
display: flex;
flex-direction: row;
align-items: flex-start;
padding: 0px;
gap: 15px;

width: 1092px;
height: 838px;


/* Inside auto layout */
flex: none;
order: 1;
align-self: stretch;
flex-grow: 0;


/* Нумерация */

/* Auto layout */
display: flex;
flex-direction: column;
align-items: flex-start;
padding: 0px;
gap: 30px;

width: 531px;
height: 838px;


/* Inside auto layout */
flex: none;
order: 0;
flex-grow: 1;


/* 1 контейнер */

/* Auto layout */
display: flex;
flex-direction: column;
align-items: flex-start;
padding: 0px;
gap: 20px;

width: 531px;
height: 382px;


/* Inside auto layout */
flex: none;
order: 0;
align-self: stretch;
flex-grow: 0;


/* Тумблер нумерации */

/* Auto layout */
display: flex;
flex-direction: row;
align-items: center;
padding: 0px;
gap: 8px;

width: 531px;
height: 18px;


/* Inside auto layout */
flex: none;
order: 0;
align-self: stretch;
flex-grow: 0;


/* Тумблер */

/* Auto layout */
display: flex;
flex-direction: row;
align-items: center;
padding: 0px;
gap: 8px;

width: 219px;
height: 18px;


/* Inside auto layout */
flex: none;
order: 0;
flex-grow: 0;


/* Switch */

width: 36px;
height: 18px;


/* Inside auto layout */
flex: none;
order: 0;
flex-grow: 0;


/* outer shell */

position: absolute;
left: 0%;
right: 0%;
top: 0%;
bottom: 0%;

background: #292929;
box-shadow: inset 0.6px 0.8px 1.2px #0B0C10, inset -0.4px -0.6px 1px rgba(133, 133, 133, 0.8);
border-radius: 9.2px;


/* inner shadow */

box-sizing: border-box;

position: absolute;
left: 11.11%;
right: 11.11%;
top: 22.22%;
bottom: 22.22%;

background: #070709;
border-radius: 5.4px;


/* inner lining */

position: absolute;
left: 13.89%;
right: 13.89%;
top: 27.78%;
bottom: 27.78%;

background: radial-gradient(62.92% 65.91% at 50% 0%, #6D6D6D 0%, rgba(109, 109, 109, 0.2) 64.39%, rgba(109, 109, 109, 0) 100%), radial-gradient(60.89% 100% at 50% 0%, #3B3B3B 16.64%, #222222 90.26%, #222222 100%);
box-shadow: inset 0px -0.8px 0.8px #06050A;
border-radius: 5.4px;


/* container */

/* Auto layout */
display: flex;
flex-direction: row;
align-items: center;
padding: 1px;
gap: 1px;

position: absolute;
left: 5.56%;
right: 30.56%;
top: 11.11%;
bottom: 11.11%;

background: radial-gradient(54.97% 38.51% at 60.25% 61.49%, #111217 0%, rgba(17, 18, 23, 0) 100%) /* warning: gradient uses a rotation that is not supported by CSS and may not behave as expected */, linear-gradient(180deg, #9A9A9A 0%, #242424 100%);
box-shadow: inset 0px 0.6px 0.8px rgba(49, 53, 65, 0.6);
border-radius: 20px;


/* Left elipse */

box-sizing: border-box;

width: 10px;
height: 12px;

background: linear-gradient(90deg, #2A2A2A 0%, #3A3A3A 100%);

/* Inside auto layout */
flex: none;
order: 0;
flex-grow: 0;


/* Right elipse */

box-sizing: border-box;

width: 10px;
height: 12px;

background: linear-gradient(270deg, #2C2C2C 0%, #181818 100%);

/* Inside auto layout */
flex: none;
order: 1;
flex-grow: 0;


/* Использовать нумерацию */

width: 175px;
height: 16px;

font-family: 'Manrope';
font-style: normal;
font-weight: 400;
font-size: 12px;
line-height: 16px;
letter-spacing: 0.1em;

color: #B4B4B4;


/* Inside auto layout */
flex: none;
order: 1;
flex-grow: 0;


/* Info */

box-sizing: border-box;

/* Auto layout */
display: flex;
flex-direction: row;
justify-content: center;
align-items: center;
padding: 10px;
gap: 10px;

width: 15px;
height: 15px;

border: 1px solid #707070;
border-radius: 100px;

/* Inside auto layout */
flex: none;
order: 1;
flex-grow: 0;


/* Vector */

width: 3.91px;
height: 8px;

background: #707070;

/* Inside auto layout */
flex: none;
order: 0;
flex-grow: 0;


/* Разделитель */

width: 531px;
height: 0px;

border: 1px dashed #212121;

/* Inside auto layout */
flex: none;
order: 1;
align-self: stretch;
flex-grow: 0;


/* контейнер первого числа */

/* Auto layout */
display: flex;
flex-direction: column;
align-items: flex-start;
padding: 0px;
gap: 15px;

width: 531px;
height: 324px;


/* Inside auto layout */
flex: none;
order: 2;
align-self: stretch;
flex-grow: 0;


/* Заголовок - первое число */

width: 117px;
height: 18px;

font-family: 'IBM Plex Mono';
font-style: normal;
font-weight: 400;
font-size: 14px;
line-height: 18px;
letter-spacing: 0.1em;
text-transform: uppercase;

color: #707070;


/* Inside auto layout */
flex: none;
order: 0;
flex-grow: 0;


/* Настройки нумерации */

/* Auto layout */
display: flex;
flex-direction: row;
align-items: flex-start;
padding: 0px;
gap: 15px;

width: 531px;
height: 60px;


/* Inside auto layout */
flex: none;
order: 1;
align-self: stretch;
flex-grow: 0;


/* 1 Пункт */

/* Auto layout */
display: flex;
flex-direction: column;
align-items: flex-start;
padding: 0px;
gap: 8px;

width: 258px;
height: 60px;


/* Inside auto layout */
flex: none;
order: 0;
flex-grow: 1;


/* Добавлять в: */

width: 100px;
height: 16px;

font-family: 'IBM Plex Mono';
font-style: normal;
font-weight: 400;
font-size: 12px;
line-height: 16px;
/* identical to box height */
letter-spacing: 0.1em;

color: #B4B4B4;


/* Inside auto layout */
flex: none;
order: 0;
flex-grow: 0;


/* input field */

box-sizing: border-box;

/* Auto layout */
display: flex;
flex-direction: row;
justify-content: space-between;
align-items: center;
padding: 10px;
gap: 8px;

width: 258px;
height: 36px;

background: rgba(38, 38, 38, 0.2);
border-radius: 10px;

/* Inside auto layout */
flex: none;
order: 1;
align-self: stretch;
flex-grow: 0;


/* Frame 1745 */

/* Auto layout */
display: flex;
flex-direction: row;
align-items: center;
padding: 0px;
gap: 8px;

margin: 0 auto;
width: 228px;
height: 16px;


/* Inside auto layout */
flex: none;
order: 0;
flex-grow: 1;


/* @ */

display: none;
width: 14px;
height: 14px;

background: rgba(112, 112, 112, 0.4);

/* Inside auto layout */
flex: none;
order: 0;
flex-grow: 0;


/* Rellese26 */

width: 65px;
height: 16px;

font-family: 'Manrope';
font-style: normal;
font-weight: 400;
font-size: 12px;
line-height: 16px;
letter-spacing: 0.1em;

color: #707070;


/* Inside auto layout */
flex: none;
order: 1;
flex-grow: 0;


/* Vector 2 */

margin: 0 auto;
width: 10px;
height: 5px;

border: 1px solid #707070;

/* Inside auto layout */
flex: none;
order: 1;
flex-grow: 0;


/* 2 пункт */

/* Auto layout */
display: flex;
flex-direction: column;
align-items: flex-start;
padding: 0px;
gap: 18px;

width: 258px;
height: 60px;


/* Inside auto layout */
flex: none;
order: 1;
align-self: stretch;
flex-grow: 1;


/* Нумерация */

width: 75px;
height: 16px;

font-family: 'IBM Plex Mono';
font-style: normal;
font-weight: 400;
font-size: 12px;
line-height: 16px;
/* identical to box height */
letter-spacing: 0.1em;

color: #B4B4B4;


/* Inside auto layout */
flex: none;
order: 0;
flex-grow: 0;


/* Radio button'ы  */

/* Auto layout */
display: flex;
flex-direction: row;
align-items: flex-start;
padding: 0px;
gap: 25px;

width: 258px;
height: 16px;


/* Inside auto layout */
flex: none;
order: 1;
align-self: stretch;
flex-grow: 0;


/* С начала */

/* Auto layout */
display: flex;
flex-direction: row;
align-items: center;
padding: 0px;
gap: 8px;

width: 80px;
height: 16px;


/* Inside auto layout */
flex: none;
order: 0;
flex-grow: 0;


/* Radio button */

box-sizing: border-box;

/* Auto layout */
display: flex;
flex-direction: row;
justify-content: center;
align-items: center;
padding: 10px;
gap: 10px;

width: 12px;
height: 12px;

background: rgba(112, 112, 112, 0.3);
border-radius: 100px;

/* Inside auto layout */
flex: none;
order: 0;
flex-grow: 0;


/* Ellipse 7 */

width: 7px;
height: 7px;

background: #707070;
opacity: 0;

/* Inside auto layout */
flex: none;
order: 0;
flex-grow: 0;


/* С начала */

width: 60px;
height: 16px;

font-family: 'Manrope';
font-style: normal;
font-weight: 400;
font-size: 12px;
line-height: 16px;
letter-spacing: 0.1em;

color: #B4B4B4;


/* Inside auto layout */
flex: none;
order: 1;
flex-grow: 0;


/* С конца */

/* Auto layout */
display: flex;
flex-direction: row;
align-items: center;
padding: 0px;
gap: 8px;

width: 73px;
height: 16px;


/* Inside auto layout */
flex: none;
order: 1;
flex-grow: 0;


/* Radio button */

box-sizing: border-box;

/* Auto layout */
display: flex;
flex-direction: row;
justify-content: center;
align-items: center;
padding: 10px;
gap: 10px;

width: 12px;
height: 12px;

background: rgba(112, 112, 112, 0.3);
border-radius: 100px;

/* Inside auto layout */
flex: none;
order: 0;
flex-grow: 0;


/* Ellipse 7 */

width: 7px;
height: 7px;

background: #707070;
opacity: 0;

/* Inside auto layout */
flex: none;
order: 0;
flex-grow: 0;


/* С конца */

width: 53px;
height: 16px;

font-family: 'Manrope';
font-style: normal;
font-weight: 400;
font-size: 12px;
line-height: 16px;
letter-spacing: 0.1em;

color: #B4B4B4;


/* Inside auto layout */
flex: none;
order: 1;
flex-grow: 0;


/* 2 Настройка */

/* Auto layout */
display: flex;
flex-direction: column;
align-items: flex-start;
padding: 0px;
gap: 8px;

width: 531px;
height: 60px;


/* Inside auto layout */
flex: none;
order: 2;
align-self: stretch;
flex-grow: 0;


/* Тип нумерации: */

width: 117px;
height: 16px;

font-family: 'IBM Plex Mono';
font-style: normal;
font-weight: 400;
font-size: 12px;
line-height: 16px;
/* identical to box height */
letter-spacing: 0.1em;

color: #B4B4B4;


/* Inside auto layout */
flex: none;
order: 0;
flex-grow: 0;


/* input field */

box-sizing: border-box;

/* Auto layout */
display: flex;
flex-direction: row;
justify-content: space-between;
align-items: center;
padding: 10px;
gap: 8px;

width: 531px;
height: 36px;

background: rgba(38, 38, 38, 0.2);
border-radius: 10px;

/* Inside auto layout */
flex: none;
order: 1;
align-self: stretch;
flex-grow: 0;


/* Frame 1745 */

/* Auto layout */
display: flex;
flex-direction: row;
align-items: center;
padding: 0px;
gap: 8px;

margin: 0 auto;
width: 501px;
height: 16px;


/* Inside auto layout */
flex: none;
order: 0;
flex-grow: 1;


/* @ */

display: none;
width: 14px;
height: 14px;

background: rgba(112, 112, 112, 0.4);

/* Inside auto layout */
flex: none;
order: 0;
flex-grow: 0;


/* Rellese26 */

width: 173px;
height: 16px;

font-family: 'Manrope';
font-style: normal;
font-weight: 400;
font-size: 12px;
line-height: 16px;
letter-spacing: 0.1em;

color: #707070;


/* Inside auto layout */
flex: none;
order: 1;
flex-grow: 0;


/* Vector 2 */

margin: 0 auto;
width: 10px;
height: 5px;

border: 1px solid #707070;

/* Inside auto layout */
flex: none;
order: 1;
flex-grow: 0;


/* 3 Настройка */

/* Auto layout */
display: flex;
flex-direction: column;
align-items: flex-start;
padding: 0px;
gap: 8px;

width: 531px;
height: 66px;


/* Inside auto layout */
flex: none;
order: 3;
align-self: stretch;
flex-grow: 0;


/* Начальная цифра нумерации: */

width: 218px;
height: 16px;

font-family: 'IBM Plex Mono';
font-style: normal;
font-weight: 400;
font-size: 12px;
line-height: 16px;
/* identical to box height */
letter-spacing: 0.1em;

color: #B4B4B4;


/* Inside auto layout */
flex: none;
order: 0;
flex-grow: 0;


/* Spinner */

box-sizing: border-box;

/* Auto layout */
display: flex;
flex-direction: row;
align-items: center;
padding: 5px 5px 5px 10px;
gap: 10px;

width: 531px;
height: 42px;

background: rgba(38, 38, 38, 0.2);
border-radius: 10px;

/* Inside auto layout */
flex: none;
order: 1;
align-self: stretch;
flex-grow: 0;


/* Field */

/* Auto layout */
display: flex;
flex-direction: row;
align-items: center;
padding: 0px 15px;
gap: 8px;

width: 490px;
height: 18px;


/* Inside auto layout */
flex: none;
order: 0;
flex-grow: 1;


/* 35 */

width: 9px;
height: 18px;

font-family: 'IBM Plex Mono';
font-style: normal;
font-weight: 400;
font-size: 14px;
line-height: 18px;
letter-spacing: 0.1em;

color: #707070;


/* Inside auto layout */
flex: none;
order: 0;
flex-grow: 0;


/* Stepper */

/* Auto layout */
display: flex;
flex-direction: column;
justify-content: space-between;
align-items: flex-start;
padding: 0px;
gap: 4px;

width: 16px;
height: 32px;


/* Inside auto layout */
flex: none;
order: 1;
align-self: stretch;
flex-grow: 0;


/* Stepper */

box-sizing: border-box;

/* Auto layout */
display: flex;
flex-direction: column;
justify-content: center;
align-items: center;
padding: 10px;
gap: 10px;

margin: 0 auto;
width: 16px;
height: 16px;

background: linear-gradient(0deg, #333333 0%, #191919 100%);
border-radius: 5px;
transform: rotate(-180deg);

/* Inside auto layout */
flex: none;
order: 0;
flex-grow: 0;


/* Icon */

width: 5px;
height: 2.5px;

border: 1px solid #707070;
transform: rotate(-180deg);

/* Inside auto layout */
flex: none;
order: 0;
flex-grow: 0;


/* Stepper */

box-sizing: border-box;

/* Auto layout */
display: flex;
flex-direction: column;
justify-content: center;
align-items: center;
padding: 10px;
gap: 10px;

margin: 0 auto;
width: 16px;
height: 16px;

background: linear-gradient(0deg, #333333 0%, #191919 100%);
border-radius: 5px;

/* Inside auto layout */
flex: none;
order: 1;
flex-grow: 0;


/* Icon */

width: 5px;
height: 2.5px;

border: 1px solid #707070;

/* Inside auto layout */
flex: none;
order: 0;
flex-grow: 0;


/* 4 Настройка */

/* Auto layout */
display: flex;
flex-direction: column;
align-items: flex-start;
padding: 0px;
gap: 8px;

width: 531px;
height: 60px;


/* Inside auto layout */
flex: none;
order: 4;
align-self: stretch;
flex-grow: 0;


/* Текст перед номером: */

width: 167px;
height: 16px;

font-family: 'IBM Plex Mono';
font-style: normal;
font-weight: 400;
font-size: 12px;
line-height: 16px;
/* identical to box height */
letter-spacing: 0.1em;

color: #B4B4B4;


/* Inside auto layout */
flex: none;
order: 0;
flex-grow: 0;


/* input field */

box-sizing: border-box;

/* Auto layout */
display: flex;
flex-direction: row;
justify-content: space-between;
align-items: center;
padding: 10px;
gap: 8px;

width: 531px;
height: 36px;

background: rgba(38, 38, 38, 0.2);
border-radius: 10px;

/* Inside auto layout */
flex: none;
order: 1;
align-self: stretch;
flex-grow: 0;


/* Frame 1745 */

/* Auto layout */
display: flex;
flex-direction: row;
align-items: center;
padding: 0px;
gap: 8px;

margin: 0 auto;
width: 511px;
height: 16px;


/* Inside auto layout */
flex: none;
order: 0;
flex-grow: 1;


/* @ */

display: none;
width: 14px;
height: 14px;

background: rgba(112, 112, 112, 0.4);

/* Inside auto layout */
flex: none;
order: 0;
flex-grow: 0;


/* Rellese26 */

width: 111px;
height: 16px;

font-family: 'Manrope';
font-style: normal;
font-weight: 400;
font-size: 12px;
line-height: 16px;
letter-spacing: 0.1em;

color: #707070;


/* Inside auto layout */
flex: none;
order: 1;
flex-grow: 0;


/* Vector 2 */

margin: 0 auto;
display: none;
width: 10px;
height: 5px;

border: 1px solid #707070;

/* Inside auto layout */
flex: none;
order: 1;
flex-grow: 0;


/* Разделитель */

width: 531px;
height: 0px;

border: 1px dashed #212121;

/* Inside auto layout */
flex: none;
order: 1;
align-self: stretch;
flex-grow: 0;


/* контейнер второго числа */

/* Auto layout */
display: flex;
flex-direction: column;
align-items: flex-start;
padding: 0px;
gap: 15px;

width: 531px;
height: 324px;


/* Inside auto layout */
flex: none;
order: 2;
align-self: stretch;
flex-grow: 0;


/* Заголовок - первое число */

width: 117px;
height: 18px;

font-family: 'IBM Plex Mono';
font-style: normal;
font-weight: 400;
font-size: 14px;
line-height: 18px;
letter-spacing: 0.1em;
text-transform: uppercase;

color: #707070;


/* Inside auto layout */
flex: none;
order: 0;
flex-grow: 0;


/* Настройки нумерации */

/* Auto layout */
display: flex;
flex-direction: row;
align-items: flex-start;
padding: 0px;
gap: 15px;

width: 531px;
height: 60px;


/* Inside auto layout */
flex: none;
order: 1;
align-self: stretch;
flex-grow: 0;


/* 1 Пункт */

/* Auto layout */
display: flex;
flex-direction: column;
align-items: flex-start;
padding: 0px;
gap: 8px;

width: 258px;
height: 60px;


/* Inside auto layout */
flex: none;
order: 0;
flex-grow: 1;


/* Добавлять в: */

width: 100px;
height: 16px;

font-family: 'IBM Plex Mono';
font-style: normal;
font-weight: 400;
font-size: 12px;
line-height: 16px;
/* identical to box height */
letter-spacing: 0.1em;

color: #B4B4B4;


/* Inside auto layout */
flex: none;
order: 0;
flex-grow: 0;


/* input field */

box-sizing: border-box;

/* Auto layout */
display: flex;
flex-direction: row;
justify-content: space-between;
align-items: center;
padding: 10px;
gap: 8px;

width: 258px;
height: 36px;

background: rgba(38, 38, 38, 0.2);
border-radius: 10px;

/* Inside auto layout */
flex: none;
order: 1;
align-self: stretch;
flex-grow: 0;


/* Frame 1745 */

/* Auto layout */
display: flex;
flex-direction: row;
align-items: center;
padding: 0px;
gap: 8px;

margin: 0 auto;
width: 228px;
height: 16px;


/* Inside auto layout */
flex: none;
order: 0;
flex-grow: 1;


/* @ */

display: none;
width: 14px;
height: 14px;

background: rgba(112, 112, 112, 0.4);

/* Inside auto layout */
flex: none;
order: 0;
flex-grow: 0;


/* Rellese26 */

width: 65px;
height: 16px;

font-family: 'Manrope';
font-style: normal;
font-weight: 400;
font-size: 12px;
line-height: 16px;
letter-spacing: 0.1em;

color: #707070;


/* Inside auto layout */
flex: none;
order: 1;
flex-grow: 0;


/* Vector 2 */

margin: 0 auto;
width: 10px;
height: 5px;

border: 1px solid #707070;

/* Inside auto layout */
flex: none;
order: 1;
flex-grow: 0;


/* 2 пункт */

/* Auto layout */
display: flex;
flex-direction: column;
align-items: flex-start;
padding: 0px;
gap: 18px;

width: 258px;
height: 60px;


/* Inside auto layout */
flex: none;
order: 1;
align-self: stretch;
flex-grow: 1;


/* Нумерация */

width: 75px;
height: 16px;

font-family: 'IBM Plex Mono';
font-style: normal;
font-weight: 400;
font-size: 12px;
line-height: 16px;
/* identical to box height */
letter-spacing: 0.1em;

color: #B4B4B4;


/* Inside auto layout */
flex: none;
order: 0;
flex-grow: 0;


/* Radio button'ы  */

/* Auto layout */
display: flex;
flex-direction: row;
align-items: flex-start;
padding: 0px;
gap: 25px;

width: 258px;
height: 16px;


/* Inside auto layout */
flex: none;
order: 1;
align-self: stretch;
flex-grow: 0;


/* С начала */

/* Auto layout */
display: flex;
flex-direction: row;
align-items: center;
padding: 0px;
gap: 8px;

width: 80px;
height: 16px;


/* Inside auto layout */
flex: none;
order: 0;
flex-grow: 0;


/* Radio button */

box-sizing: border-box;

/* Auto layout */
display: flex;
flex-direction: row;
justify-content: center;
align-items: center;
padding: 10px;
gap: 10px;

width: 12px;
height: 12px;

background: rgba(112, 112, 112, 0.3);
border-radius: 100px;

/* Inside auto layout */
flex: none;
order: 0;
flex-grow: 0;


/* Ellipse 7 */

width: 7px;
height: 7px;

background: #707070;
opacity: 0;

/* Inside auto layout */
flex: none;
order: 0;
flex-grow: 0;


/* С начала */

width: 60px;
height: 16px;

font-family: 'Manrope';
font-style: normal;
font-weight: 400;
font-size: 12px;
line-height: 16px;
letter-spacing: 0.1em;

color: #B4B4B4;


/* Inside auto layout */
flex: none;
order: 1;
flex-grow: 0;


/* С конца */

/* Auto layout */
display: flex;
flex-direction: row;
align-items: center;
padding: 0px;
gap: 8px;

width: 73px;
height: 16px;


/* Inside auto layout */
flex: none;
order: 1;
flex-grow: 0;


/* Radio button */

box-sizing: border-box;

/* Auto layout */
display: flex;
flex-direction: row;
justify-content: center;
align-items: center;
padding: 10px;
gap: 10px;

width: 12px;
height: 12px;

background: rgba(112, 112, 112, 0.3);
border-radius: 100px;

/* Inside auto layout */
flex: none;
order: 0;
flex-grow: 0;


/* Ellipse 7 */

width: 7px;
height: 7px;

background: #707070;
opacity: 0;

/* Inside auto layout */
flex: none;
order: 0;
flex-grow: 0;


/* С конца */

width: 53px;
height: 16px;

font-family: 'Manrope';
font-style: normal;
font-weight: 400;
font-size: 12px;
line-height: 16px;
letter-spacing: 0.1em;

color: #B4B4B4;


/* Inside auto layout */
flex: none;
order: 1;
flex-grow: 0;


/* 2 Настройка */

/* Auto layout */
display: flex;
flex-direction: column;
align-items: flex-start;
padding: 0px;
gap: 8px;

width: 531px;
height: 60px;


/* Inside auto layout */
flex: none;
order: 2;
align-self: stretch;
flex-grow: 0;


/* Тип нумерации: */

width: 117px;
height: 16px;

font-family: 'IBM Plex Mono';
font-style: normal;
font-weight: 400;
font-size: 12px;
line-height: 16px;
/* identical to box height */
letter-spacing: 0.1em;

color: #B4B4B4;


/* Inside auto layout */
flex: none;
order: 0;
flex-grow: 0;


/* input field */

box-sizing: border-box;

/* Auto layout */
display: flex;
flex-direction: row;
justify-content: space-between;
align-items: center;
padding: 10px;
gap: 8px;

width: 531px;
height: 36px;

background: rgba(38, 38, 38, 0.2);
border-radius: 10px;

/* Inside auto layout */
flex: none;
order: 1;
align-self: stretch;
flex-grow: 0;


/* Frame 1745 */

/* Auto layout */
display: flex;
flex-direction: row;
align-items: center;
padding: 0px;
gap: 8px;

margin: 0 auto;
width: 501px;
height: 16px;


/* Inside auto layout */
flex: none;
order: 0;
flex-grow: 1;


/* @ */

display: none;
width: 14px;
height: 14px;

background: rgba(112, 112, 112, 0.4);

/* Inside auto layout */
flex: none;
order: 0;
flex-grow: 0;


/* Rellese26 */

width: 173px;
height: 16px;

font-family: 'Manrope';
font-style: normal;
font-weight: 400;
font-size: 12px;
line-height: 16px;
letter-spacing: 0.1em;

color: #707070;


/* Inside auto layout */
flex: none;
order: 1;
flex-grow: 0;


/* Vector 2 */

margin: 0 auto;
width: 10px;
height: 5px;

border: 1px solid #707070;

/* Inside auto layout */
flex: none;
order: 1;
flex-grow: 0;


/* 3 Настройка */

/* Auto layout */
display: flex;
flex-direction: column;
align-items: flex-start;
padding: 0px;
gap: 8px;

width: 531px;
height: 66px;


/* Inside auto layout */
flex: none;
order: 3;
align-self: stretch;
flex-grow: 0;


/* Начальная цифра нумерации: */

width: 218px;
height: 16px;

font-family: 'IBM Plex Mono';
font-style: normal;
font-weight: 400;
font-size: 12px;
line-height: 16px;
/* identical to box height */
letter-spacing: 0.1em;

color: #B4B4B4;


/* Inside auto layout */
flex: none;
order: 0;
flex-grow: 0;


/* Spinner */

box-sizing: border-box;

/* Auto layout */
display: flex;
flex-direction: row;
align-items: center;
padding: 5px 5px 5px 10px;
gap: 10px;

width: 531px;
height: 42px;

background: rgba(38, 38, 38, 0.2);
border-radius: 10px;

/* Inside auto layout */
flex: none;
order: 1;
align-self: stretch;
flex-grow: 0;


/* Field */

/* Auto layout */
display: flex;
flex-direction: row;
align-items: center;
padding: 0px 15px;
gap: 8px;

width: 490px;
height: 18px;


/* Inside auto layout */
flex: none;
order: 0;
flex-grow: 1;


/* 35 */

width: 9px;
height: 18px;

font-family: 'IBM Plex Mono';
font-style: normal;
font-weight: 400;
font-size: 14px;
line-height: 18px;
letter-spacing: 0.1em;

color: #707070;


/* Inside auto layout */
flex: none;
order: 0;
flex-grow: 0;


/* Stepper */

/* Auto layout */
display: flex;
flex-direction: column;
justify-content: space-between;
align-items: flex-start;
padding: 0px;
gap: 4px;

width: 16px;
height: 32px;


/* Inside auto layout */
flex: none;
order: 1;
align-self: stretch;
flex-grow: 0;


/* Stepper */

box-sizing: border-box;

/* Auto layout */
display: flex;
flex-direction: column;
justify-content: center;
align-items: center;
padding: 10px;
gap: 10px;

margin: 0 auto;
width: 16px;
height: 16px;

background: linear-gradient(0deg, #333333 0%, #191919 100%);
border-radius: 5px;
transform: rotate(-180deg);

/* Inside auto layout */
flex: none;
order: 0;
flex-grow: 0;


/* Icon */

width: 5px;
height: 2.5px;

border: 1px solid #707070;
transform: rotate(-180deg);

/* Inside auto layout */
flex: none;
order: 0;
flex-grow: 0;


/* Stepper */

box-sizing: border-box;

/* Auto layout */
display: flex;
flex-direction: column;
justify-content: center;
align-items: center;
padding: 10px;
gap: 10px;

margin: 0 auto;
width: 16px;
height: 16px;

background: linear-gradient(0deg, #333333 0%, #191919 100%);
border-radius: 5px;

/* Inside auto layout */
flex: none;
order: 1;
flex-grow: 0;


/* Icon */

width: 5px;
height: 2.5px;

border: 1px solid #707070;

/* Inside auto layout */
flex: none;
order: 0;
flex-grow: 0;


/* 4 Настройка */

/* Auto layout */
display: flex;
flex-direction: column;
align-items: flex-start;
padding: 0px;
gap: 8px;

width: 531px;
height: 60px;


/* Inside auto layout */
flex: none;
order: 4;
align-self: stretch;
flex-grow: 0;


/* Текст перед номером: */

width: 167px;
height: 16px;

font-family: 'IBM Plex Mono';
font-style: normal;
font-weight: 400;
font-size: 12px;
line-height: 16px;
/* identical to box height */
letter-spacing: 0.1em;

color: #B4B4B4;


/* Inside auto layout */
flex: none;
order: 0;
flex-grow: 0;


/* input field */

box-sizing: border-box;

/* Auto layout */
display: flex;
flex-direction: row;
justify-content: space-between;
align-items: center;
padding: 10px;
gap: 8px;

width: 531px;
height: 36px;

background: rgba(38, 38, 38, 0.2);
border-radius: 10px;

/* Inside auto layout */
flex: none;
order: 1;
align-self: stretch;
flex-grow: 0;


/* Frame 1745 */

/* Auto layout */
display: flex;
flex-direction: row;
align-items: center;
padding: 0px;
gap: 8px;

margin: 0 auto;
width: 511px;
height: 16px;


/* Inside auto layout */
flex: none;
order: 0;
flex-grow: 1;


/* @ */

display: none;
width: 14px;
height: 14px;

background: rgba(112, 112, 112, 0.4);

/* Inside auto layout */
flex: none;
order: 0;
flex-grow: 0;


/* Rellese26 */

width: 111px;
height: 16px;

font-family: 'Manrope';
font-style: normal;
font-weight: 400;
font-size: 12px;
line-height: 16px;
letter-spacing: 0.1em;

color: #707070;


/* Inside auto layout */
flex: none;
order: 1;
flex-grow: 0;


/* Vector 2 */

margin: 0 auto;
display: none;
width: 10px;
height: 5px;

border: 1px solid #707070;

/* Inside auto layout */
flex: none;
order: 1;
flex-grow: 0;


/* Второстепеная кнопка */

box-sizing: border-box;

/* Auto layout */
display: flex;
flex-direction: row;
justify-content: center;
align-items: center;
padding: 7px 15px;
gap: 10px;

width: 531px;
height: 42px;

border: 0.5px solid #434343;
border-radius: 100px;

/* Inside auto layout */
flex: none;
order: 3;
align-self: stretch;
flex-grow: 0;


/* Очистить список */

width: 184px;
height: 16px;

font-family: 'IBM Plex Mono';
font-style: normal;
font-weight: 500;
font-size: 12px;
line-height: 16px;
/* identical to box height */
letter-spacing: 0.1em;
text-transform: uppercase;

color: #434343;


/* Inside auto layout */
flex: none;
order: 0;
flex-grow: 0;


/* Разделитель */

width: 838px;
height: 0px;

border: 1px dashed #212121;
transform: rotate(90deg);

/* Inside auto layout */
flex: none;
order: 1;
align-self: stretch;
flex-grow: 0;


/* Описание */

/* Auto layout */
display: flex;
flex-direction: column;
align-items: flex-start;
padding: 0px;
gap: 30px;

width: 531px;
height: 298px;


/* Inside auto layout */
flex: none;
order: 2;
flex-grow: 1;


/* 1 контейнер */

/* Auto layout */
display: flex;
flex-direction: column;
align-items: flex-start;
padding: 0px;
gap: 20px;

width: 531px;
height: 226px;


/* Inside auto layout */
flex: none;
order: 0;
align-self: stretch;
flex-grow: 0;


/* Тумблер описания */

/* Auto layout */
display: flex;
flex-direction: row;
align-items: center;
padding: 0px;
gap: 8px;

width: 531px;
height: 18px;


/* Inside auto layout */
flex: none;
order: 0;
align-self: stretch;
flex-grow: 0;


/* Тумбелр */

/* Auto layout */
display: flex;
flex-direction: row;
align-items: center;
padding: 0px;
gap: 8px;

width: 176px;
height: 18px;


/* Inside auto layout */
flex: none;
order: 0;
flex-grow: 0;


/* Switch */

width: 36px;
height: 18px;


/* Inside auto layout */
flex: none;
order: 0;
flex-grow: 0;


/* outer shell */

position: absolute;
left: 0%;
right: 0%;
top: 0%;
bottom: 0%;

background: #292929;
box-shadow: inset 0.6px 0.8px 1.2px #0B0C10, inset -0.4px -0.6px 1px rgba(133, 133, 133, 0.8);
border-radius: 9.2px;


/* inner shadow */

box-sizing: border-box;

position: absolute;
left: 11.11%;
right: 11.11%;
top: 22.22%;
bottom: 22.22%;

background: #070709;
border-radius: 5.4px;


/* inner lining */

position: absolute;
left: 13.89%;
right: 13.89%;
top: 27.78%;
bottom: 27.78%;

background: radial-gradient(62.92% 65.91% at 50% 0%, #6D6D6D 0%, rgba(109, 109, 109, 0.2) 64.39%, rgba(109, 109, 109, 0) 100%), radial-gradient(60.89% 100% at 50% 0%, #3B3B3B 16.64%, #222222 90.26%, #222222 100%);
box-shadow: inset 0px -0.8px 0.8px #06050A;
border-radius: 5.4px;


/* container */

/* Auto layout */
display: flex;
flex-direction: row;
align-items: center;
padding: 1px;
gap: 1px;

position: absolute;
left: 5.56%;
right: 30.56%;
top: 11.11%;
bottom: 11.11%;

background: radial-gradient(54.97% 38.51% at 60.25% 61.49%, #111217 0%, rgba(17, 18, 23, 0) 100%) /* warning: gradient uses a rotation that is not supported by CSS and may not behave as expected */, linear-gradient(180deg, #9A9A9A 0%, #242424 100%);
box-shadow: inset 0px 0.6px 0.8px rgba(49, 53, 65, 0.6);
border-radius: 20px;


/* Left elipse */

box-sizing: border-box;

width: 10px;
height: 12px;

background: linear-gradient(90deg, #2A2A2A 0%, #3A3A3A 100%);

/* Inside auto layout */
flex: none;
order: 0;
flex-grow: 0;


/* Right elipse */

box-sizing: border-box;

width: 10px;
height: 12px;

background: linear-gradient(270deg, #2C2C2C 0%, #181818 100%);

/* Inside auto layout */
flex: none;
order: 1;
flex-grow: 0;


/* Добавить описание */

width: 132px;
height: 16px;

font-family: 'Manrope';
font-style: normal;
font-weight: 400;
font-size: 12px;
line-height: 16px;
letter-spacing: 0.1em;

color: #B4B4B4;


/* Inside auto layout */
flex: none;
order: 1;
flex-grow: 0;


/* Info */

box-sizing: border-box;

/* Auto layout */
display: flex;
flex-direction: row;
justify-content: center;
align-items: center;
padding: 10px;
gap: 10px;

width: 15px;
height: 15px;

border: 1px solid #707070;
border-radius: 100px;

/* Inside auto layout */
flex: none;
order: 1;
flex-grow: 0;


/* Vector */

width: 3.91px;
height: 8px;

background: #707070;

/* Inside auto layout */
flex: none;
order: 0;
flex-grow: 0;


/* Разделитель */

width: 531px;
height: 0px;

border: 1px dashed #212121;

/* Inside auto layout */
flex: none;
order: 1;
align-self: stretch;
flex-grow: 0;


/* Контейнер первого описания */

/* Auto layout */
display: flex;
flex-direction: column;
align-items: flex-start;
padding: 0px;
gap: 15px;

width: 531px;
height: 168px;


/* Inside auto layout */
flex: none;
order: 2;
align-self: stretch;
flex-grow: 0;


/* Заголовок - первое описание */

width: 146px;
height: 18px;

font-family: 'IBM Plex Mono';
font-style: normal;
font-weight: 400;
font-size: 14px;
line-height: 18px;
letter-spacing: 0.1em;
text-transform: uppercase;

color: #707070;


/* Inside auto layout */
flex: none;
order: 0;
flex-grow: 0;


/* Настройки описания */

/* Auto layout */
display: flex;
flex-direction: row;
align-items: flex-start;
padding: 0px;
gap: 20px;

width: 531px;
height: 60px;


/* Inside auto layout */
flex: none;
order: 1;
align-self: stretch;
flex-grow: 0;


/* 1 пункт */

/* Auto layout */
display: flex;
flex-direction: column;
align-items: flex-start;
padding: 0px;
gap: 8px;

width: 255.5px;
height: 60px;


/* Inside auto layout */
flex: none;
order: 0;
flex-grow: 1;


/* Добавлять в: */

width: 100px;
height: 16px;

font-family: 'IBM Plex Mono';
font-style: normal;
font-weight: 400;
font-size: 12px;
line-height: 16px;
/* identical to box height */
letter-spacing: 0.1em;

color: #B4B4B4;


/* Inside auto layout */
flex: none;
order: 0;
flex-grow: 0;


/* input field */

box-sizing: border-box;

/* Auto layout */
display: flex;
flex-direction: row;
justify-content: space-between;
align-items: center;
padding: 10px;
gap: 8px;

width: 255.5px;
height: 36px;

background: rgba(38, 38, 38, 0.2);
border-radius: 10px;

/* Inside auto layout */
flex: none;
order: 1;
align-self: stretch;
flex-grow: 0;


/* Frame 1745 */

/* Auto layout */
display: flex;
flex-direction: row;
align-items: center;
padding: 0px;
gap: 8px;

margin: 0 auto;
width: 225.5px;
height: 16px;


/* Inside auto layout */
flex: none;
order: 0;
flex-grow: 1;


/* @ */

display: none;
width: 14px;
height: 14px;

background: rgba(112, 112, 112, 0.4);

/* Inside auto layout */
flex: none;
order: 0;
flex-grow: 0;


/* Rellese26 */

width: 65px;
height: 16px;

font-family: 'Manrope';
font-style: normal;
font-weight: 400;
font-size: 12px;
line-height: 16px;
letter-spacing: 0.1em;

color: #707070;


/* Inside auto layout */
flex: none;
order: 1;
flex-grow: 0;


/* Vector 2 */

margin: 0 auto;
width: 10px;
height: 5px;

border: 1px solid #707070;

/* Inside auto layout */
flex: none;
order: 1;
flex-grow: 0;


/* 2 пункт */

/* Auto layout */
display: flex;
flex-direction: column;
align-items: flex-start;
padding: 0px;
gap: 18px;

width: 255.5px;
height: 48px;


/* Inside auto layout */
flex: none;
order: 1;
flex-grow: 1;


/* Куда добавлять? */

width: 125px;
height: 16px;

font-family: 'IBM Plex Mono';
font-style: normal;
font-weight: 400;
font-size: 12px;
line-height: 16px;
/* identical to box height */
letter-spacing: 0.1em;

color: #B4B4B4;


/* Inside auto layout */
flex: none;
order: 0;
flex-grow: 0;


/* Radio button'ы  */

/* Auto layout */
display: flex;
flex-direction: row;
justify-content: space-between;
align-items: flex-start;
padding: 0px;
gap: 50px;

width: 255.5px;
height: 16px;


/* Inside auto layout */
flex: none;
order: 1;
align-self: stretch;
flex-grow: 0;


/* Начало списка */

/* Auto layout */
display: flex;
flex-direction: row;
align-items: center;
padding: 0px;
gap: 8px;

margin: 0 auto;
width: 119px;
height: 16px;


/* Inside auto layout */
flex: none;
order: 0;
flex-grow: 0;


/* Radio button */

box-sizing: border-box;

/* Auto layout */
display: flex;
flex-direction: row;
justify-content: center;
align-items: center;
padding: 10px;
gap: 10px;

width: 12px;
height: 12px;

background: rgba(112, 112, 112, 0.3);
border-radius: 100px;

/* Inside auto layout */
flex: none;
order: 0;
flex-grow: 0;


/* Ellipse 7 */

width: 7px;
height: 7px;

background: #707070;
opacity: 0;

/* Inside auto layout */
flex: none;
order: 0;
flex-grow: 0;


/* Начало списка */

width: 99px;
height: 16px;

font-family: 'Manrope';
font-style: normal;
font-weight: 400;
font-size: 12px;
line-height: 16px;
letter-spacing: 0.1em;

color: #B4B4B4;


/* Inside auto layout */
flex: none;
order: 1;
flex-grow: 0;


/* Конец списка */

/* Auto layout */
display: flex;
flex-direction: row;
align-items: center;
padding: 0px;
gap: 8px;

margin: 0 auto;
width: 111px;
height: 16px;


/* Inside auto layout */
flex: none;
order: 1;
flex-grow: 0;


/* Radio button */

box-sizing: border-box;

/* Auto layout */
display: flex;
flex-direction: row;
justify-content: center;
align-items: center;
padding: 10px;
gap: 10px;

width: 12px;
height: 12px;

background: rgba(112, 112, 112, 0.3);
border-radius: 100px;

/* Inside auto layout */
flex: none;
order: 0;
flex-grow: 0;


/* Ellipse 7 */

width: 7px;
height: 7px;

background: #707070;
opacity: 0;

/* Inside auto layout */
flex: none;
order: 0;
flex-grow: 0;


/* Конец списка */

width: 91px;
height: 16px;

font-family: 'Manrope';
font-style: normal;
font-weight: 400;
font-size: 12px;
line-height: 16px;
letter-spacing: 0.1em;

color: #B4B4B4;


/* Inside auto layout */
flex: none;
order: 1;
flex-grow: 0;


/* Само описание */

/* Auto layout */
display: flex;
flex-direction: column;
align-items: flex-start;
padding: 0px;
gap: 8px;

width: 531px;
height: 60px;


/* Inside auto layout */
flex: none;
order: 2;
align-self: stretch;
flex-grow: 0;


/* Дополнительное описание: */

width: 201px;
height: 16px;

font-family: 'IBM Plex Mono';
font-style: normal;
font-weight: 400;
font-size: 12px;
line-height: 16px;
/* identical to box height */
letter-spacing: 0.1em;

color: #B4B4B4;


/* Inside auto layout */
flex: none;
order: 0;
flex-grow: 0;


/* input field */

box-sizing: border-box;

/* Auto layout */
display: flex;
flex-direction: row;
justify-content: space-between;
align-items: center;
padding: 10px;
gap: 8px;

width: 531px;
height: 36px;

background: rgba(38, 38, 38, 0.2);
border-radius: 10px;

/* Inside auto layout */
flex: none;
order: 1;
align-self: stretch;
flex-grow: 0;


/* Frame 1745 */

/* Auto layout */
display: flex;
flex-direction: row;
align-items: center;
padding: 0px;
gap: 8px;

margin: 0 auto;
width: 511px;
height: 16px;


/* Inside auto layout */
flex: none;
order: 0;
flex-grow: 1;


/* @ */

display: none;
width: 14px;
height: 14px;

background: rgba(112, 112, 112, 0.4);

/* Inside auto layout */
flex: none;
order: 0;
flex-grow: 0;


/* Rellese26 */

width: 343px;
height: 16px;

font-family: 'Manrope';
font-style: normal;
font-weight: 400;
font-size: 12px;
line-height: 16px;
letter-spacing: 0.1em;

color: #707070;


/* Inside auto layout */
flex: none;
order: 1;
flex-grow: 0;


/* Vector 2 */

margin: 0 auto;
display: none;
width: 10px;
height: 5px;

border: 1px solid #707070;

/* Inside auto layout */
flex: none;
order: 1;
flex-grow: 0;


/* Второстепеная кнопка */

box-sizing: border-box;

/* Auto layout */
display: flex;
flex-direction: row;
justify-content: center;
align-items: center;
padding: 7px 15px;
gap: 10px;

width: 531px;
height: 42px;

border: 0.5px solid #434343;
border-radius: 100px;

/* Inside auto layout */
flex: none;
order: 1;
align-self: stretch;
flex-grow: 0;


/* Очистить список */

width: 192px;
height: 16px;

font-family: 'IBM Plex Mono';
font-style: normal;
font-weight: 500;
font-size: 12px;
line-height: 16px;
/* identical to box height */
letter-spacing: 0.1em;
text-transform: uppercase;

color: #434343;


/* Inside auto layout */
flex: none;
order: 0;
flex-grow: 0;


/* Скролл */

width: 4px;
height: 876px;


/* Inside auto layout */
flex: none;
order: 1;
align-self: stretch;
flex-grow: 0;


/* Общая полоска */

position: absolute;
width: 4px;
height: 876px;
left: 1123px;
top: 15px;

background: rgba(49, 49, 49, 0.3);
border-radius: 100px;


/* Сам скролл */

position: absolute;
width: 4px;
height: 770px;
left: 1123px;
top: 15px;

background: #313131;
border-radius: 100px;
